tag,status,category,post_count,alias_candidates,raw_variants,locations
(fate/stay_night),not_in_snapshot,,,[],"[""(Fate/stay_night)""]","[""작품 / 캐릭터 / Fate/stay night / 라이더 Rider "", ""작품 / 캐릭터 / Fate/stay night / 세이버 Saber ""]"
*_light_particle,placeholder_review,,,[],"[""*_light_particle""]","[""기본 / 연출 / 효과 / 반짝이는 입자 효과""]"
*_swirling_around_the_character,placeholder_review,,,[],"[""*_swirling_around_the_character""]","[""기본 / 연출 / 효과 / 캐릭터 주변을 휘몰아치는 효과""]"
00s-anime-aesthetic,not_in_snapshot,,,[],"[""00s-anime-aesthetic""]","[""기본 / 테마 / 연도 / 00년대""]"
10s-anime-aesthetic,not_in_snapshot,,,[],"[""10s-anime-aesthetic""]","[""기본 / 테마 / 연도 / 10년대""]"
11_line_abs,not_in_snapshot,,,[],"[""11_line_abs""]","[""체형 / 몸 / 모양 / 복근이 매끈하다""]"
1boy,snapshot_match,0,2129229,[],"[""1boy""]","[""인물 / 인원 / 남성 / 남성 1명 ""]"
1girl,snapshot_match,0,8406616,[],"[""1girl""]","[""인물 / 인원 / 여성 / 여성 1명""]"
1koma,snapshot_match,0,6545,[],"[""1koma""]","[""기본 / 연출 / 컷 / 1컷""]"
1other,snapshot_match,0,128887,[],"[""1other""]","[""인물 / 인원 / 숫자 / 1명""]"
20s-anime-aesthetic,not_in_snapshot,,,[],"[""20s-anime-aesthetic""]","[""기본 / 테마 / 연도 / 20년대""]"
2_roe2,not_in_snapshot,,,[],"[""2_Roe2""]","[""작품 / 캐릭터 / 로그 호라이즌 / 로에""]"
2boys,snapshot_match,0,467780,[],"[""2boys""]","[""인물 / 인원 / 남성 / 남성 2명""]"
2girls,snapshot_match,0,1437352,[],"[""2girls""]","[""인물 / 인원 / 여성 / 여성 2명""]"
2hugging_doable_by_two_or_more_characters,not_in_snapshot,,,[],"[""2Hugging_doable_by_two_or_more_characters""]","[""동작 1 / 몸 / 껴안다 / 2명 이상을 포옹하다""]"
2koma,snapshot_match,0,50310,[],"[""2koma""]","[""기본 / 연출 / 컷 / 2컷""]"
2others,snapshot_match,0,14811,[],"[""2others""]","[""인물 / 인원 / 숫자 / 2명""]"
2posture_of_at_least_two_characters,not_in_snapshot,,,[],"[""2Posture_of_at_least_two_characters""]","[""동작 1 / 몸 / 껴안다 / 2명 이상을 껴안다""]"
30s-anime-aesthetic,not_in_snapshot,,,[],"[""30s-anime-aesthetic""]","[""기본 / 테마 / 연도 / 30년대""]"
3boys,snapshot_match,0,105712,[],"[""3boys""]","[""인물 / 인원 / 남성 / 남성 3명""]"
3d_glasses,snapshot_match,0,524,[],"[""3d_glasses""]","[""장신구 / 얼굴 장식 / 안경 / 3D 안경""]"
3girls,snapshot_match,0,327770,[],"[""3girls""]","[""인물 / 인원 / 여성 / 여성 3명""]"
3koma,snapshot_match,0,27040,[],"[""3koma""]","[""기본 / 연출 / 컷 / 3컷""]"
3others,snapshot_match,0,4734,[],"[""3others""]","[""인물 / 인원 / 숫자 / 3명""]"
40s-anime-aesthetic,not_in_snapshot,,,[],"[""40s-anime-aesthetic""]","[""기본 / 테마 / 연도 / 40년대""]"
4boys,snapshot_match,0,47089,[],"[""4boys""]","[""인물 / 인원 / 남성 / 남성 4명""]"
4girls,snapshot_match,0,145566,[],"[""4girls""]","[""인물 / 인원 / 여성 / 여성 4명""]"
4koma,snapshot_match,0,117910,[],"[""4koma""]","[""기본 / 연출 / 컷 / 4컷""]"
4others,snapshot_match,0,2100,[],"[""4others""]","[""인물 / 인원 / 숫자 / 4명""]"
50s-anime-aesthetic,not_in_snapshot,,,[],"[""50s-anime-aesthetic""]","[""기본 / 테마 / 연도 / 50년대""]"
5_baby_5,not_in_snapshot,,,[],"[""5_Baby_5""]","[""작품 / 캐릭터 / 원피스 / 베이비""]"
5boys,snapshot_match,0,21384,[],"[""5boys""]","[""인물 / 인원 / 남성 / 남성 5명""]"
5girls,snapshot_match,0,75055,[],"[""5girls""]","[""인물 / 인원 / 여성 / 여성 5명""]"
5koma,snapshot_match,0,4737,[],"[""5koma""]","[""기본 / 연출 / 컷 / 5컷""]"
5others,snapshot_match,0,1065,[],"[""5others""]","[""인물 / 인원 / 숫자 / 5명""]"
6+boys,snapshot_match,0,42615,[],"[""6+boys""]","[""인물 / 인원 / 남성 / 남성 6명""]"
6+girls,snapshot_match,0,107570,[],"[""6+girls""]","[""인물 / 인원 / 여성 / 여성 6명""]"
60s-anime-aesthetic,not_in_snapshot,,,[],"[""60s-anime-aesthetic""]","[""기본 / 테마 / 연도 / 60년대""]"
6others,alias_candidate_unverified,,,"[""6+others""]","[""6others""]","[""인물 / 인원 / 숫자 / 6명""]"
70s-anime-aesthetic,not_in_snapshot,,,[],"[""70s-anime-aesthetic""]","[""기본 / 테마 / 연도 / 70년대""]"
8-bit_eight_bit_inc.,not_in_snapshot,,,[],"[""8-bit_Eight_Bit_Inc.""]","[""작품 / 작품 / 제작 / 8-bit Eight Bit Inc.""]"
80s-anime-aesthetic,not_in_snapshot,,,[],"[""80s-anime-aesthetic""]","[""기본 / 테마 / 연도 / 80년대""]"
90s-anime-aesthetic,not_in_snapshot,,,[],"[""90s-anime-aesthetic""]","[""기본 / 테마 / 연도 / 90년대""]"
:_kurona_yasuhisa,not_in_snapshot,,,[],"["":_Kurona_Yasuhisa""]","[""작품 / 캐릭터 / 도쿄 구울 / 야시후사 쿠로나""]"
a-1_pictures,not_in_snapshot,,,[],"[""A-1_Pictures""]","[""작품 / 작품 / 제작 / A-1 Pictures""]"
a_basketball_player.,not_in_snapshot,,,[],"[""a_basketball_player.""]","[""인물 / 직업 / 운동 / 농구선수""]"
a_mixed_eastern_blood,not_in_snapshot,,,[],"[""a_mixed_Eastern_blood""]","[""인물 / 인종 / 피부색 / 동앙계 혼혈""]"
a_mixed_race_of_black_people,not_in_snapshot,,,[],"[""a_mixed_race_of_black_people""]","[""인물 / 인종 / 피부색 / 흑인계 혼혈""]"
a_mixed_race_of_white_blood,not_in_snapshot,,,[],"[""a_mixed_race_of_white_blood""]","[""인물 / 인종 / 피부색 / 백인계 혼혈""]"
abigail_williams,not_in_snapshot,,,[],"[""Abigail_Williams""]","[""작품 / 캐릭터 / Fate/Grand order / 아비게일 윌리엄스""]"
abigail_williams_(swimsuit_summer),not_in_snapshot,,,[],"[""Abigail_Williams_(Swimsuit_Summer)""]","[""작품 / 캐릭터 / Fate/Grand order / 아비게일 윌리엄스(수영복)""]"
absurdly_long_hair,snapshot_match,0,29975,[],"[""absurdly_long_hair""]","[""외모 / 머리카락 / 모양 / 머리카락이 엄청 길다""]"
absurdly_short_hair,not_in_snapshot,,,[],"[""absurdly_short_hair""]","[""외모 / 머리카락 / 모양 / 머리카락이 엄청 짧다""]"
acrylic_paint,alias_candidate_unverified,,,"[""acrylic_paint_(medium)""]","[""acrylic_paint""]","[""기본 / 테마 / 도구 / 아크릴 물감""]"
actor,snapshot_match,0,161,[],"[""actor""]","[""인물 / 직업 / 예술 / 남성 배우""]"
actress,snapshot_match,0,90,[],"[""actress""]","[""인물 / 직업 / 예술 / 여성 배우""]"
adhesive_bra,snapshot_match,0,434,[],"[""adhesive_bra""]","[""의상 / 속옷 / 브래지어 / 접착 브래지어""]"
adjusting_bra,snapshot_match,0,633,[],"[""adjusting_bra""]","[""동작 2 / 브래지어 / 행동 / 브래지어를 고치다""]"
adjusting_clothes,snapshot_match,0,36168,[],"[""adjusting_clothes""]","[""동작 2 / 의상 / 행동 / 옷을 고치다""]"
adjusting_earrings,snapshot_match,0,134,[],"[""adjusting_earrings""]","[""동작 2 / 귀걸이 / 행동 / 귀걸이를 고치다""]"
adjusting_eyewear,snapshot_match,0,31688,[],"[""adjusting_eyewear""]","[""동작 1 / 손 / 올리다 / 손을 안경에 올리다"", ""동작 2 / 안경 / 행동 / 안경을 조정하다""]"
adjusting_headwear,snapshot_match,0,12324,[],"[""adjusting_headwear""]","[""동작 2 / 모자 / 행동 / 모자를 고치다""]"
adjusting_legwear,snapshot_match,0,1812,[],"[""adjusting_legwear""]","[""동작 2 / 양말 / 행동 / 양말을 고치다""]"
adjusting_panties,snapshot_match,0,1166,[],"[""adjusting_panties""]","[""동작 2 / 팬티 / 행동 / 팬티를 고치다""]"
adjusting_swimsuit,snapshot_match,0,5577,[],"[""adjusting_swimsuit""]","[""동작 2 / 수영복 / 행동 / 수영복을 고치다""]"
adult_video,not_in_snapshot,,,[],"[""Adult_Video""]","[""기본 / 테마 / 포르노 / AV""]"
after_anal,snapshot_match,0,7782,[],"[""after_anal""]","[""!섹스 / 섹스 / 상황 / 여자가 항문으로 섹스했다""]"
after_fellatio,snapshot_match,0,8393,[],"[""after_fellatio""]","[""!섹스 / 섹스 / 펠라치오 / 펠라치오를 했다""]"
after_masturbation,snapshot_match,0,1351,[],"[""after_masturbation""]","[""!섹스 / 섹스 / 자위 / 자위를 했다""]"
after_oral,not_in_snapshot,,,[],"[""after_oral""]","[""!섹스 / 섹스 / 오랄 / 입으로 자지를 빨았다""]"
after_paizuri,snapshot_match,0,3454,[],"[""after_paizuri""]","[""!섹스 / 섹스 / 파이즈리 / 파이즈리를 했다""]"
after_rape,snapshot_match,0,2850,[],"[""after_rape""]","[""!섹스 / 섹스 / 상황 / 여자가 강간을 당했다""]"
after_sex,snapshot_match,0,51783,[],"[""after_sex""]","[""!섹스 / 섹스 / 상황 / 여자가 섹스를 했다""]"
after_vaginal,snapshot_match,0,25899,[],"[""after_vaginal""]","[""!섹스 / 섹스 / 상황 / 여자가 섹스한 뒤 보지를 보여준다""]"
afterglow,snapshot_match,0,1222,[],"[""afterglow""]","[""!섹스 / 섹스 / 상황 / 여자가 섹스한 뒤 기뻐하다""]"
against_glass,snapshot_match,0,10092,[],"[""against_glass""]","[""동작 1 / 몸 / 기대다 / 몸을 펜스에 기대다""]"
against_tree,snapshot_match,0,3326,[],"[""against_tree""]","[""동작 1 / 몸 / 기대다 / 몸을 나무에 기대다""]"
against_wall,snapshot_match,0,19832,[],"[""against_wall""]","[""동작 1 / 몸 / 기대다 / 몸을 벽에 기대다""]"
agnese_sanctis,snapshot_match,4,95,[],"[""Agnese_Sanctis""]","[""작품 / 캐릭터 / 어떤 마술과학의 시리즈 / 아녜제 상크티스""]"
ahegao,snapshot_match,0,28564,[],"[""ahegao""]","[""!섹스 / 섹스 / 상황 / 여자가 아헤가오를 한다""]"
aiming,snapshot_match,0,16707,[],"[""aiming""]","[""행동 / 동명사 / 동명사 ㅈ / 무엇을 조준하다""]"
ain(one_piece),not_in_snapshot,,,[],"[""Ain(One_Piece)""]","[""작품 / 캐릭터 / 원피스 / 아인""]"
air_cleaning_kiss,not_in_snapshot,,,[],"[""Air_Cleaning_Kiss""]","[""동작 1 / 입 / 키스하다 / 입에 공기를 넣으며 키스한다""]"
air_quotes,not_in_snapshot,,,[],"[""air_quotes""]","[""동작 1 / 손 / 동작 / 손으로 강조한다""]"
airbrush,snapshot_match,0,55,[],"[""airbrush""]","[""기본 / 테마 / 도구 / 에어브러시""]"
airfield,snapshot_match,0,58,[],"[""airfield""]","[""기본 / 장소 / 이동 / 비행장""]"
airmid_teasanare,not_in_snapshot,,,[],"[""Airmid_Teasanare""]","[""작품 / 캐릭터 / 던전에서 만남을 추구하면 안 되는 걸까? / 아미드 테아사나레""]"
airport,snapshot_match,0,538,[],"[""airport""]","[""기본 / 장소 / 이동 / 공항""]"
ais_wallenstein,not_in_snapshot,,,[],"[""Ais_Wallenstein""]","[""작품 / 캐릭터 / 던전에서 만남을 추구하면 안 되는 걸까? / 아이즈 발렌슈타인""]"
aisha_belka,not_in_snapshot,,,[],"[""Aisha_Belka""]","[""작품 / 캐릭터 / 던전에서 만남을 추구하면 안 되는 걸까? / 아이샤 벨카""]"
ajirogasa,snapshot_match,0,2530,[],"[""ajirogasa""]","[""장신구 / 머리 장식 / 모자 / 밀짚모자(승려)""]"
akame,not_in_snapshot,,,[],"[""Akame""]","[""작품 / 캐릭터 / 아카메가 벤다 / 아카메""]"
akame_ga_kill!,snapshot_match,3,1279,[],"[""Akame_ga_Kill!""]","[""작품 / 작품 / 목록 / 아카메가 벤다""]"
akanbe,snapshot_match,0,2533,[],"[""akanbe""]","[""동작 1 / 손가락 / 동작 / 손가락으로 눈을 당긴다""]"
akane_owari,not_in_snapshot,,,[],"[""Akane_Owari""]","[""작품 / 캐릭터 / 단간론파 / 오와리 아카네""]"
akatsuki,not_in_snapshot,,,[],"[""Akatsuki""]","[""작품 / 캐릭터 / 로그 호라이즌 / 아카츠키""]"
akio_fudo,not_in_snapshot,,,[],"[""Akio_Fudo""]","[""작품 / 캐릭터 / 트리니티 세븐 / 후도 아키오""]"
akiza_izinski,alias_candidate_unverified,,,"[""izayoi_aki""]","[""Akiza_Izinski""]","[""작품 / 캐릭터 / 유희왕 시리즈 / 이자요이 아키""]"
albedo,alias_candidate_unverified,,,"[""albedo_(overlord)""]","[""Albedo""]","[""작품 / 캐릭터 / 오버로드 / 알베도""]"
album_cover,snapshot_match,0,10038,[],"[""album_cover""]","[""기본 / 테마 / 표지 / 앨범 표지""]"
alchemist,snapshot_match,0,87,[],"[""alchemist""]","[""인물 / 직업 / 판타지 / 연금술사""]"
alexis_rhodes,alias_candidate_unverified,,,"[""tenjouin_asuka""]","[""Alexis_Rhodes""]","[""작품 / 캐릭터 / 유희왕 시리즈 / 텐죠인 아스카""]"
alice_nakiri,not_in_snapshot,,,[],"[""Alice_Nakiri""]","[""작품 / 캐릭터 / 식극의 소마 / 나키리 아리스 ""]"
alice_zuberg,snapshot_match,4,1224,[],"[""Alice_Zuberg""]","[""작품 / 캐릭터 / 소드 아트 온라인 / 앨리스 신서시스 서티""]"
alicia_forestlight,not_in_snapshot,,,[],"[""Alicia_Forestlight""]","[""작품 / 캐릭터 / 던전에서 만남을 추구하면 안 되는 걸까? / 아라시아 포레스트라이트""]"
all_fours,snapshot_match,0,80788,[],"[""all_fours""]","[""동작 1 / 몸 / 동작 / 네 발로 서다""]"
alley,snapshot_match,0,4453,[],"[""alley""]","[""기본 / 장소 / 이동 / 골목""]"
altera,not_in_snapshot,,,[],"[""Altera""]","[""작품 / 캐릭터 / Fate/Grand order / 알테라""]"
altera_the_san(ta),not_in_snapshot,,,[],"[""Altera_the_San(ta)""]","[""작품 / 캐릭터 / Fate/Grand order / 알테라 산 타""]"
although_she_hurriedly_put_on_clothes_(meme),snapshot_match,0,217,[],"[""although_she_hurriedly_put_on_clothes_(meme)""]","[""!섹스 / 섹스 / 상황 / 여자가 섹스하고 급하게 옷을 입다""]"
alvida,not_in_snapshot,,,[],"[""Alvida""]","[""작품 / 캐릭터 / 원피스 / 알비다""]"
amazon_position,snapshot_match,0,1517,[],"[""amazon_position""]","[""!섹스 / 섹스 / 체위 / 기승위(남자의 다리를 벌려 착정한다)""]"
america,alias_candidate_unverified,,,"[""united_states""]","[""America""]","[""기본 / 장소 / 국가 / 미국""]"
american,not_in_snapshot,,,[],"[""American""]","[""인물 / 인종 / 국가 / 미국인""]"
american_cartoon,not_in_snapshot,,,[],"[""American_cartoon""]","[""기본 / 작화 / 스타일 / 미국 카툰""]"
american_comics,not_in_snapshot,,,[],"[""American_comics""]","[""기본 / 작화 / 스타일 / 미국 만화""]"
american_flag,snapshot_match,0,12212,[],"[""american_flag""]","[""기본 / 배경 / 무늬 / 미국 국기 무늬""]"
american_football_helmet,snapshot_match,0,233,[],"[""american_football_helmet""]","[""장신구 / 머리 장식 / 헬멧 / 미식축구""]"
amphitheater,not_in_snapshot,,,[],"[""amphitheater""]","[""기본 / 장소 / 유흥 / 영화관""]"
amulet,snapshot_match,0,1932,[],"[""amulet""]","[""장신구 / 목 장식 / 목걸이 / 팬던트""]"
amusement_park,snapshot_match,0,1405,[],"[""amusement_park""]","[""기본 / 장소 / 유흥 / 놀이공원""]"
anal_beads,snapshot_match,0,9699,[],"[""anal_beads""]","[""!섹스 / 도구 / 성기 / 항문 구슬""]"
anal_fingering,snapshot_match,0,4399,[],"[""anal_fingering""]","[""!섹스 / 엉덩이 / 동작 / 항문을 만지다""]"
anal_fisting,snapshot_match,0,346,[],"[""anal_fisting""]","[""!섹스 / 섹스 / 애무 / 주먹을 항문에 넣다""]"
anal_object_insertion,snapshot_match,0,20110,[],"[""anal_object_insertion""]","[""!섹스 / 섹스 / 항문 / 항문에 물건을 삽입했다""]"
anal_tail,snapshot_match,0,8218,[],"[""anal_tail""]","[""!섹스 / 도구 / 성기 / 항문 꼬리""]"
anastasia,not_in_snapshot,,,[],"[""Anastasia""]","[""작품 / 캐릭터 / Fate/Grand order / 아나스타샤""]"
anastasia-l,not_in_snapshot,,,[],"[""Anastasia-L""]","[""작품 / 캐릭터 / 트리니티 세븐 / 아나스타샤=L""]"
anastasia_&_viy,not_in_snapshot,,,[],"[""Anastasia_&_Viy""]","[""작품 / 캐릭터 / Fate/Grand order / 아나스타샤 & 비비 &""]"
android_18,snapshot_match,4,2965,[],"[""Android_18""]","[""작품 / 캐릭터 / 드래곤볼 / 인조인간 18호""]"
android_21_evil,not_in_snapshot,,,[],"[""Android_21_Evil""]","[""작품 / 캐릭터 / 드래곤볼 / 인조인간 21호""]"
android_21_good,not_in_snapshot,,,[],"[""Android_21_Good""]","[""작품 / 캐릭터 / 드래곤볼 /  인조인간 21호""]"
angel,snapshot_match,0,30577,[],"[""Angel""]","[""인물 / 종족 / 판타지 / 천사""]"
angel_wings,snapshot_match,0,58205,[],"[""Angel_wings""]","[""체형 / 날개 / 종류 / 천사 날개""]"
angelene,snapshot_match,4,67,[],"[""Angelene""]","[""작품 / 캐릭터 / 어떤 마술과학의 시리즈 / 안젤레네""]"
angie_yonaga,not_in_snapshot,,,[],"[""Angie_Yonaga""]","[""작품 / 캐릭터 / 단간론파 / 요나가 안지""]"
angry_face,not_in_snapshot,,,[],"[""Angry_face""]","[""동작 1 / 얼굴 / 표정 / 화난 표정""]"
anilingus,snapshot_match,0,3426,[],"[""anilingus""]","[""!섹스 / 섹스 / 오랄 / 입으로 항문을 빨다""]"
animal_ears,snapshot_match,0,1759213,[],"[""animal_ears""]","[""외모 / 귀 / 모양 / 동물귀""]"
animated_music,not_in_snapshot,,,[],"[""Animated_music""]","[""기본 / 테마 / 음악 / 애니메이션 음악""]"
animation,alias_candidate_unverified,,,"[""animated""]","[""animation""]","[""기본 / 작화 / 스타일 / 애니메이션""]"
anime_art_style,not_in_snapshot,,,[],"[""anime_art_style""]","[""기본 / 작화 / 화풍 / 애니메이션""]"
anime_screencap,alias_candidate_unverified,,,"[""anime_screenshot""]","[""anime_screencap""]","[""기본 / 작화 / 화풍 / 애니메이션""]"
ankle_boots,snapshot_match,0,25097,[],"[""ankle_boots""]","[""의상 / 신발 / 부츠 / 발목 부츠""]"
ankle_socks,snapshot_match,0,10761,[],"[""ankle_socks""]","[""의상 / 속옷 / 양말 / 발목 양말""]"
ankle_wings,snapshot_match,0,853,[],"[""ankle_wings""]","[""체형 / 날개 / 모양 / 날개가 발목에 있다""]"
anko_mitarashi,not_in_snapshot,,,[],"[""Anko_Mitarashi""]","[""작품 / 캐릭터 / 나루토 / 미타라시 앙코""]"
anne_bonny_&_mary_read,not_in_snapshot,,,[],"[""Anne_Bonny_&_Mary_Read""]","[""작품 / 캐릭터 / Fate/Grand order / 앤 보니 & 메리 리드""]"
anne_bonny_&_mary_read_(archer),not_in_snapshot,,,[],"[""Anne_Bonny_&_Mary_Read_(Archer)""]","[""작품 / 캐릭터 / Fate/Grand order / 앤 보니 & 메리 리드 수영복""]"
annie_leonhart,snapshot_match,4,1231,[],"[""Annie_Leonhart""]","[""작품 / 캐릭터 / 진격의 거인 / 애니 레온한트""]"
ansatsu_kyoushitsu,snapshot_match,3,929,[],"[""Ansatsu_Kyoushitsu""]","[""작품 / 작품 / 목록 / 암살교실""]"
anti-eyebrow_piercing,snapshot_match,0,434,[],"[""Anti-eyebrow_piercing""]","[""장신구 / 기타 / 피어싱 / 눈썹 아래 피어싱""]"
anvil_position,not_in_snapshot,,,[],"[""anvil_position""]","[""!섹스 / 섹스 / 체위 / 굴곡위""]"
anya_forger,not_in_snapshot,,,[],"[""Anya_Forger""]","[""작품 / 캐릭터 / 스파이 패밀리 / 아냐 포저""]"
anya_fromel,not_in_snapshot,,,[],"[""Anya_Fromel""]","[""작품 / 캐릭터 / 던전에서 만남을 추구하면 안 되는 걸까? / 아냐 프로멜""]"
anzu_mazaki,not_in_snapshot,,,[],"[""Anzu_Mazaki""]","[""작품 / 캐릭터 / 유희왕 시리즈 / 미사카 안즈""]"
ao_no_exorcist,snapshot_match,3,1004,[],"[""Ao_no_Exorcist""]","[""작품 / 작품 / 목록 / 청의 엑소시스트""]"
aoi_asahina,not_in_snapshot,,,[],"[""Aoi_Asahina""]","[""작품 / 캐릭터 / 단간론파 / 아사히나 아오이""]"
aoi_kunieda,not_in_snapshot,,,[],"[""Aoi_Kunieda""]","[""작품 / 캐릭터 / 벨제부브 / 쿠니에다 아오이""]"
apartment,snapshot_match,0,2115,[],"[""apartment""]","[""기본 / 장소 / 가정 / 아파트""]"
aphrodisiac,snapshot_match,0,692,[],"[""aphrodisiac""]","[""!섹스 / 도구 / 액체 / 최음제""]"
apologizing,snapshot_match,0,905,[],"[""apologizing""]","[""행동 / 동사 / 동사 ㅅ / 누군가 사과하다""]"
applying_makeup,snapshot_match,0,3251,[],"[""applying_makeup""]","[""동작 1 / 얼굴 / 화장하다 / 화장하다""]"
apron,snapshot_match,0,308559,[],"[""apron""]","[""의상 / 상의 / 겉옷 / 앞치마""]"
aquarium,snapshot_match,0,2161,[],"[""aquarium""]","[""기본 / 장소 / 유흥 / 수족관""]"
aqueduct,snapshot_match,0,89,[],"[""aqueduct""]","[""기본 / 장소 / 건축물 / 수로""]"
aquiline_nose,snapshot_match,0,1067,[],"[""aquiline_nose""]","[""외모 / 코 / 모양 / 코가 메부리코다""]"
arachne_gorgon,not_in_snapshot,,,[],"[""Arachne_Gorgon""]","[""작품 / 캐릭터 / 소울 이터 / 아라크네 고르곤""]"
aran_sweater,snapshot_match,0,5642,[],"[""aran_sweater""]","[""의상 / 상의 / 스웨터 / 털 있는 스웨터""]"
arba,not_in_snapshot,,,[],"[""Arba""]","[""작품 / 캐릭터 / 마기 / 아르바""]"
arcade,snapshot_match,0,1050,[],"[""arcade""]","[""기본 / 장소 / 유흥 / 게임장""]"
arcanepunk,not_in_snapshot,,,[],"[""Arcanepunk""]","[""기본 / 테마 / 장르 / 아케인펑크""]"
arched_back,snapshot_match,0,24842,[],"[""arched_back""]","[""동작 1 / 몸 / 기울이다 / 등이 휘었다""]"
arena,snapshot_match,0,327,[],"[""arena""]","[""기본 / 장소 / 유흥 / 투기장""]"
areola_piercing,snapshot_match,0,258,[],"[""areola_piercing""]","[""!섹스 / 도구 / 성기 / 유륜 피어싱""]"
areola_slip,snapshot_match,0,75887,[],"[""areola_slip""]","[""의상 / 의상 / 특징 / 옷의 유륜을 노출하다""]"
argentina,snapshot_match,0,381,[],"[""Argentina""]","[""기본 / 장소 / 국가 / 아르헨티나""]"
argentines,not_in_snapshot,,,[],"[""Argentines""]","[""인물 / 인종 / 국가 / 아르헨티나인""]"
argyle,not_in_snapshot,,,[],"[""argyle""]","[""기본 / 배경 / 무늬 / 아가일 무늬""]"
aries,not_in_snapshot,,,[],"[""Aries""]","[""작품 / 캐릭터 / 페어리테일 / 아리에스""]"
arin_kannazuki,not_in_snapshot,,,[],"[""Arin_Kannazuki""]","[""작품 / 캐릭터 / 트리니티 세븐 / 칸나즈키 아린""]"
arm_around_neck,snapshot_match,0,7657,[],"[""arm_around_neck""]","[""동작 1 / 목 / 동작 / 목에 한쪽 팔을 감다""]"
arm_behind_back,snapshot_match,0,54712,[],"[""arm_behind_back""]","[""동작 1 / 팔 / 동작 / 팔 한쪽을 뒤로 들다""]"
arm_behind_head,snapshot_match,0,51892,[],"[""arm_behind_head""]","[""동작 1 / 팔 / 동작 / 팔을 머리 위로 들다""]"
arm_between_breasts,snapshot_match,0,2597,[],"[""arm_between_breasts""]","[""동작 1 / 가슴 / 끼우다 / 가슴 사이에 팔을 끼우다""]"
arm_cutout,snapshot_match,0,3916,[],"[""arm_cutout""]","[""의상 / 의상 / 특징 / 옷의 팔을 노출하다""]"
arm_grab,not_in_snapshot,,,[],"[""Arm_grab""]","[""동작 1 / 팔 / 잡는다 / 강제로 팔을 뒤로 잡는다""]"
arm_hug,snapshot_match,0,7894,[],"[""arm_hug""]","[""동작 1 / 몸 / 껴안다 / 팔로 껴안다""]"
arm_up,snapshot_match,0,305941,[],"[""arm_up""]","[""동작 1 / 팔 / 동작 / 팔을 위로 들다""]"
armored_boots,snapshot_match,0,25051,[],"[""armored_boots""]","[""의상 / 신발 / 부츠 / 보호 부츠""]"
armored_legwear,snapshot_match,0,569,[],"[""armored_legwear""]","[""의상 / 속옷 / 양말 / 보호하는 양말""]"
armory,snapshot_match,0,55,[],"[""armory""]","[""기본 / 장소 / 가게 / 무기창고""]"
armpit_cutout,snapshot_match,0,2727,[],"[""armpit_cutout""]","[""의상 / 의상 / 특징 / 옷의 겨드랑이를 노출하다""]"
armpit_focus,snapshot_match,0,4325,[],"[""armpit_focus""]","[""기본 / 초점 / 집중 / 겨드랑이에 집중한다""]"
armpit_sex,snapshot_match,0,1266,[],"[""armpit_sex""]","[""!섹스 / 섹스 / 자지 / 자지를 겨드랑이에 비빈다""]"
arms_around_neck,snapshot_match,0,11861,[],"[""arms_around_neck""]","[""동작 1 / 목 / 동작 / 목에 양쪽 팔을 감다""]"
arms_behind_back,snapshot_match,0,125108,[],"[""arms_behind_back""]","[""동작 1 / 팔 / 동작 / 팔 양쪽을 뒤로 들다""]"
aroused_face,not_in_snapshot,,,[],"[""aroused_face""]","[""동작 1 / 얼굴 / 표정 / 흥분한 표정""]"
arrogant_face,not_in_snapshot,,,[],"[""arrogant_face""]","[""동작 1 / 얼굴 / 표정 / 오만한 표정""]"
art_deco,snapshot_match,0,96,[],"[""art_deco""]","[""기본 / 테마 / 미술 / 아르데코""]"
art_gallery,snapshot_match,0,166,[],"[""art_gallery""]","[""기본 / 장소 / 유흥 / 미술관""]"
art_nouveau,snapshot_match,0,1960,[],"[""art_nouveau""]","[""기본 / 테마 / 미술 / 아르누보""]"
artificial_vagina,alias_candidate_unverified,,,"[""onahole""]","[""artificial_vagina""]","[""!섹스 / 도구 / 자위 / 인공 보지""]"
artificial_wings,snapshot_match,0,108,[],"[""artificial_wings""]","[""체형 / 날개 / 종류 / 인공 날개""]"
artist,not_in_snapshot,,,[],"[""artist""]","[""인물 / 직업 / 예술 / 예술가""]"
artoria_caster,not_in_snapshot,,,[],"[""Artoria_Caster""]","[""작품 / 캐릭터 / Fate/Grand order / 아르토리아 캐스터""]"
artoria_pendragon,not_in_snapshot,,,[],"[""Artoria_Pendragon""]","[""작품 / 캐릭터 / Fate/Grand order / 아르토리아 펜드래곤""]"
artoria_pendragon_(alter),not_in_snapshot,,,[],"[""Artoria_Pendragon_(Alter)""]","[""작품 / 캐릭터 / Fate/Grand order / 아르토리아 펜드래곤 얼터""]"
artoria_pendragon_(lancer),alias_candidate_unverified,,,"[""artoria_pendragon_(lancer)_(fate)""]","[""Artoria_Pendragon_(Lancer)""]","[""작품 / 캐릭터 / Fate/Grand order / 아르토리아 펜드래곤 랜서""]"
artoria_pendragon_(lancer_alter),alias_candidate_unverified,,,"[""artoria_pendragon_(lancer_alter)_(fate)""]","[""Artoria_Pendragon_(Lancer_Alter)""]","[""작품 / 캐릭터 / Fate/Grand order / 아르토리아 펜드래곤 랜서 얼터""]"
artoria_pendragon_(lily),not_in_snapshot,,,[],"[""Artoria_Pendragon_(Lily)""]","[""작품 / 캐릭터 / Fate/Grand order / 아르토리아 펜드래곤 릴리""]"
artoria_pendragon_(ruler),not_in_snapshot,,,[],"[""Artoria_Pendragon_(Ruler)""]","[""작품 / 캐릭터 / Fate/Grand order / 아르토리아 펜드래곤 랜서 룰러""]"
artoria_pendragon_(santa_alter),not_in_snapshot,,,[],"[""Artoria_Pendragon_(Santa_Alter)""]","[""작품 / 캐릭터 / Fate/Grand order / 아르토리아 펜드래곤 얼터 (산타)""]"
artoria_pendragon_(swimsuit_archer),not_in_snapshot,,,[],"[""Artoria_Pendragon_(Swimsuit_Archer)""]","[""작품 / 캐릭터 / Fate/Grand order / 아르토리아 펜드래곤 수영복""]"
artoria_pendragon_(swimsuit_rider_alter),not_in_snapshot,,,[],"[""Artoria_Pendragon_(Swimsuit_Rider_Alter)""]","[""작품 / 캐릭터 / Fate/Grand order / 아르토리아 펜드래곤 얼터 수영복""]"
asada_shino,snapshot_match,4,385,[],"[""Asada_Shino""]","[""작품 / 캐릭터 / 소드 아트 온라인 / 아사다 시노""]"
asagami_fujino,snapshot_match,4,424,[],"[""Asagami_Fujino""]","[""작품 / 캐릭터 / Fate/Grand order / 아사가미 후지노""]"
asagi_aiba,not_in_snapshot,,,[],"[""Asagi_Aiba""]","[""작품 / 캐릭터 / 스트라이크 더 블러드 / 아이바 아사기""]"
ascot_tie,not_in_snapshot,,,[],"[""Ascot_Tie""]","[""장신구 / 목 장식 / 넥타이 / 애스콧 타이""]"
asfi_al_andromeda,not_in_snapshot,,,[],"[""Asfi_Al_Andromeda""]","[""작품 / 캐릭터 / 던전에서 만남을 추구하면 안 되는 걸까? / 아스피 알 안드로메다""]"
asia,not_in_snapshot,,,[],"[""Asia""]","[""기본 / 장소 / 국가 / 아시아""]"
asia_argento,snapshot_match,4,569,[],"[""Asia_Argento""]","[""작품 / 캐릭터 / 하이스쿨 dxd / 아시아 아르젠토""]"
ass_biting,alias_candidate_unverified,,,"[""biting_ass""]","[""ass_biting""]","[""동작 1 / 엉덩이 / 동작 / 엉덩이를 물다"", ""동작 1 / 입 / 깨물다 / 이빨로 엉덩이를 깨물다""]"
ass_cutout,snapshot_match,0,2527,[],"[""ass_cutout""]","[""의상 / 의상 / 특징 / 옷의 엉덩이를 노출하다""]"
ass_expansion,snapshot_match,0,113,[],"[""ass_expansion""]","[""동작 1 / 엉덩이 / 동작 / 엉덩이가 커지다""]"
ass_focus,snapshot_match,0,46176,[],"[""ass_focus""]","[""기본 / 초점 / 집중 / 엉덩이에 집중한다""]"
ass_grab,not_in_snapshot,,,[],"[""ass_grab""]","[""!섹스 / 섹스 / 애무 / 손으로 엉덩이를 잡는다"", ""동작 1 / 엉덩이 / 동작 / 엉덩이를 잡다""]"
ass_shake,snapshot_match,0,2399,[],"[""ass_shake""]","[""동작 1 / 엉덩이 / 동작 / 엉덩이를 흔들다""]"
astarte,not_in_snapshot,,,[],"[""Astarte""]","[""작품 / 캐릭터 / 스트라이크 더 블러드 / 아스타르테""]"
astil_manuscript,not_in_snapshot,,,[],"[""Astil_Manuscript""]","[""작품 / 캐릭터 / 트리니티 세븐 / 아스틸""]"
astraea,not_in_snapshot,,,[],"[""Astraea""]","[""작품 / 캐릭터 / Fate/Grand order / 아스트레아""]"
astronaut,snapshot_match,0,2342,[],"[""astronaut""]","[""인물 / 직업 / 전문 / 우주 비행사""]"
asuka_langley_soryu,not_in_snapshot,,,[],"[""Asuka_Langley_Soryu""]","[""작품 / 캐릭터 / 에반게리온 / 소류 아스카 그랑에이""]"
asuka_shikinami_langley,not_in_snapshot,,,[],"[""Asuka_Shikinami_Langley""]","[""작품 / 캐릭터 / 에반게리온 / 시키나미 아스카 그랑레이""]"
asymmetrical_bangs,snapshot_match,0,48008,[],"[""asymmetrical_bangs""]","[""외모 / 머리카락 / 특징 / 앞머리가 한쪽만 길고, 한쪽은 짧다""]"
asymmetrical_breasts,snapshot_match,0,364,[],"[""asymmetrical_breasts""]","[""체형 / 가슴 / 특징 / 가슴이 비대칭이다""]"
at_gunpoint,snapshot_match,0,783,[],"[""at_gunpoint""]","[""행동 / 동명사 / 동명사 ㅊ / 무엇을 총구로 조준하다""]"
atalanta,not_in_snapshot,,,[],"[""Atalanta""]","[""작품 / 캐릭터 / Fate/Grand order / 아탈란테""]"
atalanta_(alter),not_in_snapshot,,,[],"[""Atalanta_(Alter)""]","[""작품 / 캐릭터 / Fate/Grand order / 아탈란테 얼터""]"
athlete,not_in_snapshot,,,[],"[""athlete""]","[""인물 / 직업 / 운동 / 운동선수""]"
aunt,not_in_snapshot,,,[],"[""aunt""]","[""인물 / 인물 / 위치 / 이모""]"
aunt_and_nephew,snapshot_match,0,655,[],"[""aunt_and_nephew""]","[""인물 / 인물 / 관계 / 이모와 남자 조카""]"
aunt_and_niece,snapshot_match,0,1305,[],"[""aunt_and_niece""]","[""인물 / 인물 / 관계 / 이모와 여자 조카""]"
aura_bella_fiora,snapshot_match,4,206,[],"[""Aura_Bella_Fiora""]","[""작품 / 캐릭터 / 오버로드 / 아우라 벨라 피오라""]"
averageheight,not_in_snapshot,,,[],"[""averageheight""]","[""체형 / 몸 / 길이 / 키가 평범하다""]"
aviator_cap,snapshot_match,0,1389,[],"[""aviator_cap""]","[""장신구 / 머리 장식 / 모자 / 비행사 모자""]"
aviator_sunglasses,snapshot_match,0,2294,[],"[""aviator_sunglasses""]","[""장신구 / 얼굴 장식 / 안경 / 비행가 안경""]"
avrora_florestina,not_in_snapshot,,,[],"[""Avrora_Florestina""]","[""작품 / 캐릭터 / 스트라이크 더 블러드 / 아브로라 프로레스티나""]"
axe_kick,snapshot_match,0,227,[],"[""axe_kick""]","[""동작 1 / 다리 / 차다 / 다리를 1차로 차다""]"
ayame,not_in_snapshot,,,[],"[""Ayame""]","[""작품 / 캐릭터 / 나루토 / 아마네""]"
ayano_keiko,not_in_snapshot,,,[],"[""Ayano_Keiko""]","[""작품 / 캐릭터 / 소드 아트 온라인 / 아야노 케이코""]"
ayase_ayatsuji,not_in_snapshot,,,[],"[""Ayase_Ayatsuji""]","[""작품 / 캐릭터 / 낙제기사의 영웅담 / 아야츠지 아야세""]"
aztec_mythology,not_in_snapshot,,,[],"[""Aztec_mythology""]","[""기본 / 테마 / 신화 / 아즈텍 신화""]"
baby_carry,snapshot_match,0,819,[],"[""baby_carry""]","[""동작 1 / 몸 / 올리다 / 아기를 안다""]"
baccarat,not_in_snapshot,,,[],"[""Baccarat""]","[""작품 / 캐릭터 / 원피스 / 바카라""]"
back-seamed_legwear,snapshot_match,0,1821,[],"[""back-seamed_legwear""]","[""의상 / 속옷 / 양말 / 뒤에 선 있는 양말""]"
back-to-back,snapshot_match,0,22851,[],"[""back-to-back""]","[""동작 1 / 몸 / 마주하다 / 등을 맞대다""]"
back_focus,snapshot_match,0,2831,[],"[""back_focus""]","[""기본 / 초점 / 집중 / 뒤에 집중한다""]"
backboob,snapshot_match,0,11381,[],"[""backboob""]","[""의상 / 의상 / 특징 / 옷의 뒷가슴을 노출하다""]"
background,not_in_snapshot,,,[],"[""background""]","[""기본 / 배경 / 위치 / 뒤쪽 배경""]"
backless_dress,snapshot_match,0,21086,[],"[""backless_dress""]","[""의상 / 의상 / 드레스 / 등이 노출된 드레스""]"
backless_outfit,snapshot_match,0,35555,[],"[""backless_outfit""]","[""의상 / 의상 / 특징 / 옷의 등을 숨기지 않는다""]"
backless_panties,snapshot_match,0,820,[],"[""backless_panties""]","[""의상 / 속옷 / 팬티 / 엉덩이만 노출된 팬티""]"
backwards_hat,snapshot_match,0,8961,[],"[""backwards_hat""]","[""동작 2 / 모자 / 행동 / 모자를 거꾸로 쓰다""]"
bakemonogatari,snapshot_match,3,8478,[],"[""Bakemonogatari""]","[""작품 / 작품 / 목록 / 바케모노가타리""]"
bakery,snapshot_match,0,816,[],"[""bakery""]","[""기본 / 장소 / 가게 / 빵집""]"
baking,snapshot_match,0,1167,[],"[""baking""]","[""행동 / 동사 / 동사 ㅇ / 누군가 음식(빵)을 만들다""]"
balalaika(black_lagoon),not_in_snapshot,,,[],"[""Balalaika(Black_Lagoon)""]","[""작품 / 캐릭터 / 블랙 라군 / 발라레이카""]"
balancing,snapshot_match,0,2158,[],"[""balancing""]","[""동작 1 / 몸 / 동작 / 서서 균형을 잡다"", ""행동 / 동사 / 동사 ㄱ / 누군가 균형잡다""]"
ball_gag,snapshot_match,0,13572,[],"[""ball_gag""]","[""!섹스 / 도구 / 개그 / 볼 개그""]"
ballad,not_in_snapshot,,,[],"[""Ballad""]","[""기본 / 테마 / 음악 / 발라드""]"
ballpoint_pen,alias_candidate_unverified,,,"[""ballpoint_pen_(medium)""]","[""ballpoint_pen""]","[""기본 / 테마 / 도구 / 볼펜""]"
bambietta_basterbine,snapshot_match,4,589,[],"[""Bambietta_Basterbine""]","[""작품 / 캐릭터 / 블리치 / 밤비에타 바스터바인""]"
bamboo_forest,snapshot_match,0,4762,[],"[""bamboo_forest""]","[""기본 / 장소 / 자연 / 대나무숲""]"
band_uniform,snapshot_match,0,1202,[],"[""band_uniform""]","[""의상 / 의상 / 제복 / 밴드복""]"
bandana,snapshot_match,0,34540,[],"[""bandana""]","[""장신구 / 머리 장식 / 머리띠 / 두건(반다나)""]"
bandeau,snapshot_match,0,28653,[],"[""bandeau""]","[""의상 / 속옷 / 브래지어 / 가슴 가리개""]"
baobhan_sith,not_in_snapshot,,,[],"[""Baobhan_Sith""]","[""작품 / 캐릭터 / Fate/Grand order / 바반시""]"
bar,alias_candidate_unverified,,,"[""bar_(place)""]","[""bar""]","[""기본 / 장소 / 유흥 / 술집""]"
barbara_gordon,snapshot_match,4,304,[],"[""Barbara_Gordon""]","[""작품 / 캐릭터 / DC 코믹스 / 바바라 고든""]"
bare_back,snapshot_match,0,22701,[],"[""bare_back""]","[""의상 / 의상 / 특징 / 옷의 등을 노출하다""]"
bare_shoulders,snapshot_match,0,1397391,[],"[""bare_shoulders""]","[""의상 / 의상 / 특징 / 옷의 어깨를 노출하다""]"
barghest,not_in_snapshot,,,[],"[""Barghest""]","[""작품 / 캐릭터 / Fate/Grand order / 바게스트""]"
barn,snapshot_match,0,513,[],"[""barn""]","[""기본 / 장소 / 현장 / 외양간""]"
baroque,not_in_snapshot,,,[],"[""Baroque""]","[""기본 / 테마 / 미술 / 바로크""]"
bartender,snapshot_match,0,2107,[],"[""bartender""]","[""인물 / 직업 / 서비스 / 바텐더""]"
baseball_cap,snapshot_match,0,71772,[],"[""baseball_cap""]","[""장신구 / 머리 장식 / 모자 / 야구 모자""]"
baseball_glove,alias_candidate_unverified,,,"[""baseball_mitt""]","[""baseball_glove""]","[""장신구 / 손 장식 / 장갑 / 야구 장갑""]"
baseball_gloves,not_in_snapshot,,,[],"[""baseball_gloves""]","[""장신구 / 손 장식 / 장갑 / 야구 장갑""]"
baseball_helmet,snapshot_match,0,919,[],"[""baseball_helmet""]","[""장신구 / 머리 장식 / 헬멧 / 야구 헬맷""]"
baseball_player,not_in_snapshot,,,[],"[""Baseball_player""]","[""인물 / 직업 / 운동 / 야구선수""]"
baseball_uniform,snapshot_match,0,5198,[],"[""baseball_uniform""]","[""의상 / 의상 / 운동복 / 야구복""]"
basketball_uniform,snapshot_match,0,2566,[],"[""basketball_uniform""]","[""의상 / 의상 / 운동복 / 농구복""]"
bat,alias_candidate_unverified,,,"[""bat_(animal)""]","[""bat""]","[""인물 / 종족 / 동물 / 박쥐""]"
bat_costume,not_in_snapshot,,,[],"[""bat_costume""]","[""의상 / 의상 / 코스튬 / 박쥐 코스튬""]"
bat_ears,snapshot_match,0,4752,[],"[""bat_ears""]","[""외모 / 귀 / 모양 / 박쥐 귀""]"
bat_furry,not_in_snapshot,,,[],"[""bat_furry""]","[""인물 / 종족 / 퍼리 / 박쥐 수인""]"
bat_human,not_in_snapshot,,,[],"[""bat_human""]","[""인물 / 종족 / 수인 / 박쥐 인간""]"
bat_wings,snapshot_match,0,75415,[],"[""Bat_wings""]","[""체형 / 날개 / 종류 / 박쥐 날개""]"
batgirl,snapshot_match,4,512,[],"[""Batgirl""]","[""작품 / 캐릭터 / DC 코믹스 / 배트걸""]"
bathing,snapshot_match,0,18160,[],"[""bathing""]","[""행동 / 동사 / 동사 ㅁ / 누군가 목욕하다""]"
bathrobe,snapshot_match,0,1711,[],"[""bathrobe""]","[""의상 / 상의 / 겉옷 / 목욕 가운""]"
bathroom,snapshot_match,0,16242,[],"[""bathroom""]","[""기본 / 장소 / 가정 / 화장실""]"
bathtub,snapshot_match,0,13037,[],"[""bathtub""]","[""기본 / 장소 / 가정 / 욕조""]"
battoujutsu_stance,snapshot_match,0,403,[],"[""battoujutsu_stance""]","[""동작 1 / 몸 / 동작 / 발도 자세를 잡는다""]"
batwoman,snapshot_match,4,53,[],"[""Batwoman""]","[""작품 / 캐릭터 / DC 코믹스 / 배트우먼""]"
bb_bb,not_in_snapshot,,,[],"[""BB_BB""]","[""작품 / 캐릭터 / Fate/Grand order / BB""]"
bbbb_(summer),not_in_snapshot,,,[],"[""BBBB_(Summer)""]","[""작품 / 캐릭터 / Fate/Grand order / BB 수영복""]"
beach,snapshot_match,0,132837,[],"[""beach""]","[""기본 / 장소 / 자연 / 해변""]"
beanie,snapshot_match,0,35577,[],"[""beanie""]","[""장신구 / 머리 장식 / 모자 / 비니""]"
bear,snapshot_match,0,8032,[],"[""bear""]","[""인물 / 종족 / 동물 / 곰""]"
bear_costume,snapshot_match,0,1766,[],"[""bear_costume""]","[""의상 / 의상 / 코스튬 / 곰 코스튬""]"
bear_ears,snapshot_match,0,16030,[],"[""bear_ears""]","[""외모 / 귀 / 모양 / 곰 귀""]"
bear_furry,not_in_snapshot,,,[],"[""bear_furry""]","[""인물 / 종족 / 퍼리 / 곰 수인""]"
bear_human,not_in_snapshot,,,[],"[""bear_human""]","[""인물 / 종족 / 수인 / 곰 인간""]"
bear_tail,snapshot_match,0,1720,[],"[""bear_tail""]","[""체형 / 꼬리 / 종류 / 곰 꼬리""]"
beckoning,snapshot_match,0,3592,[],"[""beckoning""]","[""동작 1 / 손 / 손짓하다 / 손짓하다"", ""동작 1 / 손가락 / 동작 / 손가락으로 손짓하다""]"
becky_blackbell,snapshot_match,4,844,[],"[""Becky_Blackbell""]","[""작품 / 캐릭터 / 스파이 패밀리 / 베키 블랙벨""]"
bedroom,snapshot_match,0,20789,[],"[""bedroom""]","[""기본 / 장소 / 가정 / 침실""]"
beelzebub,not_in_snapshot,,,[],"[""Beelzebub""]","[""작품 / 작품 / 목록 / 벨제부브""]"
begging,snapshot_match,0,795,[],"[""begging""]","[""행동 / 동명사 / 동명사 ㄱ / 무엇을 구걸하다""]"
belarus,not_in_snapshot,,,[],"[""Belarus""]","[""기본 / 장소 / 국가 / 벨라루스""]"
belarusian_people,not_in_snapshot,,,[],"[""Belarusian_people""]","[""인물 / 인종 / 국가 / 벨라루스인""]"
belgians,not_in_snapshot,,,[],"[""Belgians""]","[""인물 / 인종 / 국가 / 벨기에인""]"
belgium,not_in_snapshot,,,[],"[""Belgium""]","[""기본 / 장소 / 국가 / 벨기에""]"
bell-bottoms,snapshot_match,0,1057,[],"[""bell-bottoms""]","[""의상 / 하의 / 바지 / 무릎 아래가 넓은 바지""]"
bell-mère,not_in_snapshot,,,[],"[""Bell-mère""]","[""작품 / 캐릭터 / 원피스 / 벨메일""]"
bell_choker,alias_candidate_unverified,,,"[""neck_bell""]","[""bell_choker""]","[""장신구 / 목 장식 / 넥타이 / 종 쵸커""]"
bell_earrings,snapshot_match,0,1151,[],"[""Bell_earrings""]","[""장신구 / 귀 장식 / 귀걸이 / 종 귀걸이""]"
bell_tower,snapshot_match,0,208,[],"[""bell_tower""]","[""기본 / 장소 / 건축물 / 종탑""]"
belly_grab,not_in_snapshot,,,[],"[""belly_grab""]","[""동작 1 / 손가락 / 꼬집다 / 손가락으로 배를 꼬집다""]"
belo_betty,snapshot_match,4,113,[],"[""Belo_Betty""]","[""작품 / 캐릭터 / 원피스 / 벨로 베티""]"
beltbra,alias_candidate_unverified,,,"[""belt_bra""]","[""beltbra""]","[""의상 / 속옷 / 브래지어 / 벨트 브래지어""]"
benevolent_face,not_in_snapshot,,,[],"[""benevolent_face""]","[""동작 1 / 얼굴 / 표정 / 자비로운 표정""]"
beni-enma,snapshot_match,4,884,[],"[""Beni-enma""]","[""작품 / 캐릭터 / Fate/Grand order / 베니 엔마 -""]"
bent_over,snapshot_match,0,84622,[],"[""bent_over""]","[""!섹스 / 섹스 / 체위 / 후배위(엉덩이를 들다)"", ""동작 1 / 몸 / 기울이다 / 등을 구부렸다""]"
beret,snapshot_match,0,150714,[],"[""beret""]","[""장신구 / 머리 장식 / 모자 / 베레모""]"
bestiality,snapshot_match,0,12948,[],"[""bestiality""]","[""!섹스 / 섹스 / 설정 / 수간하다""]"
bicorne,snapshot_match,0,2084,[],"[""bicorne""]","[""장신구 / 머리 장식 / 모자 / 해적 모자""]"
bicycle_helmet,snapshot_match,0,484,[],"[""bicycle_helmet""]","[""장신구 / 머리 장식 / 헬멧 / 자전거 헬맷""]"
big_mouth,snapshot_match,0,105,[],"[""big_mouth""]","[""외모 / 입 / 모양 / 입이 크다""]"
bike_shorts,snapshot_match,0,64411,[],"[""bike_shorts""]","[""의상 / 하의 / 반바지 / 자전거 반바지""]"
bikesuit,snapshot_match,0,2941,[],"[""bikesuit""]","[""의상 / 의상 / 슈트 / 자전거 슈트""]"
bikini,snapshot_match,0,701770,[],"[""bikini""]","[""의상 / 의상 / 수영복 / 비키니""]"
bikini_aside,alias_candidate_unverified,,,"[""bikini_bottom_aside""]","[""bikini_aside""]","[""동작 2 / 수영복 / 행동 / 수영복을 옆으로 넘기다""]"
bikini_bottom_only,snapshot_match,0,11843,[],"[""bikini_bottom_only""]","[""동작 2 / 수영복 / 행동 / 수영복을 하의만 입다""]"
bikini_lift,alias_candidate_unverified,,,"[""bikini_top_lift""]","[""bikini_lift""]","[""동작 2 / 수영복 / 행동 / 수영복을 위로 올리다""]"
bikini_pull,snapshot_match,0,6783,[],"[""bikini_pull""]","[""동작 2 / 수영복 / 행동 / 수영복을 위로 당기다""]"
bikini_skirt,snapshot_match,0,19809,[],"[""bikini_skirt""]","[""의상 / 의상 / 수영복 / 비키니 스커트""]"
bikini_top_only,snapshot_match,0,43726,[],"[""bikini_top_only""]","[""동작 2 / 수영복 / 행동 / 수영복을 상의만 입다""]"
billiard_gloves,not_in_snapshot,,,[],"[""billiard_gloves""]","[""장신구 / 손 장식 / 장갑 / 당구 장갑""]"
bird_kiss,not_in_snapshot,,,[],"[""Bird_Kiss""]","[""동작 1 / 입 / 키스하다 / 가볍게 키스한다""]"
biscuit_krueger,snapshot_match,4,212,[],"[""Biscuit_Krueger""]","[""작품 / 캐릭터 / 헌터x헌터 / 비스켓 크루거""]"
bishoujo,not_in_snapshot,,,[],"[""bishoujo""]","[""기본 / 작화 / 화풍 / 미소녀""]"
biska_mulan,not_in_snapshot,,,[],"[""Biska_Mulan""]","[""작품 / 캐릭터 / 페어리테일 / 비스카 무란""]"
bit_gag,snapshot_match,0,4415,[],"[""bit_gag""]","[""!섹스 / 도구 / 개그 / 막대 개그""]"
bitch,not_in_snapshot,,,[],"[""bitch""]","[""인물 / 직업 / 성인 / 창녀""]"
biting,snapshot_match,0,17794,[],"[""biting""]","[""동작 1 / 입 / 깨물다 / 이빨로 깨물다""]"
biting_testicles,snapshot_match,0,56,[],"[""biting_testicles""]","[""!섹스 / 섹스 / 고환 / 고환을 깨물다""]"
biting_tongue,not_in_snapshot,,,[],"[""biting_tongue""]","[""동작 1 / 입 / 깨물다 / 이빨로 혀를 깨물다""]"
black,not_in_snapshot,,,[],"[""black""]","[""기본 / 배경 / 컬러 / 검은색""]"
black_bullet,snapshot_match,3,420,[],"[""Black_Bullet""]","[""작품 / 작품 / 목록 / 블랙 불릿""]"
black_canary,snapshot_match,4,106,[],"[""Black_Canary""]","[""작품 / 캐릭터 / DC 코믹스 / 블랙카나리""]"
black_cat,snapshot_match,0,20882,[],"[""Black_Cat""]","[""작품 / 캐릭터 / 마블 코믹스 / 블랙캣""]"
black_clover,snapshot_match,3,2050,[],"[""Black_Clover""]","[""작품 / 작품 / 목록 / 블랙 클로버""]"
black_eyes,snapshot_match,0,340522,[],"[""black_eyes""]","[""외모 / 눈 / 색깔 / 검은색 눈""]"
black_fire,snapshot_match,0,402,[],"[""Black_Fire""]","[""작품 / 캐릭터 / DC 코믹스 / 블랙파이어""]"
black_hair,snapshot_match,0,2200747,[],"[""black hair""]","[""외모 / 머리카락 / 색깔 / 검은색 머리카락""]"
black_hair_streak,not_in_snapshot,,,[],"[""black_hair_streak""]","[""외모 / 머리카락 / 스타일 / 검은색 브리지""]"
black_lagoon,snapshot_match,3,2395,[],"[""Black_Lagoon""]","[""작품 / 작품 / 목록 / 블랙 라군""]"
black_lips,snapshot_match,0,10125,[],"[""black lips""]","[""외모 / 입 / 색깔 / 검은색 입술""]"
black_man,not_in_snapshot,,,[],"[""black_man""]","[""인물 / 인종 / 피부색 / 흑인""]"
black_maria,not_in_snapshot,,,[],"[""Black_Maria""]","[""작품 / 캐릭터 / 원피스 / 블랙 마리아""]"
black_quarter,not_in_snapshot,,,[],"[""black_quarter""]","[""인물 / 인종 / 피부색 / 흑인계 쿼터""]"
black_tongue,snapshot_match,0,418,[],"[""black tongue""]","[""외모 / 입 / 색깔 / 검은색 혀""]"
black_widow,snapshot_match,4,448,[],"[""Black_Widow""]","[""작품 / 캐릭터 / 마블 코믹스 / 블랙 위도우""]"
blackmail,snapshot_match,0,367,[],"[""blackmail""]","[""!섹스 / 섹스 / 설정 / 협박하다""]"
blair,not_in_snapshot,,,[],"[""Blair""]","[""작품 / 캐릭터 / 소울 이터 / 블레어""]"
blanked_eyes,not_in_snapshot,,,[],"[""blanked_eyes""]","[""외모 / 눈 / 모양 / 죽은 눈"", ""외모 / 눈 / 특징 / 눈이 죽었다""]"
blazer,snapshot_match,0,98239,[],"[""blazer""]","[""의상 / 상의 / 재킷 / 블레이저""]"
bleach,snapshot_match,3,21754,[],"[""Bleach""]","[""작품 / 작품 / 목록 / 블리치""]"
blindfold,snapshot_match,0,30319,[],"[""blindfold""]","[""!섹스 / 도구 / 구속 / 눈가리개""]"
blinking,snapshot_match,0,13080,[],"[""blinking""]","[""행동 / 동사 / 동사 ㄴ / 누군가 눈을 깜빡이다""]"
blocking,snapshot_match,0,964,[],"[""blocking""]","[""행동 / 동사 / 동사 ㅁ / 누구를 말리다""]"
blonde_hair,snapshot_match,0,2170270,[],"[""Blonde hair""]","[""외모 / 머리카락 / 색깔 / 황금색 머리카락""]"
blonde_hair_streak,not_in_snapshot,,,[],"[""Blonde_hair_streak""]","[""외모 / 머리카락 / 스타일 / 황금색 브리지""]"
blood_sucking,snapshot_match,0,188,[],"[""blood_sucking""]","[""동작 1 / 입 / 먹다 / 피를 빨다""]"
bloodshot_pupils,not_in_snapshot,,,[],"[""bloodshot_pupils""]","[""외모 / 눈 / 모양 / 충혈된 눈"", ""외모 / 눈 / 특징 / 눈이 충혈된다""]"
bloomers,snapshot_match,0,28433,[],"[""bloomers""]","[""의상 / 하의 / 반바지 / 블루머""]"
blouse,snapshot_match,0,50241,[],"[""blouse""]","[""의상 / 상의 / 셔츠 / 블라우스""]"
blowjob_face,alias_candidate_unverified,,,"["":>=""]","[""blowjob_face""]","[""!섹스 / 섹스 / 펠라치오 / 펠라치오하며 얼굴을 늘린다""]"
blue,not_in_snapshot,,,[],"[""blue""]","[""기본 / 배경 / 컬러 / 파란색""]"
blue_archive,snapshot_match,3,453812,[],"[""Blue_archive""]","[""작품 / 작품 / 목록 / 블루 아카이브""]"
blue_eyes,snapshot_match,0,2469720,[],"[""blue_eyes""]","[""외모 / 눈 / 색깔 / 파란색 눈""]"
blue_hair,snapshot_match,0,1201771,[],"[""blue hair""]","[""외모 / 머리카락 / 색깔 / 파란색 머리카락""]"
blue_hair_streak,not_in_snapshot,,,[],"[""blue_hair_streak""]","[""외모 / 머리카락 / 스타일 / 파란색 브리지""]"
blue_lips,snapshot_match,0,7956,[],"[""blue lips""]","[""외모 / 입 / 색깔 / 파란색 입술""]"
blue_tongue,snapshot_match,0,4418,[],"[""blue tongue""]","[""외모 / 입 / 색깔 / 파란색 혀""]"
blues,not_in_snapshot,,,[],"[""Blues""]","[""기본 / 테마 / 음악 / 블루스""]"
blunt_bangs,snapshot_match,0,429409,[],"[""Blunt_bangs""]","[""외모 / 머리카락 / 특징 / 앞머리가 가지런하다""]"
blunt_elbow,not_in_snapshot,,,[],"[""blunt_elbow""]","[""체형 / 팔 / 모양 / 팔꿈치가 뭉툭하다""]"
bluntbangs,not_in_snapshot,,,[],"[""bluntbangs""]","[""외모 / 머리카락 / 모양 / 머리카락이 뭉툭하다""]"
blurry,snapshot_match,0,311236,[],"[""blurry""]","[""기본 / 품질 / 완성도 / 흐릿한 이미지""]"
blurry_image,not_in_snapshot,,,[],"[""blurry_image""]","[""기본 / 품질 / 완성도 / 흐릿한 이미지""]"
blush,snapshot_match,0,4098979,[],"[""blush""]","[""외모 / 얼굴 / 특징 / 뺨을 붉혔다""]"
boa_hancock,snapshot_match,4,2177,[],"[""Boa_hancock""]","[""작품 / 캐릭터 / 원피스 / 보아 행콕""]"
boater_hat,snapshot_match,0,2348,[],"[""boater_hat""]","[""장신구 / 머리 장식 / 모자 / 챙이 넓고 납작한 모자""]"
bobby_socks,snapshot_match,0,11825,[],"[""bobby_socks""]","[""의상 / 속옷 / 양말 / 바비 양말""]"
body_writing,snapshot_match,0,15519,[],"[""body_writing""]","[""동작 1 / 얼굴 / 화장하다 / 몸에 낙서하다""]"
bodyguard,snapshot_match,0,209,[],"[""bodyguard""]","[""인물 / 직업 / 전문 / 친위대""]"
bodysuit,snapshot_match,0,183423,[],"[""bodysuit""]","[""의상 / 의상 / 슈트 / 바디슈트""]"
bokodere,not_in_snapshot,,,[],"[""Bokodere""]","[""인물 / 특징 / 데레 / 보코데레""]"
boku_wa_tomodachi_ga_sukunai,snapshot_match,3,3727,[],"[""Boku_wa_tomodachi_ga_sukunai""]","[""작품 / 작품 / 목록 / 나는 친구가 적다""]"
bolo_tie,snapshot_match,0,3278,[],"[""Bolo_Tie""]","[""장신구 / 목 장식 / 넥타이 / 볼로 타이""]"
bondage,snapshot_match,0,74258,[],"[""bondage""]","[""!섹스 / 섹스 / 설정 / 속박하다""]"
bondage_outfit,snapshot_match,0,3692,[],"[""bondage_outfit""]","[""!섹스 / 도구 / 구속 / 속박 복장""]"
bones,alias_candidate_unverified,,,"[""bone""]","[""Bones""]","[""작품 / 작품 / 제작 / 본즈""]"
bonnet,snapshot_match,0,20248,[],"[""bonnet""]","[""장신구 / 머리 장식 / 장신구 / 보닛""]"
bookstore,snapshot_match,0,318,[],"[""bookstore""]","[""기본 / 장소 / 가게 / 서점""]"
boots,snapshot_match,0,703151,[],"[""boots""]","[""의상 / 신발 / 부츠 / 부츠""]"
borderless_panels,snapshot_match,0,2056,[],"[""borderless_panels""]","[""기본 / 연출 / 컷 / 테두리 없는 컷""]"
boring_face,not_in_snapshot,,,[],"[""Boring_face""]","[""동작 1 / 얼굴 / 표정 / 지루한 표정""]"
bottomless,snapshot_match,0,122938,[],"[""bottomless""]","[""동작 2 / 의상 / 행동 / 옷을 하의만 입었다""]"
boudica,not_in_snapshot,,,[],"[""Boudica""]","[""작품 / 캐릭터 / Fate/Grand order / 부디카""]"
bouncing,snapshot_match,0,1070,[],"[""bouncing""]","[""행동 / 동명사 / 동명사 ㅇ / 무엇이 요동친다""]"
bouncing_breasts,snapshot_match,0,39170,[],"[""bouncing_breasts""]","[""동작 1 / 가슴 / 동작 / 가슴을 튕기다""]"
bouncing_testicles,snapshot_match,0,649,[],"[""bouncing_testicles""]","[""!섹스 / 섹스 / 고환 / 고환이 요동친다""]"
bouncingbreasts,not_in_snapshot,,,[],"[""bouncingbreasts""]","[""행동 / 동명사 / 동명사 ㅇ / 무엇이 요동친다""]"
bound_arms,snapshot_match,0,22800,[],"[""bound_arms""]","[""동작 1 / 몸 / 묶다 / 팔을 묶다""]"
bound_calves,snapshot_match,0,64,[],"[""bound_calves""]","[""동작 1 / 몸 / 묶다 / 종아리를 묶다""]"
bound_feet,snapshot_match,0,276,[],"[""bound_feet""]","[""동작 1 / 몸 / 묶다 / 발을 묶다""]"
bound_knees,snapshot_match,0,396,[],"[""bound_knees""]","[""동작 1 / 몸 / 묶다 / 무릎을 묶다""]"
bound_legs,snapshot_match,0,13673,[],"[""bound_legs""]","[""동작 1 / 몸 / 묶다 / 다리를 묶다""]"
bound_thighs,snapshot_match,0,1321,[],"[""bound_thighs""]","[""동작 1 / 몸 / 묶다 / 허벅지를 묶다""]"
bound_torso,snapshot_match,0,1979,[],"[""bound_torso""]","[""동작 1 / 몸 / 묶다 / 몸을 묶다""]"
bound_wrists,snapshot_match,0,29984,[],"[""bound_wrists""]","[""동작 1 / 몸 / 묶다 / 손목을 묶다""]"
bow_bra,snapshot_match,0,20778,[],"[""bow_bra""]","[""의상 / 속옷 / 브래지어 / 리본 브래지어""]"
bow_hairband,snapshot_match,0,24815,[],"[""bow_hairband""]","[""장신구 / 머리 장식 / 머리띠 / 양갈래 머리띠""]"
bow_panties,snapshot_match,0,59698,[],"[""bow_panties""]","[""의상 / 속옷 / 팬티 / 삼각형 팬티""]"
bowing,snapshot_match,0,3006,[],"[""bowing""]","[""행동 / 동사 / 동사 ㅁ / 누군가 무릎꿇고 인사하다""]"
bowler_hat,snapshot_match,0,1923,[],"[""bowler_hat""]","[""장신구 / 머리 장식 / 모자 / 챙이 작은 모자""]"
bowling_alley,snapshot_match,0,144,[],"[""bowling_alley""]","[""기본 / 장소 / 운동 / 볼링장""]"
bowtie,snapshot_match,0,492404,[],"[""bowtie""]","[""장신구 / 목 장식 / 넥타이 / 나비 넥타이""]"
box_tie,snapshot_match,0,1138,[],"[""box_tie""]","[""동작 1 / 몸 / 묶다 / 팔을 뒤로 묶다""]"
boxing_club,not_in_snapshot,,,[],"[""boxing_club""]","[""장신구 / 손 장식 / 장갑 / 권투 클러브""]"
boy,not_in_snapshot,,,[],"[""boy""]","[""체형 / 몸 / 나이 / 소년""]"
bra_lift,snapshot_match,0,12990,[],"[""bra_lift""]","[""동작 2 / 브래지어 / 행동 / 브래지어를 위로 올리다""]"
bra_on_ass,not_in_snapshot,,,[],"[""bra_on_ass""]","[""동작 2 / 브래지어 / 행동 / 브래지어를 엉덩이에 씌우다""]"
bra_on_head,snapshot_match,0,245,[],"[""bra_on_head""]","[""동작 2 / 브래지어 / 행동 / 브래지어를 머리에 씌우다""]"
bra_pull,snapshot_match,0,9436,[],"[""bra_pull""]","[""동작 2 / 브래지어 / 행동 / 브래지어를 벗었다""]"
bra_removed,alias_candidate_unverified,,,"[""unworn_bra""]","[""bra_removed""]","[""동작 2 / 브래지어 / 행동 / 브래지어를 벗다""]"
bra_strap,snapshot_match,0,13538,[],"[""bra_strap""]","[""의상 / 속옷 / 브래지어 / 브래지어 끈""]"
bradamante,not_in_snapshot,,,[],"[""Bradamante""]","[""작품 / 캐릭터 / Fate/Grand order / 브라단만테""]"
braid,snapshot_match,0,927723,[],"[""braid""]","[""외모 / 머리카락 / 스타일 / 브레이드""]"
braided_bangs,snapshot_match,0,17989,[],"[""braided_bangs""]","[""외모 / 머리카락 / 스타일 / 앞머리 브레이드"", ""외모 / 머리카락 / 특징 / 앞머리를 한쪽으로 땋았다""]"
braided_bun,snapshot_match,0,16593,[],"[""braided_bun""]","[""외모 / 머리카락 / 스타일 / 묶은 롤빵""]"
brandish_μ,not_in_snapshot,,,[],"[""Brandish_μ""]","[""작품 / 캐릭터 / 페어리테일 / 브랜디쉬 뮤""]"
brass_knuckles,snapshot_match,0,1179,[],"[""brass_knuckles""]","[""장신구 / 손 장식 / 장갑 / 너클""]"
brazil,snapshot_match,0,628,[],"[""Brazil""]","[""기본 / 장소 / 국가 / 브라질""]"
brazilians,not_in_snapshot,,,[],"[""Brazilians""]","[""인물 / 인종 / 국가 / 브라질인""]"
breaking,snapshot_match,0,1549,[],"[""breaking""]","[""행동 / 동명사 / 동명사 ㅍ / 무엇을 파괴하다""]"
breast_awe,snapshot_match,0,784,[],"[""breast_awe""]","[""동작 1 / 가슴 / 동작 / 가슴을 경외한다""]"
breast_biting,alias_candidate_unverified,,,"[""biting_breast""]","[""breast_biting""]","[""동작 1 / 가슴 / 동작 / 가슴을 물다"", ""동작 1 / 입 / 깨물다 / 이빨로 가슴을 깨물다""]"
breast_conscious,snapshot_match,0,2318,[],"[""breast_conscious""]","[""동작 1 / 가슴 / 동작 / 가슴을 의식한다""]"
breast_envy,snapshot_match,0,8069,[],"[""breast_envy""]","[""동작 1 / 가슴 / 동작 / 가슴을 질투한다""]"
breast_expansion,snapshot_match,0,2608,[],"[""breast_expansion""]","[""동작 1 / 가슴 / 동작 / 가슴을 확장한다""]"
breast_focus,snapshot_match,0,4330,[],"[""breast_focus""]","[""기본 / 초점 / 집중 / 가슴에 집중한다""]"
breast_grab,alias_candidate_unverified,,,"[""grabbing_another's_breast""]","[""breast_grab""]","[""!섹스 / 섹스 / 애무 / 손으로 가슴을 잡는다"", ""동작 1 / 가슴 / 애무하다 / 가슴을 잡다"", ""동작 1 / 손 / 애무하다 / 손으로 가슴을 잡다"", ""동작 1 / 손 / 잡다 / 손으로 가슴을 잡다""]"
breast_hold,not_in_snapshot,,,[],"[""breast_hold""]","[""동작 1 / 가슴 / 애무하다 / 가슴을 쥐다"", ""동작 1 / 손 / 애무하다 / 손으로 가슴을 쥐다""]"
breast_lift,snapshot_match,0,9128,[],"[""breast_lift""]","[""동작 1 / 가슴 / 동작 / 가슴을 들어 올리다"", ""동작 1 / 손 / 애무하다 / 손으로 가슴을 들다""]"
breast_padding,snapshot_match,0,1681,[],"[""breast_padding""]","[""!섹스 / 도구 / 성기 / 가슴 패드""]"
breast_poke,not_in_snapshot,,,[],"[""breast_poke""]","[""동작 1 / 가슴 / 애무하다 / 가슴을 찌르다"", ""동작 1 / 손 / 애무하다 / 손으로 가슴을 찌르다""]"
breast_press,snapshot_match,0,68755,[],"[""breast_press""]","[""동작 1 / 가슴 / 동작 / 가슴을 누른다"", ""동작 1 / 손 / 애무하다 / 손으로 가슴을 누르다""]"
breast_pull,snapshot_match,0,93,[],"[""breast_pull""]","[""동작 1 / 가슴 / 동작 / 가슴을 당긴다""]"
breast_punch,snapshot_match,0,64,[],"[""breast_punch""]","[""동작 1 / 가슴 / 동작 / 가슴을 때리다""]"
breast_reduction,snapshot_match,0,117,[],"[""breast_reduction""]","[""동작 1 / 가슴 / 동작 / 가슴을 축소한다""]"
breast_slap,not_in_snapshot,,,[],"[""breast_slap""]","[""동작 1 / 가슴 / 동작 / 가슴을 따귀로 때리다""]"
breast_slip,snapshot_match,0,3898,[],"[""breast_slip""]","[""의상 / 의상 / 특징 / 옷의 가슴을 노출하다""]"
breast_squeeze,alias_candidate_unverified,,,"[""breasts_squeezed_together""]","[""breast_squeeze""]","[""동작 1 / 가슴 / 애무하다 / 가슴을 짜내다"", ""동작 1 / 손 / 애무하다 / 손으로 가슴을 짜낸다"", ""동작 1 / 손 / 짜내다 / 손으로 가슴을 짜내다""]"
breast_sucking,snapshot_match,0,17750,[],"[""breast_sucking""]","[""동작 1 / 가슴 / 동작 / 가슴을 빨다"", ""동작 1 / 입 / 빨다 / 입으로 가슴을 빨다""]"
breast_sucking_through_clothes,snapshot_match,0,196,[],"[""breast_sucking_through_clothes""]","[""동작 1 / 입 / 빨다 / 입으로 옷 위의 가슴을 빨다""]"
breast_suppress,snapshot_match,0,8378,[],"[""breast_suppress""]","[""동작 1 / 가슴 / 동작 / 가슴을 가린다"", ""동작 1 / 손 / 애무하다 / 손으로 가슴을 올린다""]"
breastfeeding,snapshot_match,0,2119,[],"[""breastfeeding""]","[""동작 1 / 가슴 / 애무하다 / 가슴을 수유하다"", ""행동 / 동사 / 동사 ㅁ / 누군가 모유를 수유하다""]"
breastless_clothes,snapshot_match,0,4843,[],"[""breastless_clothes""]","[""의상 / 의상 / 특징 / 옷의 가슴을 전부 노출하다""]"
breasts_apart,snapshot_match,0,62285,[],"[""breasts_apart""]","[""동작 1 / 가슴 / 동작 / 가슴을 벌리다""]"
breasts_out,snapshot_match,0,88472,[],"[""breasts_out""]","[""동작 2 / 상의 / 행동 / 셔츠를 내려 가슴 양쪽을 노출하다""]"
breath_control,not_in_snapshot,,,[],"[""breath_control""]","[""!섹스 / 섹스 / 설정 / 질식하다""]"
breathing,alias_candidate_unverified,,,"[""breathing_(animated)""]","[""breathing""]","[""동작 1 / 입 / 호흡하다 / 숨쉬다""]"
bridal_legwear,snapshot_match,0,1914,[],"[""bridal_legwear""]","[""의상 / 속옷 / 양말 / 발가락이 보이는 양말""]"
bridge,snapshot_match,0,13512,[],"[""bridge""]","[""기본 / 장소 / 이동 / 다리""]"
bright_face,not_in_snapshot,,,[],"[""bright_face""]","[""동작 1 / 얼굴 / 표정 / 해맑은 표정""]"
british,alias_candidate_unverified,,,"[""united_kingdom""]","[""British""]","[""인물 / 인종 / 국가 / 영국인""]"
briton,not_in_snapshot,,,[],"[""Briton""]","[""기본 / 장소 / 국가 / 영국""]"
broad_nose,not_in_snapshot,,,[],"[""broad_nose""]","[""외모 / 코 / 모양 / 코가 넓적하다""]"
broken_condom,snapshot_match,0,297,[],"[""broken_condom""]","[""!섹스 / 섹스 / 콘돔 / 콘돔을 찢다""]"
broken_mask,snapshot_match,0,1405,[],"[""broken_mask""]","[""장신구 / 얼굴 장식 / 마스크 / 깨진 가면""]"
brother,not_in_snapshot,,,[],"[""brother""]","[""인물 / 인물 / 위치 / 형""]"
brother_and_sister,snapshot_match,0,40986,[],"[""brother_and_sister""]","[""인물 / 인물 / 위치 / 형제와 자매""]"
brothers,snapshot_match,0,19911,[],"[""brothers""]","[""인물 / 인물 / 위치 / 형제""]"
brown,not_in_snapshot,,,[],"[""brown""]","[""기본 / 배경 / 컬러 / 갈색""]"
brown_eyes,snapshot_match,0,1091031,[],"[""brown_eyes""]","[""외모 / 눈 / 색깔 / 갈색 눈""]"
brown_hair,snapshot_match,0,2087746,[],"[""brown hair""]","[""외모 / 머리카락 / 색깔 / 갈색 머리카락""]"
brown_hair_streak,not_in_snapshot,,,[],"[""brown_hair_streak""]","[""외모 / 머리카락 / 스타일 / 갈색 브리지""]"
brown_lips,snapshot_match,0,1571,[],"[""brown lips""]","[""외모 / 입 / 색깔 / 갈색 입술""]"
brown_tongue,not_in_snapshot,,,[],"[""brown tongue""]","[""외모 / 입 / 색깔 / 갈색 혀""]"
brush,snapshot_match,0,1113,[],"[""brush""]","[""기본 / 테마 / 도구 / 브러시""]"
brushing_hair,snapshot_match,0,3993,[],"[""brushing_hair""]","[""동작 1 / 머리 / 동작 / 머리를 빗다""]"
brynhildr,not_in_snapshot,,,[],"[""Brynhildr""]","[""작품 / 캐릭터 / Fate/Grand order / 브륀힐데""]"
brynhildr_(berserker),not_in_snapshot,,,[],"[""Brynhildr_(Berserker)""]","[""작품 / 캐릭터 / Fate/Grand order / 브륀힐데 수영복""]"
bubble_blowing,alias_candidate_unverified,,,"[""blowing_bubbles""]","[""bubble_blowing""]","[""동작 1 / 입 / 호흡하다 / 거품을 풀다""]"
bucket_hat,snapshot_match,0,3824,[],"[""bucket_hat""]","[""장신구 / 머리 장식 / 모자 / 폭이 넓고 길쭉한 모자""]"
budget_sarashi,snapshot_match,0,2690,[],"[""Budget_sarashi""]","[""의상 / 의상 / 복장 / 몸통 사라시""]"
building,snapshot_match,0,85162,[],"[""building""]","[""기본 / 장소 / 시설 / 빌딩""]"
bukkake,snapshot_match,0,16962,[],"[""bukkake""]","[""!섹스 / 섹스 / 사정 / 정액을 뿌리다""]"
bulgaria,not_in_snapshot,,,[],"[""Bulgaria""]","[""기본 / 장소 / 국가 / 불가리아""]"
bulgarian,not_in_snapshot,,,[],"[""Bulgarian""]","[""인물 / 인종 / 국가 / 불가리아인""]"
bulge_press,snapshot_match,0,520,[],"[""bulge_press""]","[""!섹스 / 섹스 / 자지 / 자지를 옷의 균열에 비비다""]"
bulla,not_in_snapshot,,,[],"[""Bulla""]","[""작품 / 캐릭터 / 드래곤볼 / 부라""]"
bulma,snapshot_match,4,2464,[],"[""Bulma""]","[""작품 / 캐릭터 / 드래곤볼 / 부르마""]"
bumping,snapshot_match,0,311,[],"[""bumping""]","[""행동 / 동사 / 동사 ㅅ / 누구와 실수로 부딪힌다""]"
bunker,snapshot_match,0,72,[],"[""bunker""]","[""기본 / 장소 / 시설 / 군사 벙커""]"
bunny_vibrator,alias_candidate_unverified,,,"[""rabbit_vibrator""]","[""bunny_vibrator""]","[""!섹스 / 도구 / 자위 / 음핵 바이브레이터""]"
burglar,not_in_snapshot,,,[],"[""burglar""]","[""인물 / 직업 / 일반 / 강도""]"
burnin,not_in_snapshot,,,[],"[""Burnin""]","[""작품 / 캐릭터 / 나의 히어로 아카데미아 / 버닝""]"
buruma,snapshot_match,0,40780,[],"[""buruma""]","[""의상 / 하의 / 반바지 / 부루마""]"
buruma_aside,snapshot_match,0,1375,[],"[""buruma_aside""]","[""동작 2 / 하의 / 행동 / 브루마를 옆으로 넘기다""]"
buruma_pull,snapshot_match,0,1650,[],"[""buruma_pull""]","[""동작 2 / 하의 / 행동 / 브루마를 아래로 내렸다""]"
business_suit,snapshot_match,0,8074,[],"[""business_suit""]","[""의상 / 의상 / 정장 / 신사복""]"
bust_measuring,snapshot_match,0,485,[],"[""bust_measuring""]","[""동작 1 / 가슴 / 동작 / 가슴을 측정한다"", ""동작 1 / 손 / 측정하다 / 손으로 가슴을 측정하다""]"
bustier,snapshot_match,0,7318,[],"[""bustier""]","[""의상 / 속옷 / 브래지어 / 뷔스티에""]"
busty,not_in_snapshot,,,[],"[""busty""]","[""체형 / 몸 / 모양 / 몸이 통통하다""]"
butler,snapshot_match,0,4422,[],"[""butler""]","[""인물 / 직업 / 서비스 / 집사""]"
butt_crack,snapshot_match,0,28653,[],"[""butt_crack""]","[""의상 / 의상 / 특징 / 옷의 엉덩이를 노출하다""]"
butt_plug,snapshot_match,0,7457,[],"[""butt_plug""]","[""!섹스 / 도구 / 성기 / 엉덩이 플러그""]"
butt_plug_tail,alias_candidate_unverified,,,"[""anal_tail""]","[""butt_plug_tail""]","[""!섹스 / 도구 / 성기 / 엉덩이 플러그 꼬리""]"
butterfly_sitting,snapshot_match,0,1571,[],"[""butterfly_sitting""]","[""동작 1 / 몸 / 앉다 / 나비처럼 앉다""]"
butterfly_vibrator,not_in_snapshot,,,[],"[""butterfly_vibrator""]","[""!섹스 / 도구 / 자위 / 착용 바이브레이터""]"
butterfly_wings,snapshot_match,0,8314,[],"[""Butterfly_wings""]","[""체형 / 날개 / 종류 / 나비 날개""]"
buttjob,snapshot_match,0,3243,[],"[""buttjob""]","[""!섹스 / 섹스 / 자지 / 자지를 엉덩이에 비빈다""]"
buying_condoms,snapshot_match,0,374,[],"[""buying_condoms""]","[""!섹스 / 섹스 / 콘돔 / 콘돔을 산다""]"
cafe,snapshot_match,0,4624,[],"[""cafe""]","[""기본 / 장소 / 가게 / 카페""]"
cafeteria,snapshot_match,0,257,[],"[""cafeteria""]","[""기본 / 장소 / 가게 / 구내식당""]"
calamity_jane,not_in_snapshot,,,[],"[""Calamity_Jane""]","[""작품 / 캐릭터 / Fate/Grand order / 캘러미티 제인""]"
calarts_style,not_in_snapshot,,,[],"[""CalArts_style""]","[""기본 / 작화 / 스타일 / 칼아츠 스타일""]"
call_girl,not_in_snapshot,,,[],"[""call_girl""]","[""인물 / 직업 / 성인 / 콜걸""]"
calligraphy_brush,snapshot_match,0,6581,[],"[""calligraphy_brush""]","[""기본 / 테마 / 도구 / 서예 붓""]"
camie_utsushimi,not_in_snapshot,,,[],"[""Camie_Utsushimi""]","[""작품 / 캐릭터 / 나의 히어로 아카데미아 / 우츠시미 케미""]"
camisole,snapshot_match,0,67653,[],"[""camisole""]","[""의상 / 속옷 / 브래지어 / 캐미솔""]"
camouflage,snapshot_match,0,15162,[],"[""camouflage""]","[""기본 / 배경 / 무늬 / 위장 무늬""]"
campaign_hat,snapshot_match,0,72,[],"[""campaign_hat""]","[""장신구 / 머리 장식 / 모자 / 군인(상관) 모자""]"
cana_alberona,snapshot_match,4,134,[],"[""Cana_Alberona""]","[""작품 / 캐릭터 / 페어리테일 / 카나 알베로나""]"
canada,snapshot_match,0,171,[],"[""Canada""]","[""기본 / 장소 / 국가 / 캐나다""]"
canadian,not_in_snapshot,,,[],"[""Canadian""]","[""인물 / 인종 / 국가 / 캐나다인""]"
canal,snapshot_match,0,769,[],"[""canal""]","[""기본 / 장소 / 이동 / 운하""]"
candice_catnipp,snapshot_match,4,187,[],"[""Candice_Catnipp""]","[""작품 / 캐릭터 / 블리치 / 캔디스 캐트닙""]"
canvas,not_in_snapshot,,,[],"[""canvas""]","[""기본 / 테마 / 도구 / 캔버스""]"
canyon,snapshot_match,0,642,[],"[""canyon""]","[""기본 / 장소 / 자연 / 협곡""]"
cape,snapshot_match,0,303650,[],"[""cape""]","[""의상 / 상의 / 겉옷 / 어깨를 덮는 망토""]"
cape_lift,snapshot_match,0,475,[],"[""cape_lift""]","[""동작 2 / 상의 / 행동 / 망토를 위로 올렸다""]"
capelet,snapshot_match,0,177936,[],"[""capelet""]","[""의상 / 상의 / 겉옷 / 어깨만 덮는 작은 망토""]"
capri_pants,snapshot_match,0,5061,[],"[""capri_pants""]","[""의상 / 하의 / 바지 / 발목 위까지 오는 바지""]"
captain_marvel,not_in_snapshot,,,[],"[""Captain_Marvel""]","[""작품 / 캐릭터 / 마블 코믹스 / 캡틴 마블""]"
captain_mizuki,snapshot_match,4,166,[],"[""Captain_Mizuki""]","[""작품 / 캐릭터 / 원펀맨 / 캡틴 미즈키""]"
card_between_breasts,snapshot_match,0,474,[],"[""card_between_breasts""]","[""동작 1 / 가슴 / 끼우다 / 가슴 사이에 카드를 키우다""]"
cardigan,snapshot_match,0,128021,[],"[""cardigan""]","[""의상 / 상의 / 겉옷 / 카디건""]"
cardigan_vest,snapshot_match,0,854,[],"[""cardigan_vest""]","[""의상 / 상의 / 겉옷 / 카디건 조끼""]"
carina,not_in_snapshot,,,[],"[""Carina""]","[""작품 / 캐릭터 / 원피스 / 카리나""]"
carmilla,not_in_snapshot,,,[],"[""Carmilla""]","[""작품 / 캐릭터 / Fate/Grand order / 카밀라""]"
carmilla_(rider),not_in_snapshot,,,[],"[""Carmilla_(Rider)""]","[""작품 / 캐릭터 / Fate/Grand order / 카밀라 수영복""]"
carnival_mask,snapshot_match,0,61,[],"[""carnival_mask""]","[""장신구 / 얼굴 장식 / 가면 / 축제 가면""]"
carousel,snapshot_match,0,1602,[],"[""carousel""]","[""기본 / 장소 / 유흥 / 회전목마""]"
carried_breast_rest,snapshot_match,0,950,[],"[""carried_breast_rest""]","[""동작 1 / 몸 / 올리다 / 가슴을 들다""]"
carry_me,snapshot_match,0,227,[],"[""carry_me""]","[""동작 1 / 손 / 동작 / 손을 뻗다""]"
carrying,snapshot_match,0,65479,[],"[""carrying""]","[""동작 1 / 몸 / 올리다 / 들쳐매다"", ""행동 / 동명사 / 동명사 ㄷ / 무엇이 떨어지는 걸 잡다""]"
carrying_over_shoulder,snapshot_match,0,4407,[],"[""carrying_over_shoulder""]","[""동작 1 / 몸 / 올리다 / 어깨 위로 들쳐매다""]"
carrying_someone,not_in_snapshot,,,[],"[""Carrying_someone""]","[""동작 1 / 몸 / 올리다 / 사람을 들쳐매다""]"
carrying_under_arm,snapshot_match,0,2904,[],"[""carrying_under_arm""]","[""동작 1 / 몸 / 올리다 / 겨드랑이에 끼고 들다""]"
cartoon,alias_candidate_unverified,,,"[""toon_(style)""]","[""Cartoon""]","[""기본 / 작화 / 스타일 / 카툰""]"
cartoon_network,snapshot_match,3,178,[],"[""Cartoon_Network""]","[""기본 / 작화 / 스타일 / 카툰 네트워크""]"
cartoon_photorealistic,not_in_snapshot,,,[],"[""Cartoon_photorealistic""]","[""기본 / 작화 / 화풍 / 미국풍 실사체""]"
cartoon_realistic,not_in_snapshot,,,[],"[""Cartoon_realistic""]","[""기본 / 작화 / 화풍 / 미국풍 실사체""]"
cashier,snapshot_match,0,627,[],"[""cashier""]","[""인물 / 직업 / 서비스 / 카운터 직원""]"
cassandra_cain,snapshot_match,4,292,[],"[""Cassandra_Cain""]","[""작품 / 캐릭터 / DC 코믹스 / 카산드라 케인""]"
cassandra_ilion,not_in_snapshot,,,[],"[""Cassandra_Ilion""]","[""작품 / 캐릭터 / 던전에서 만남을 추구하면 안 되는 걸까? / 카산드라 일리온""]"
cassock,snapshot_match,0,1313,[],"[""cassock""]","[""의상 / 의상 / 제복 / 사제복""]"
caster(fate/stay_night),not_in_snapshot,,,[],"[""Caster(Fate/stay_night)""]","[""작품 / 캐릭터 / Fate/stay night / 캐스터 ""]"
castle,snapshot_match,0,10502,[],"[""castle""]","[""기본 / 장소 / 시설 / 성""]"
casual_one-piece_swimsuit,snapshot_match,0,15789,[],"[""casual_one-piece_swimsuit""]","[""의상 / 의상 / 수영복 / 캐주얼 원피스 수영복""]"
cat,snapshot_match,0,118802,[],"[""cat""]","[""인물 / 종족 / 동물 / 고양이""]"
cat_costume,snapshot_match,0,1732,[],"[""cat_costume""]","[""의상 / 의상 / 코스튬 / 고양이 코스튬""]"
cat_ears,snapshot_match,0,408534,[],"[""cat_ears""]","[""외모 / 귀 / 모양 / 고양이 귀""]"
cat_furry,not_in_snapshot,,,[],"[""cat_furry""]","[""인물 / 종족 / 퍼리 / 고양이 수인""]"
cat_human,not_in_snapshot,,,[],"[""cat_human""]","[""인물 / 종족 / 수인 / 고양이 인간""]"
cat_tail,snapshot_match,0,222813,[],"[""cat_tail""]","[""체형 / 꼬리 / 종류 / 고양이 꼬리""]"
catching,snapshot_match,0,945,[],"[""catching""]","[""행동 / 동사 / 동사 ㅁ / 누구를 매달다""]"
catfight,snapshot_match,0,874,[],"[""catfight""]","[""!섹스 / 섹스 / 설정 / 캣파이트""]"
cattleya_de_la_fontaine,not_in_snapshot,,,[],"[""Cattleya_de_La_Fontaine""]","[""작품 / 캐릭터 / 제로의 사역마 / 카틀레아 드 라 폰티누""]"
catwoman,snapshot_match,4,549,[],"[""Catwoman""]","[""작품 / 캐릭터 / DC 코믹스 / 캣우먼""]"
caught,snapshot_match,0,5314,[],"[""caught""]","[""!섹스 / 섹스 / 상황 / 여자가 섹스를 보다""]"
cave,snapshot_match,0,4131,[],"[""cave""]","[""기본 / 장소 / 자연 / 동굴""]"
cecilia_alcott,snapshot_match,4,898,[],"[""Cecilia_Alcott""]","[""작품 / 캐릭터 / 인피니트 스트라토스 / 세실리아 올코트""]"
celestia_ludenberg,snapshot_match,4,1980,[],"[""Celestia_Ludenberg""]","[""작품 / 캐릭터 / 단간론파 / 셀레스티아 루덴베르크""]"
celtic_mythology,not_in_snapshot,,,[],"[""Celtic_mythology""]","[""기본 / 테마 / 신화 / 켈트 신화""]"
center_opening,snapshot_match,0,27657,[],"[""center_opening""]","[""의상 / 의상 / 특징 / 옷의 가슴 사이를 노출하다""]"
ceremonial_cotton_gloves,not_in_snapshot,,,[],"[""ceremonial_cotton_gloves""]","[""장신구 / 손 장식 / 장갑 / 의례용 면장갑""]"
cervical_penetration,snapshot_match,0,1001,[],"[""cervical_penetration""]","[""!섹스 / 섹스 / 자지 / 자지를 자궁에 삽입하다""]"
cg_game_cg,not_in_snapshot,,,[],"[""CG_game_cg""]","[""기본 / 작화 / 화풍 / 게임""]"
chacha,not_in_snapshot,,,[],"[""Chacha""]","[""작품 / 캐릭터 / Fate/Grand order / 차차""]"
chain_necklace,snapshot_match,0,12020,[],"[""chain_necklace""]","[""장신구 / 목 장식 / 목걸이 / 체인 목걸이""]"
chalk,snapshot_match,0,2321,[],"[""chalk""]","[""기본 / 테마 / 도구 / 분필""]"
chanchanko,not_in_snapshot,,,[],"[""chanchanko""]","[""의상 / 의상 / 복장 / 긴 하오리""]"
changing_room,snapshot_match,0,1004,[],"[""changing_room""]","[""기본 / 장소 / 가정 / 탈의실""]"
changpao,snapshot_match,0,1715,[],"[""changpao""]","[""의상 / 의상 / 복장 / 치파오""]"
chaotic_evil,not_in_snapshot,,,[],"[""Chaotic_Evil""]","[""인물 / 특징 / 성향 / 혼돈 악""]"
chaotic_good,not_in_snapshot,,,[],"[""Chaotic_Good""]","[""인물 / 특징 / 성향 / 혼돈 선""]"
chaotic_neutral,not_in_snapshot,,,[],"[""Chaotic_Neutral""]","[""인물 / 특징 / 성향 / 혼돈 중립""]"
chaps,snapshot_match,0,3663,[],"[""chaps""]","[""의상 / 하의 / 바지 / 카우보이 바지""]"
character_mask,snapshot_match,0,967,[],"[""character_mask""]","[""장신구 / 얼굴 장식 / 가면 / 캐릭터 가면""]"
character_single,snapshot_match,0,177,[],"[""character_single""]","[""기본 / 테마 / 표지 / 싱글 캐릭터 표지""]"
charcoal,snapshot_match,0,64,[],"[""charcoal""]","[""기본 / 테마 / 도구 / 숯""]"
charlotte_corday,not_in_snapshot,,,[],"[""Charlotte_Corday""]","[""작품 / 캐릭터 / Fate/Grand order / 샤를로트 코르데""]"
charlotte_corday_(caster),not_in_snapshot,,,[],"[""Charlotte_Corday_(Caster)""]","[""작품 / 캐릭터 / Fate/Grand order / 샤를로트 코르데 수영복""]"
charlotte_dunois,snapshot_match,4,1434,[],"[""Charlotte_Dunois""]","[""작품 / 캐릭터 / 인피니트 스트라토스 / 샤를로트 뒤노아""]"
charlotte_galette,not_in_snapshot,,,[],"[""Charlotte_Galette""]","[""작품 / 캐릭터 / 원피스 / 샬롯 갈렛""]"
charlotte_pudding,snapshot_match,4,307,[],"[""Charlotte_Pudding""]","[""작품 / 캐릭터 / 원피스 / 샬롯 푸딩""]"
charlotte_roselei,not_in_snapshot,,,[],"[""Charlotte_Roselei""]","[""작품 / 캐릭터 / 블랙 클로버 / 샬롯 로즈레이""]"
charlotte_smoothie,snapshot_match,4,59,[],"[""Charlotte_Smoothie""]","[""작품 / 캐릭터 / 원피스 / 샬롯 스무디""]"
charmed_face,not_in_snapshot,,,[],"[""charmed_face""]","[""동작 1 / 얼굴 / 표정 / 매혹한 표정""]"
chasing,snapshot_match,0,3451,[],"[""chasing""]","[""행동 / 동사 / 동사 ㅈ / 누구를 쫓다""]"
cheating,alias_candidate_unverified,,,"[""cheating_(relationship)""]","[""cheating""]","[""!섹스 / 섹스 / 설정 / 불륜하다""]"
checkered,not_in_snapshot,,,[],"[""checkered""]","[""기본 / 배경 / 무늬 / 체크 무늬""]"
cheek,not_in_snapshot,,,[],"[""cheek""]","[""외모 / 얼굴 / 부위 / 뺨""]"
cheek-to-cheek,snapshot_match,0,7444,[],"[""cheek-to-cheek""]","[""동작 1 / 몸 / 마주하다 / 뺨을 맞대다""]"
cheek_biting,alias_candidate_unverified,,,"[""biting_cheek""]","[""cheek_biting""]","[""동작 1 / 입 / 깨물다 / 이빨로 뺨을 깨물다""]"
cheek_pinching,snapshot_match,0,4240,[],"[""cheek_pinching""]","[""동작 1 / 손가락 / 꼬집다 / 손가락으로 뺨을 꼬집다""]"
cheering,snapshot_match,0,3410,[],"[""cheering""]","[""행동 / 동사 / 동사 ㅇ / 누구를 응원하다""]"
cheerleader,snapshot_match,0,24897,[],"[""cheerleader""]","[""의상 / 의상 / 제복 / 치어리더""]"
chef,snapshot_match,0,3062,[],"[""chef""]","[""인물 / 직업 / 전문 / 요리사""]"
chef_hat,snapshot_match,0,7549,[],"[""chef_hat""]","[""장신구 / 머리 장식 / 모자 / 요리사 모자""]"
chelsea,not_in_snapshot,,,[],"[""Chelsea""]","[""작품 / 캐릭터 / 아카메가 벤다 / 첼시""]"
chemist,not_in_snapshot,,,[],"[""chemist""]","[""인물 / 직업 / 과학 / 화학자""]"
chest_sarashi,snapshot_match,0,14547,[],"[""Chest_sarashi""]","[""의상 / 의상 / 복장 / 가슴 사라시""]"
chewing,snapshot_match,0,3677,[],"[""chewing""]","[""동작 1 / 입 / 먹다 / 씹다""]"
chiaki_nanami,not_in_snapshot,,,[],"[""Chiaki_Nanami""]","[""작품 / 캐릭터 / 단간론파 / 나나미 치아키""]"
chifuyu_orimura,not_in_snapshot,,,[],"[""Chifuyu_Orimura""]","[""작품 / 캐릭터 / 인피니트 스트라토스 / 오리무라 치후유""]"
chikan,snapshot_match,0,1438,[],"[""chikan""]","[""!섹스 / 섹스 / 설정 / 치한을 당하다""]"
child_carry,snapshot_match,0,2500,[],"[""child_carry""]","[""동작 1 / 몸 / 올리다 / 아이를 들다""]"
chile,snapshot_match,0,86,[],"[""Chile""]","[""기본 / 장소 / 국가 / 칠레""]"
chilean_people,not_in_snapshot,,,[],"[""Chilean_people""]","[""인물 / 인종 / 국가 / 칠레인""]"
chin,not_in_snapshot,,,[],"[""chin""]","[""외모 / 얼굴 / 부위 / 턱""]"
china,snapshot_match,0,651,[],"[""China""]","[""기본 / 장소 / 국가 / 중국""]"
china-style_maid,not_in_snapshot,,,[],"[""China-style_Maid""]","[""인물 / 직업 / 메이드 / 차이나 메이드""]"
china-style_maid_costume,not_in_snapshot,,,[],"[""China-style_maid_costume""]","[""의상 / 의상 / 코스튬 / 차이나 메이드복""]"
china_dress,alias_candidate_unverified,,,"[""qipao""]","[""china_dress""]","[""의상 / 의상 / 복장 / 차이나 드레스""]"
chinese,alias_candidate_unverified,,,"[""chinese_text""]","[""Chinese""]","[""인물 / 인종 / 국가 / 중국인""]"
chinese_mythology,snapshot_match,3,134,[],"[""Chinese_mythology""]","[""기본 / 테마 / 신화 / 중국 신화""]"
ching-li_hsiao,not_in_snapshot,,,[],"[""Ching-Li_Hsiao""]","[""작품 / 캐릭터 / 도쿄 구울 / 샤오 진리""]"
chisato_hasegawa,not_in_snapshot,,,[],"[""Chisato_Hasegawa""]","[""작품 / 캐릭터 / 새여동생 마왕의 계약자 / 하세가와 치사토""]"
chitose_kizuki,not_in_snapshot,,,[],"[""Chitose_Kizuki""]","[""작품 / 캐릭터 / 나의 히어로 아카데미아 / 큐리어스""]"
chocolatemaking,not_in_snapshot,,,[],"[""chocolatemaking""]","[""행동 / 동사 / 동사 ㅇ / 누군가 음식(초콜렛)을 만들다""]"
choke_hold,snapshot_match,0,1455,[],"[""Choke_hold""]","[""동작 1 / 팔 / 잡는다 / 강제로 목을 조르다""]"
choker,snapshot_match,0,621153,[],"[""choker""]","[""장신구 / 목 장식 / 넥타이 / 쵸커""]"
chubby,alias_candidate_unverified,,,"[""plump""]","[""chubby""]","[""체형 / 몸 / 모양 / 몸이 살짝 뚱뚱하다""]"
chubby_abs,not_in_snapshot,,,[],"[""chubby_abs""]","[""체형 / 몸 / 모양 / 복근이 통통하다""]"
chubby_calf,not_in_snapshot,,,[],"[""chubby_calf""]","[""체형 / 다리 / 모양 / 종아리가 통통하다""]"
chubby_forearm,not_in_snapshot,,,[],"[""chubby_forearm""]","[""체형 / 팔 / 모양 / 팔뚝이 통통하다""]"
chubby_stomach,not_in_snapshot,,,[],"[""chubby_stomach""]","[""체형 / 몸 / 모양 / 배가 뚱뚱하다""]"
chubby_thighs,not_in_snapshot,,,[],"[""chubby_thighs""]","[""체형 / 다리 / 모양 / 허벅지가 통통하다""]"
chubbywaist,not_in_snapshot,,,[],"[""chubbywaist""]","[""체형 / 몸 / 모양 / 허리가 통통하다""]"
church,snapshot_match,0,5220,[],"[""church""]","[""기본 / 장소 / 시설 / 교회""]"
circe,not_in_snapshot,,,[],"[""Circe""]","[""작품 / 캐릭터 / Fate/Grand order / 키르케""]"
circlet,snapshot_match,0,40909,[],"[""circlet""]","[""장신구 / 머리 장식 / 장신구 / 서클릿""]"
city,snapshot_match,0,35171,[],"[""city""]","[""기본 / 장소 / 시설 / 도시""]"
city_pop,not_in_snapshot,,,[],"[""City_Pop""]","[""기본 / 테마 / 음악 / 시티 팝""]"
classic,not_in_snapshot,,,[],"[""Classic""]","[""기본 / 테마 / 음악 / 클래식""]"
classic_maid,not_in_snapshot,,,[],"[""Classic_maid""]","[""인물 / 직업 / 메이드 / 클래식 메이드""]"
classic_maid_costume,not_in_snapshot,,,[],"[""Classic_maid_costume""]","[""의상 / 의상 / 코스튬 / 클래식 메이드복""]"
classroom,snapshot_match,0,26187,[],"[""classroom""]","[""기본 / 장소 / 시설 / 교실""]"
claudia_enfield,not_in_snapshot,,,[],"[""Claudia_Enfield""]","[""작품 / 캐릭터 / 학전도시 아스터리스크 / 클로디아 엔필드""]"
cleaning,snapshot_match,0,2690,[],"[""cleaning""]","[""행동 / 동명사 / 동명사 ㅊ / 무엇을 청소하다""]"
cleavage_cutout,snapshot_match,0,122284,[],"[""cleavage_cutout""]","[""의상 / 의상 / 특징 / 옷의 가슴골을 노출하다""]"
cleave_gag,snapshot_match,0,2595,[],"[""cleave_gag""]","[""!섹스 / 도구 / 개그 / 밧줄 개그""]"
cleft_of_venus,snapshot_match,0,48553,[],"[""cleft_of_venus""]","[""!섹스 / 보지 / 특징 / 보지의 틈이 보인다""]"
clementine,alias_candidate_unverified,,,"[""mandarin_orange""]","[""Clementine""]","[""작품 / 캐릭터 / 오버로드 / 클레만티느""]"
clenched_hand,snapshot_match,0,87751,[],"[""clenched_hand""]","[""동작 1 / 손 / 동작 / 손을 쥐다""]"
clenched_hands,snapshot_match,0,61697,[],"[""clenched_hands""]","[""동작 1 / 손 / 동작 / 손을 움켜쥔다""]"
cleopatra,not_in_snapshot,,,[],"[""Cleopatra""]","[""작품 / 캐릭터 / Fate/Grand order / 클레오파트라""]"
cliff,snapshot_match,0,4954,[],"[""cliff""]","[""기본 / 장소 / 자연 / 낭떠러지""]"
climbing,snapshot_match,0,2131,[],"[""climbing""]","[""행동 / 동사 / 동사 ㄷ / 누군가 등반하다""]"
climbing_gloves,not_in_snapshot,,,[],"[""climbing_gloves""]","[""장신구 / 손 장식 / 장갑 / 등산용 장갑""]"
clitoral_stimulation,snapshot_match,0,6009,[],"[""clitoral_stimulation""]","[""!섹스 / 섹스 / 보지 / 음핵을 자극하다""]"
clitoral_stimulation_through_clothing,alias_candidate_unverified,,,"[""clitoral_stimulation_through_clothes""]","[""clitoral_stimulation_through_clothing""]","[""!섹스 / 섹스 / 보지 / 음핵을 옷 위로 자극하다""]"
clitoris_chain,snapshot_match,0,147,[],"[""clitoris_chain""]","[""!섹스 / 도구 / 성기 / 음핵을 묶는 사슬""]"
clitoris_injection,not_in_snapshot,,,[],"[""clitoris_injection""]","[""!섹스 / 섹스 / 보지 / 음핵을 주사한다""]"
clitoris_leash,snapshot_match,0,99,[],"[""clitoris_leash""]","[""!섹스 / 도구 / 성기 / 음핵을 묶는 끈""]"
clitoris_piercing,alias_candidate_unverified,,,"[""clitoral_piercing""]","[""clitoris_piercing""]","[""!섹스 / 도구 / 성기 / 음핵 피어싱""]"
clitoris_pull,snapshot_match,0,66,[],"[""clitoris_pull""]","[""!섹스 / 섹스 / 보지 / 음핵을 당기다""]"
clitoris_ribbon,not_in_snapshot,,,[],"[""clitoris_ribbon""]","[""!섹스 / 도구 / 성기 / 음핵을 묶는 리본""]"
clitoris_ring,snapshot_match,0,737,[],"[""clitoris_ring""]","[""!섹스 / 도구 / 성기 / 음핵을 묶는 고리""]"
clitoris_slip,snapshot_match,0,436,[],"[""clitoris_slip""]","[""!섹스 / 보지 / 특징 / 음핵이 빠져나왔다""]"
clitoris_tied,not_in_snapshot,,,[],"[""clitoris_tied""]","[""!섹스 / 도구 / 성기 / 음핵을 묶는 끈""]"
clitoris_torture,snapshot_match,0,109,[],"[""clitoris_torture""]","[""!섹스 / 섹스 / 보지 / 음핵을 고문하다""]"
clitoris_tweak,snapshot_match,0,244,[],"[""clitoris_tweak""]","[""!섹스 / 섹스 / 보지 / 음핵을 비틀다""]"
clitorises_touching,not_in_snapshot,,,[],"[""clitorises_touching""]","[""!섹스 / 섹스 / 보지 / 음핵을 만진다""]"
cloche_hat,snapshot_match,0,121,[],"[""cloche_hat""]","[""장신구 / 머리 장식 / 모자 / 동그란 모자""]"
clock_tower,snapshot_match,0,2139,[],"[""clock_tower""]","[""기본 / 장소 / 건축물 / 시계탑""]"
clog_sandals,not_in_snapshot,,,[],"[""clog_sandals""]","[""의상 / 신발 / 샌들 / 나막신 샌들""]"
close_mouth,not_in_snapshot,,,[],"[""close_mouth""]","[""외모 / 입 / 상태 / 입을 다물다""]"
closed_missionary_position,not_in_snapshot,,,[],"[""Closed_Missionary_position""]","[""!섹스 / 섹스 / 체위 / 신장위""]"
closed_mouth,snapshot_match,0,1967660,[],"[""Closed_mouth""]","[""동작 1 / 입 / 동작 / 입을 다물다""]"
closet,snapshot_match,0,1212,[],"[""closet""]","[""기본 / 장소 / 가게 / 옷장"", ""기본 / 장소 / 가정 / 옷장""]"
clothed_after_sex,snapshot_match,0,679,[],"[""clothed_after_sex""]","[""!섹스 / 섹스 / 상황 / 여자가 섹스한 뒤 옷을 입다""]"
clothed_female_nude_male,snapshot_match,0,60046,[],"[""clothed_female_nude_male""]","[""!섹스 / 섹스 / 상황 / 여자만 옷을 입고 남자는 옷을 벗다""]"
clothed_male_nude_female,snapshot_match,0,11627,[],"[""clothed_male_nude_female""]","[""!섹스 / 섹스 / 상황 / 남자는 옷을 입고 여자는 옷을 벗다""]"
clothed_masturbation,not_in_snapshot,,,[],"[""clothed_masturbation""]","[""!섹스 / 섹스 / 자위 / 자위할 때 옷을 입는다""]"
clothed_sex,snapshot_match,0,54076,[],"[""clothed_sex""]","[""!섹스 / 섹스 / 상황 / 남자와 여자가 옷을 입고 섹스하다""]"
clothedbath,not_in_snapshot,,,[],"[""clothedbath""]","[""행동 / 동사 / 동사 ㅁ / 누군가 옷을 입고 목욕하다""]"
clothes_between_breasts,snapshot_match,0,18650,[],"[""clothes_between_breasts""]","[""동작 1 / 가슴 / 끼우다 / 가슴 사이에 옷을 끼우다""]"
clothes_down,snapshot_match,0,4434,[],"[""clothes_down""]","[""동작 2 / 의상 / 행동 / 옷을 아래로 내리다""]"
clothes_grab,snapshot_match,0,16022,[],"[""clothes_grab""]","[""동작 2 / 의상 / 행동 / 옷을 당기다""]"
clothing_aside,snapshot_match,0,65904,[],"[""clothing_aside""]","[""동작 2 / 의상 / 행동 / 옷을 옆으로 넘기다""]"
clover-shaped_pupils,snapshot_match,0,324,[],"[""clover-shaped_pupils""]","[""외모 / 눈 / 모양 / 클로버""]"
cloverworks_inc.,not_in_snapshot,,,[],"[""CloverWorks_Inc.""]","[""작품 / 작품 / 제작 / CloverWorks""]"
clown_mask,snapshot_match,0,287,[],"[""clown_mask""]","[""장신구 / 얼굴 장식 / 가면 / 광대 가면""]"
clubroom,snapshot_match,0,408,[],"[""clubroom""]","[""기본 / 장소 / 시설 / 동아리실""]"
coat,snapshot_match,0,380197,[],"[""coat""]","[""의상 / 상의 / 코트 / 코트""]"
coat_dress,snapshot_match,0,1817,[],"[""coat_dress""]","[""의상 / 의상 / 드레스 / 코트 드레스""]"
cocktail_dress,snapshot_match,0,2545,[],"[""cocktail_dress""]","[""의상 / 의상 / 드레스 / 칵테일 드레스""]"
code_geass,snapshot_match,3,15106,[],"[""Code_Geass""]","[""작품 / 작품 / 목록 / 코드 기어스""]"
coke-bottle_glasses,snapshot_match,0,2619,[],"[""coke-bottle_glasses""]","[""장신구 / 얼굴 장식 / 안경 / 연구원 안경""]"
cold_gloves,not_in_snapshot,,,[],"[""cold_gloves""]","[""장신구 / 손 장식 / 장갑 / 방한 장갑""]"
collapsed_cowgirl_position,not_in_snapshot,,,[],"[""collapsed_cowgirl_position""]","[""!섹스 / 섹스 / 체위 / 밀착 기승위""]"
collar_grab,snapshot_match,0,903,[],"[""collar_grab""]","[""동작 2 / 상의 / 행동 / 셔츠의 옷깃을 잡았다""]"
collar_tug,snapshot_match,0,1173,[],"[""collar_tug""]","[""동작 2 / 상의 / 행동 / 셔츠의 옷깃을 당기다""]"
collarbone_piercing,snapshot_match,0,314,[],"[""Collarbone_piercing""]","[""장신구 / 기타 / 피어싱 / 배꼽 피어싱""]"
collared_dress,snapshot_match,0,51307,[],"[""collared_dress""]","[""의상 / 의상 / 드레스 / 칼라 드레스""]"
collared_shirt,snapshot_match,0,764378,[],"[""collared_shirt""]","[""의상 / 상의 / 셔츠 / 칼라 셔츠""]"
colombia,snapshot_match,0,54,[],"[""Colombia""]","[""기본 / 장소 / 국가 / 콜롬비아""]"
colombian_people,not_in_snapshot,,,[],"[""Colombian_people""]","[""인물 / 인종 / 국가 / 콜롬비아인""]"
color_ink,not_in_snapshot,,,[],"[""color_ink""]","[""기본 / 테마 / 도구 / 색 잉크""]"
colored_inner,not_in_snapshot,,,[],"[""colored_inner""]","[""기본 / 배경 / 컬러 / 내부 착색""]"
colored_inner_hair,snapshot_match,0,160201,[],"[""colored inner hair""]","[""외모 / 머리카락 / 색깔 / 머리카락 안쪽을 염색했다""]"
colored_pencil,snapshot_match,0,612,[],"[""colored_pencil""]","[""기본 / 테마 / 도구 / 색연필""]"
colored_pubic_hair,snapshot_match,0,8456,[],"[""colored_pubic_hair""]","[""!섹스 / 보지 / 특징 / 음모가 착색되다""]"
combat_gloves,not_in_snapshot,,,[],"[""combat_gloves""]","[""장신구 / 손 장식 / 장갑 / 전투용 장갑""]"
come_at_me_bro,snapshot_match,0,94,[],"[""come_at_me_bro""]","[""동작 1 / 손 / 손짓하다 / 손짓하며 도발하다""]"
come_hither,snapshot_match,0,5319,[],"[""come_hither""]","[""동작 1 / 손 / 손짓하다 / 손짓하며 유혹하다""]"
comforting,snapshot_match,0,2417,[],"[""comforting""]","[""행동 / 동사 / 동사 ㅇ / 누구를 위로하다""]"
compensated_molestation,snapshot_match,0,78,[],"[""compensated_molestation""]","[""!섹스 / 섹스 / 설정 / 성추행을 요구하다""]"
competition_swimsuit,snapshot_match,0,38506,[],"[""competition_swimsuit""]","[""의상 / 의상 / 수영복 / 선수용 수영복""]"
completely_nude,snapshot_match,0,292538,[],"[""completely_nude""]","[""체형 / 몸 / 특징 / 몸이 알몸이다""]"
compression_shirt,snapshot_match,0,1312,[],"[""compression_shirt""]","[""의상 / 상의 / 셔츠 / 밀착한 셔츠""]"
concentrating,snapshot_match,0,874,[],"[""concentrating""]","[""행동 / 동사 / 동사 ㅈ / 누군가 집중하다""]"
condom,snapshot_match,0,46588,[],"[""condom""]","[""!섹스 / 도구 / 성기 / 콘돔""]"
condom_balloon,not_in_snapshot,,,[],"[""condom_balloon""]","[""!섹스 / 도구 / 성기 / 콘돔 풍선""]"
condom_belt,snapshot_match,0,2818,[],"[""condom_belt""]","[""!섹스 / 도구 / 성기 / 콘돔 벨트""]"
condom_box,snapshot_match,0,2144,[],"[""condom_box""]","[""!섹스 / 도구 / 성기 / 콘돔 상자""]"
condom_earrings,not_in_snapshot,,,[],"[""condom_earrings""]","[""!섹스 / 섹스 / 콘돔 / 콘돔을 귀에 매달다""]"
condom_in_clothes,alias_candidate_unverified,,,"[""condom_wrapper_in_clothes""]","[""condom_in_clothes""]","[""!섹스 / 섹스 / 콘돔 / 콘돔을 옷에 매달다""]"
condom_in_mouth,snapshot_match,0,7238,[],"[""condom_in_mouth""]","[""!섹스 / 섹스 / 콘돔 / 콘돔을 입에 물리다""]"
condom_left_inside,snapshot_match,0,966,[],"[""condom_left_inside""]","[""!섹스 / 섹스 / 콘돔 / 콘돔이 보지 안에 남다""]"
condom_on_head,snapshot_match,0,226,[],"[""condom_on_head""]","[""!섹스 / 섹스 / 콘돔 / 콘돔을 머리에 올리다""]"
condom_on_nipples,snapshot_match,0,335,[],"[""condom_on_nipples""]","[""!섹스 / 섹스 / 콘돔 / 콘돔을 젖꼭지에 매달다""]"
condom_on_object,not_in_snapshot,,,[],"[""condom_on_object""]","[""!섹스 / 섹스 / 콘돔 / 콘돔을 물건에 올리다""]"
condom_on_penis,snapshot_match,0,5547,[],"[""condom_on_penis""]","[""!섹스 / 섹스 / 콘돔 / 콘돔을 자지 위에 올리다""]"
condom_packet_strip,snapshot_match,0,3545,[],"[""condom_packet_strip""]","[""!섹스 / 도구 / 성기 / 콘돔 묶음""]"
condom_wrapper,snapshot_match,0,21115,[],"[""condom_wrapper""]","[""!섹스 / 도구 / 성기 / 콘돔 포장지""]"
conductor,snapshot_match,0,501,[],"[""conductor""]","[""인물 / 직업 / 전문 / 지휘자""]"
cone_hair_bun,snapshot_match,0,21294,[],"[""cone_hair_bun""]","[""외모 / 머리카락 / 스타일 / 콘헤어 롤빵""]"
confused_face,not_in_snapshot,,,[],"[""confused_face""]","[""동작 1 / 얼굴 / 표정 / 혼란한 표정""]"
consensual_tentacles,snapshot_match,0,1858,[],"[""consensual_tentacles""]","[""!섹스 / 섹스 / 촉수 / 촉수를 원하다""]"
conservatory,snapshot_match,0,166,[],"[""conservatory""]","[""기본 / 장소 / 현장 / 온실""]"
consort_yu,not_in_snapshot,,,[],"[""Consort_Yu""]","[""작품 / 캐릭터 / Fate/Grand order / 우미인""]"
consort_yu_(swimsuit_lancer),alias_candidate_unverified,,,"[""yu_mei-ren_(swimsuit_lancer)_(fate)""]","[""Consort_Yu_(Swimsuit_Lancer)""]","[""작품 / 캐릭터 / Fate/Grand order / 우미인 수영복""]"
construction_site,snapshot_match,0,404,[],"[""construction_site""]","[""기본 / 장소 / 현장 / 건설현장""]"
construction_worker,snapshot_match,0,241,[],"[""construction_worker""]","[""인물 / 직업 / 일반 / 건설 노동자""]"
contrapposto,snapshot_match,0,37679,[],"[""contrapposto""]","[""기본 / 테마 / 미술 / 콘트라포스토""]"
control_tower,snapshot_match,0,55,[],"[""control_tower""]","[""기본 / 장소 / 이동 / 컨트롤 타워""]"
convenience_store,snapshot_match,0,2097,[],"[""convenience_store""]","[""기본 / 장소 / 가게 / 편의점""]"
convenient_breasts,snapshot_match,0,170,[],"[""convenient_breasts""]","[""동작 1 / 가슴 / 동작 / 가슴을 받침대처럼 쓴다""]"
convention,snapshot_match,0,432,[],"[""convention""]","[""기본 / 장소 / 유흥 / 이벤트 무대""]"
converse,snapshot_match,0,1743,[],"[""converse""]","[""의상 / 신발 / 신발 / 운동화""]"
cooking,snapshot_match,0,12160,[],"[""cooking""]","[""행동 / 동사 / 동사 ㅇ / 누군가 음식을 요리하다""]"
cooling_tower,snapshot_match,0,53,[],"[""cooling_tower""]","[""기본 / 장소 / 현장 / 냉각탑""]"
cooperative_fellatio,snapshot_match,0,6488,[],"[""cooperative_fellatio""]","[""!섹스 / 섹스 / 펠라치오 / 협력해서 펠라치오한다""]"
cooperative_footjob,snapshot_match,0,392,[],"[""cooperative_footjob""]","[""!섹스 / 섹스 / 풋잡 / 발로 협력해서 자지를 훑는다""]"
cooperative_handjob,snapshot_match,0,1057,[],"[""cooperative_handjob""]","[""!섹스 / 섹스 / 핸드잡 / 손으로 자지를 동시에 흔들다""]"
cooperative_paizuri,snapshot_match,0,3044,[],"[""cooperative_paizuri""]","[""!섹스 / 섹스 / 파이즈리 / 협력해서 파이즈리한다""]"
cornelia_li_britannia,snapshot_match,4,466,[],"[""Cornelia_li_Britannia""]","[""작품 / 캐릭터 / 코드 기어스 / 코넬리아 리 브리타니아""]"
cornrows,snapshot_match,0,849,[],"[""cornrows""]","[""외모 / 머리카락 / 스타일 / 콘로우""]"
corset,snapshot_match,0,67082,[],"[""corset""]","[""의상 / 속옷 / 브래지어 / 코르셋""]"
coughing,snapshot_match,0,797,[],"[""coughing""]","[""동작 1 / 입 / 호흡하다 / 기침한다""]"
coupy_pencil,not_in_snapshot,,,[],"[""coupy_pencil""]","[""기본 / 테마 / 도구 / 플라스틱 연필""]"
courtroom,snapshot_match,0,339,[],"[""courtroom""]","[""기본 / 장소 / 시설 / 법정""]"
cousins,snapshot_match,0,4978,[],"[""cousins""]","[""인물 / 인물 / 위치 / 사촌""]"
cover_page,snapshot_match,0,69977,[],"[""cover_page""]","[""기본 / 테마 / 표지 / 작품 표지""]"
covered_nipples,snapshot_match,0,203952,[],"[""covered_nipples""]","[""동작 1 / 가슴 / 애무하다 / 젖꼭지를 덮다""]"
covering,alias_candidate_unverified,,,"[""covering_privates""]","[""covering""]","[""동작 1 / 손 / 숨기다 / 손으로 숨기다""]"
covering_anus,snapshot_match,0,101,[],"[""covering_anus""]","[""!섹스 / 엉덩이 / 동작 / 항문을 덮다""]"
covering_ass,snapshot_match,0,1504,[],"[""covering_ass""]","[""동작 1 / 손 / 숨기다 / 손으로 엉덩이를 숨기다"", ""동작 1 / 엉덩이 / 동작 / 엉덩이를 덮다""]"
covering_breasts,snapshot_match,0,28403,[],"[""covering_breasts""]","[""동작 1 / 손 / 숨기다 / 손으로 가슴을 숨기다""]"
covering_crotch,snapshot_match,0,15990,[],"[""covering_crotch""]","[""동작 1 / 손 / 숨기다 / 손으로 가랑이를 숨기다""]"
covering_ears,alias_candidate_unverified,,,"[""covering_own_ears""]","[""covering_ears""]","[""동작 1 / 귀 / 동작 / 귀를 덮다"", ""동작 1 / 손 / 숨기다 / 손으로 귀를 숨기다""]"
covering_eyes,alias_candidate_unverified,,,"[""covering_own_eyes""]","[""covering_eyes""]","[""동작 1 / 손 / 숨기다 / 손으로 눈을 숨기다""]"
covering_mouth,alias_candidate_unverified,,,"[""covering_own_mouth""]","[""covering_mouth""]","[""동작 1 / 손 / 숨기다 / 손으로 입을 가리다""]"
covering_nipple,not_in_snapshot,,,[],"[""covering_nipple""]","[""동작 1 / 손 / 숨기다 / 손으로 젖꼭지를 숨기다""]"
cow,snapshot_match,0,2398,[],"[""cow""]","[""인물 / 종족 / 동물 / 소""]"
cow_costume,snapshot_match,0,1010,[],"[""cow_costume""]","[""의상 / 의상 / 코스튬 / 소 코스튬""]"
cow_ears,snapshot_match,0,27545,[],"[""cow_ears""]","[""외모 / 귀 / 모양 / 소 귀""]"
cow_furry,not_in_snapshot,,,[],"[""cow_furry""]","[""인물 / 종족 / 퍼리 / 소 수인""]"
cow_girl(goblin_slayer),not_in_snapshot,,,[],"[""Cow_Girl(Goblin_Slayer)""]","[""작품 / 캐릭터 / 고블린 슬레이어 / 소치기 소녀""]"
cow_human,not_in_snapshot,,,[],"[""cow_human""]","[""인물 / 종족 / 수인 / 소 인간""]"
cow_tail,snapshot_match,0,11484,[],"[""cow_tail""]","[""체형 / 꼬리 / 종류 / 소 꼬리""]"
cowboy_boots,snapshot_match,0,2180,[],"[""cowboy_boots""]","[""의상 / 신발 / 부츠 / 카우보이 부츠""]"
cowboy_hat,snapshot_match,0,13503,[],"[""cowboy_hat""]","[""장신구 / 머리 장식 / 모자 / 카우보이 모자""]"
cowboy_shot,snapshot_match,0,852840,[],"[""cowboy_shot""]","[""기본 / 초점 / 강조 / 얼굴~허벅지에 집중한다""]"
cowboy_western,snapshot_match,0,3003,[],"[""cowboy_western""]","[""의상 / 의상 / 코스튬 / 카우보이""]"
cowering,snapshot_match,0,842,[],"[""cowering""]","[""행동 / 동사 / 동사 ㅁ / 누군가 몸을 웅크리다""]"
cowgirl_position,snapshot_match,0,55943,[],"[""cowgirl_position""]","[""!섹스 / 섹스 / 체위 / 기승위""]"
cravate,not_in_snapshot,,,[],"[""Cravate""]","[""장신구 / 목 장식 / 넥타이 / 크라밧""]"
crawling,snapshot_match,0,1527,[],"[""crawling""]","[""동작 1 / 몸 / 동작 / 네 발로 걷다"", ""행동 / 동사 / 동사 ㄴ / 누군가 네 발로 걷다""]"
crayon,snapshot_match,0,2189,[],"[""crayon""]","[""기본 / 테마 / 도구 / 크레용""]"
crazy_face,not_in_snapshot,,,[],"[""Crazy_face""]","[""동작 1 / 얼굴 / 표정 / 미친 표정""]"
crescent_earrings,snapshot_match,0,6992,[],"[""Crescent_earrings""]","[""장신구 / 귀 장식 / 귀걸이 / 초승달 귀걸이""]"
cried_so_sadly,not_in_snapshot,,,[],"[""cried_so_sadly""]","[""외모 / 얼굴 / 특징 / 울면서 슬퍼한다""]"
crooked_eyewear,snapshot_match,0,476,[],"[""crooked_eyewear""]","[""동작 2 / 안경 / 행동 / 안경을 기울이다""]"
crop_top,snapshot_match,0,285007,[],"[""crop_top""]","[""의상 / 상의 / 셔츠 / 배꼽티""]"
cropped_hoodie,snapshot_match,0,5077,[],"[""cropped_hoodie""]","[""의상 / 상의 / 후드 / 배꼽 보이는 후드""]"
cropped_jacket,snapshot_match,0,79638,[],"[""cropped_jacket""]","[""의상 / 상의 / 재킷 / 크롭 재킷""]"
cross-laced_clothes,snapshot_match,0,32304,[],"[""cross-laced_clothes""]","[""의상 / 의상 / 특징 / 옷의 선을 X자로 묶었다""]"
cross-laced_cutout,snapshot_match,0,1103,[],"[""cross-laced_cutout""]","[""의상 / 의상 / 특징 / 옷의 선을 X자로 묶어 노출하다""]"
cross-laced_footwear,not_in_snapshot,,,[],"[""cross-laced_footwear""]","[""의상 / 신발 / 신발 / 끈이 달린 신발""]"
cross-laced_legwear,snapshot_match,0,1482,[],"[""cross-laced_legwear""]","[""의상 / 속옷 / 양말 / 끈(십자형) 장식 달린 양말""]"
cross-laced_sandals,snapshot_match,0,478,[],"[""cross-laced_sandals""]","[""의상 / 신발 / 샌들 / 끈이 얽힌 샌들""]"
cross-section,snapshot_match,0,18638,[],"[""cross-section""]","[""기본 / 연출 / 컷 / 추가적인 컷씬""]"
cross_earrings,snapshot_match,0,14346,[],"[""Cross_earrings""]","[""장신구 / 귀 장식 / 귀걸이 / 십자가 귀걸이""]"
cross_kiss,not_in_snapshot,,,[],"[""Cross_Kiss""]","[""동작 1 / 입 / 키스하다 / 입술을 교차해 키스한다""]"
cross_tie,snapshot_match,0,3319,[],"[""cross_tie""]","[""장신구 / 목 장식 / 넥타이 / 끈 타이""]"
crossed_ankles,snapshot_match,0,8279,[],"[""crossed_ankles""]","[""동작 1 / 발 / 동작 / 발목을 겹치다""]"
crossed_bangs,snapshot_match,0,108344,[],"[""crossed_bangs""]","[""외모 / 머리카락 / 특징 / 앞머리가 미간에서 교차한다""]"
crossed_fingers,snapshot_match,0,366,[],"[""crossed_fingers""]","[""동작 1 / 손가락 / 동작 / 손가락을 교차한다""]"
crossed_legs,snapshot_match,0,106713,[],"[""crossed_legs""]","[""동작 1 / 다리 / 자세 / 다리를 꼬다"", ""동작 1 / 몸 / 눕다 / 누워서 다리를 꼬다""]"
crosswalk,snapshot_match,0,3647,[],"[""crosswalk""]","[""기본 / 장소 / 이동 / 횡단보도""]"
crotch_cutout,snapshot_match,0,2319,[],"[""crotch_cutout""]","[""의상 / 의상 / 특징 / 옷의 가랑이를 노출하다""]"
crotch_grab,snapshot_match,0,1348,[],"[""crotch_grab""]","[""!섹스 / 섹스 / 자위 / 자위할 때 가랑이를 잡는다""]"
crotch_kick,snapshot_match,0,502,[],"[""crotch_kick""]","[""동작 1 / 다리 / 차다 / 다리로 가랑이를 차다""]"
crotch_rope,snapshot_match,0,5740,[],"[""crotch_rope""]","[""!섹스 / 도구 / 구속 / 가랑이 밧줄""]"
crotch_seam,snapshot_match,0,29721,[],"[""crotch_seam""]","[""의상 / 속옷 / 팬티 / 가랑이가 보이는 팬티""]"
crotch_stomping,snapshot_match,0,364,[],"[""crotch_stomping""]","[""동작 1 / 발 / 밟다 / 강제로 가랑이를 밟다""]"
crotchless_panties,snapshot_match,0,4275,[],"[""crotchless_panties""]","[""의상 / 속옷 / 팬티 / 가랑이가 노출된 팬티""]"
croupier,alias_candidate_unverified,,,"[""dealer_(gambling)""]","[""croupier""]","[""인물 / 직업 / 일반 / 상인""]"
crown_braid,snapshot_match,0,36880,[],"[""crown_braid""]","[""외모 / 머리카락 / 스타일 / 크라운 브레이드""]"
crowns,not_in_snapshot,,,[],"[""Crowns""]","[""장신구 / 머리 장식 / 장신구 / 왕관""]"
crucifixion,snapshot_match,0,974,[],"[""crucifixion""]","[""동작 1 / 몸 / 묶다 / 온몸이 묶이다""]"
crushing,snapshot_match,0,1256,[],"[""crushing""]","[""행동 / 동명사 / 동명사 ㄴ / 무엇을 눌러서 터뜨리다""]"
crying,snapshot_match,0,115074,[],"[""crying""]","[""동작 1 / 눈 / 울다 / 눈물을 흘리다"", ""외모 / 얼굴 / 특징 / 울고 있다""]"
crying_eyes,not_in_snapshot,,,[],"[""crying_eyes""]","[""외모 / 눈 / 특징 / 눈물을 흘린다""]"
crying_face,not_in_snapshot,,,[],"[""crying_face""]","[""동작 1 / 얼굴 / 표정 / 우는 표정""]"
crystal_earrings,snapshot_match,0,2691,[],"[""Crystal_earrings""]","[""장신구 / 귀 장식 / 귀걸이 / 수정 귀걸이""]"
cubicle_1_cubicle,not_in_snapshot,,,[],"[""cubicle_1_cubicle""]","[""기본 / 장소 / 시설 / 1인 사무실""]"
cuddling,snapshot_match,0,5734,[],"[""cuddling""]","[""행동 / 동사 / 동사 ㄱ / 누구를 껴안다""]"
cuffs,snapshot_match,0,44813,[],"[""cuffs""]","[""!섹스 / 도구 / 구속 / 수갑""]"
cum_bath,snapshot_match,0,279,[],"[""cum_bath""]","[""!섹스 / 섹스 / 사정 / 정액이 고였다""]"
cum_in_ass,snapshot_match,0,21407,[],"[""cum_in_ass""]","[""!섹스 / 섹스 / 사정 / 정액을 엉덩이 안에 뿌리다""]"
cum_in_clothes,snapshot_match,0,2381,[],"[""cum_in_clothes""]","[""!섹스 / 섹스 / 사정 / 정액을 옷 안에 뿌리다""]"
cum_in_container,snapshot_match,0,1867,[],"[""cum_in_container""]","[""!섹스 / 섹스 / 사정 / 정액을 큰 컵 안에 뿌리다""]"
cum_in_cup,snapshot_match,0,936,[],"[""cum_in_cup""]","[""!섹스 / 섹스 / 사정 / 정액을 컵 안에 뿌리다""]"
cum_in_eye,snapshot_match,0,141,[],"[""cum_in_eye""]","[""!섹스 / 섹스 / 사정 / 정액을 눈 안에 뿌리다""]"
cum_in_headwear,snapshot_match,0,52,[],"[""cum_in_headwear""]","[""!섹스 / 섹스 / 사정 / 정액을 모자 안에 뿌리다""]"
cum_in_mouth,snapshot_match,0,40964,[],"[""cum_in_mouth""]","[""!섹스 / 섹스 / 사정 / 정액을 입 안에 뿌리다""]"
cum_in_nose,snapshot_match,0,1753,[],"[""cum_in_nose""]","[""!섹스 / 섹스 / 사정 / 정액을 코 안에 뿌리다""]"
cum_in_pussy,snapshot_match,0,144415,[],"[""cum_in_pussy""]","[""!섹스 / 섹스 / 사정 / 정액을 보지 안에 뿌리다""]"
cum_in_shoe,alias_candidate_unverified,,,"[""cum_in_footwear""]","[""cum_in_shoe""]","[""!섹스 / 섹스 / 사정 / 정액을 신발 안에 뿌리다""]"
cum_in_throat,snapshot_match,0,416,[],"[""cum_in_throat""]","[""!섹스 / 섹스 / 사정 / 정액을 목 안에 뿌리다""]"
cum_in_urethra,snapshot_match,0,374,[],"[""cum_in_urethra""]","[""!섹스 / 섹스 / 사정 / 정액을 요도 안에 뿌리다""]"
cum_inflation,snapshot_match,0,2013,[],"[""cum_inflation""]","[""!섹스 / 섹스 / 사정 / 정액이 배를 팽창시킨다""]"
cum_on_ass,snapshot_match,0,11053,[],"[""cum_on_ass""]","[""!섹스 / 섹스 / 사정 / 정액을 엉덩이 위에 뿌리다""]"
cum_on_body,snapshot_match,0,128647,[],"[""cum_on_body""]","[""!섹스 / 섹스 / 사정 / 정액을 몸 위에 뿌리다""]"
cum_on_breasts,snapshot_match,0,54415,[],"[""cum_on_breasts""]","[""!섹스 / 섹스 / 사정 / 정액을 가슴 위에 뿌리다""]"
cum_on_clothes,snapshot_match,0,16729,[],"[""cum_on_clothes""]","[""!섹스 / 섹스 / 사정 / 정액을 옷 위에 뿌리다""]"
cum_on_face,alias_candidate_unverified,,,"[""facial""]","[""cum_on_face""]","[""!섹스 / 섹스 / 사정 / 정액을 얼굴 위에 뿌리다""]"
cum_on_fingers,snapshot_match,0,1291,[],"[""cum_on_fingers""]","[""!섹스 / 섹스 / 사정 / 정액을 손가락 위에 뿌리다""]"
cum_on_food,snapshot_match,0,398,[],"[""cum_on_food""]","[""!섹스 / 섹스 / 사정 / 정액을 음식 위에 뿌리다""]"
cum_on_glasses,alias_candidate_unverified,,,"[""cum_on_eyewear""]","[""cum_on_glasses""]","[""!섹스 / 섹스 / 사정 / 정액을 안경 위에 뿌리다""]"
cum_on_hair,snapshot_match,0,29809,[],"[""cum_on_hair""]","[""!섹스 / 섹스 / 사정 / 정액을 머리 위에 뿌리다""]"
cum_on_pussy,snapshot_match,0,1735,[],"[""cum_on_pussy""]","[""!섹스 / 섹스 / 사정 / 정액을 보지 위에 뿌리다""]"
cum_on_tongue,snapshot_match,0,10277,[],"[""cum_on_tongue""]","[""!섹스 / 섹스 / 사정 / 정액을 혀 안에 뿌리다""]"
cum_pool,snapshot_match,0,6894,[],"[""cum_pool""]","[""!섹스 / 섹스 / 사정 / 정액이 고인다""]"
cum_string,snapshot_match,0,12369,[],"[""cum_string""]","[""!섹스 / 섹스 / 사정 / 정액이 실처럼 늘어지다""]"
cumdrip,snapshot_match,0,43598,[],"[""cumdrip""]","[""!섹스 / 섹스 / 사정 / 정액이 떨어진다""]"
cunnilingus,snapshot_match,0,16402,[],"[""cunnilingus""]","[""!섹스 / 섹스 / 오랄 / 입으로 보지를 빨다""]"
cunnilingus_gesture,snapshot_match,0,405,[],"[""cunnilingus_gesture""]","[""!섹스 / 섹스 / 오랄 / 입으로 보지를 빠는 흉내를 낸다""]"
cupless_bra,snapshot_match,0,3685,[],"[""cupless_bra""]","[""의상 / 속옷 / 브래지어 / 노출된 브래지어""]"
cupping,not_in_snapshot,,,[],"[""cupping""]","[""행동 / 동명사 / 동명사 ㅁ / 무엇을 모아 담다""]"
cupping_hands,snapshot_match,0,2843,[],"[""cupping_hands""]","[""동작 1 / 손 / 동작 / 손으로 담는다""]"
curly_hair,snapshot_match,0,47502,[],"[""curly_hair""]","[""외모 / 머리카락 / 모양 / 머리카락이 곱슬거린다""]"
curvy,snapshot_match,0,76701,[],"[""curvy""]","[""체형 / 몸 / 모양 / 몸이 살짝 통통하다""]"
cutoff_jeans,snapshot_match,0,538,[],"[""cutoff_jeans""]","[""의상 / 하의 / 바지 / 청반바지""]"
cutting,snapshot_match,0,1252,[],"[""cutting""]","[""행동 / 동명사 / 동명사 ㅈ / 무엇을 자르다""]"
cybermaid,not_in_snapshot,,,[],"[""CyberMaid""]","[""인물 / 직업 / 메이드 / 사이버 메이드""]"
cybermaid_costume,not_in_snapshot,,,[],"[""Cybermaid_costume""]","[""의상 / 의상 / 코스튬 / 사이버 메이드복""]"
cyberpunk,snapshot_match,0,4443,[],"[""Cyberpunk""]","[""기본 / 테마 / 장르 / 사이버펑크""]"
cyclist,not_in_snapshot,,,[],"[""cyclist""]","[""인물 / 직업 / 운동 / 자전거 선수""]"
dagger,snapshot_match,0,21035,[],"[""Dagger""]","[""작품 / 캐릭터 / 마블 코믹스 / 대거""]"
daki,not_in_snapshot,,,[],"[""Daki""]","[""작품 / 캐릭터 / 귀멸의 칼날 / 다키""]"
dam,snapshot_match,0,98,[],"[""dam""]","[""기본 / 장소 / 건축물 / 댐""]"
dance,alias_candidate_unverified,,,"[""dancing""]","[""Dance""]","[""기본 / 테마 / 음악 / 댄스""]"
dancing,snapshot_match,0,23188,[],"[""dancing""]","[""행동 / 동사 / 동사 ㅊ / 누군가 춤추다""]"
danganronpa,alias_candidate_unverified,,,"[""danganronpa_(series)""]","[""Danganronpa""]","[""작품 / 작품 / 목록 / 단간론파""]"
danish_people,not_in_snapshot,,,[],"[""Danish_people""]","[""인물 / 인종 / 국가 / 덴마크인""]"
daphne_lauros,not_in_snapshot,,,[],"[""Daphne_Lauros""]","[""작품 / 캐릭터 / 던전에서 만남을 추구하면 안 되는 걸까? / 다프네 라우로스""]"
dark_areolae,snapshot_match,0,1021,[],"[""dark_areolae""]","[""체형 / 가슴 / 특징 / 유륜이 어둡다""]"
dark_armpit,not_in_snapshot,,,[],"[""dark_armpit""]","[""체형 / 팔 / 모양 / 겨드랑이가 어둡다""]"
dark_elf,snapshot_match,0,9773,[],"[""Dark_Elf""]","[""인물 / 종족 / 판타지 / 다크 엘프""]"
dark_fantasy,not_in_snapshot,,,[],"[""Dark_Fantasy""]","[""기본 / 테마 / 장르 / 다크 판타지""]"
dark_nipples,snapshot_match,0,9945,[],"[""dark_nipples""]","[""체형 / 가슴 / 특징 / 젖꼭지가 어둡다""]"
dark_penis,snapshot_match,0,2316,[],"[""dark_penis""]","[""!섹스 / 자지 / 특징 / 자기가 어둡다""]"
dark_skin,snapshot_match,0,407696,[],"[""dark_skin""]","[""체형 / 몸 / 특징 / 몸이 어둡다""]"
darling_in_the_franxx,snapshot_match,3,6043,[],"[""Darling_in_the_FranXX""]","[""작품 / 작품 / 목록 / 달링 인 더 프랑키스""]"
darry_adai,snapshot_match,4,335,[],"[""Darry_Adai""]","[""작품 / 캐릭터 / 천원돌파 그렌라간 / 데리 아다이""]"
darudere,not_in_snapshot,,,[],"[""Darudere""]","[""인물 / 특징 / 데레 / 다루데레""]"
daughter,not_in_snapshot,,,[],"[""daughter""]","[""인물 / 인물 / 위치 / 딸""]"
david_production_inc.,not_in_snapshot,,,[],"[""David_Production_Inc.""]","[""작품 / 작품 / 제작 / david production""]"
dc_comics,snapshot_match,3,14760,[],"[""DC_Comics""]","[""기본 / 작화 / 스타일 / DC 코믹스"", ""작품 / 작품 / 목록 / DC 코믹스""]"
decantering,snapshot_match,0,461,[],"[""decantering""]","[""행동 / 동사 / 동사 ㅁ / 누군가 물을 높게 잔에 붓다""]"
deep_kiss,not_in_snapshot,,,[],"[""Deep_Kiss""]","[""동작 1 / 입 / 키스하다 / 혀를 깊숙히 넣어 키스한다""]"
deepthroat,snapshot_match,0,8042,[],"[""deepthroat""]","[""!섹스 / 섹스 / 펠라치오 / 딥쓰로트한다""]"
deer,snapshot_match,0,3357,[],"[""deer""]","[""인물 / 종족 / 동물 / 사슴""]"
deer_costume,snapshot_match,0,112,[],"[""deer_costume""]","[""의상 / 의상 / 코스튬 / 사슴 코스튬""]"
deer_ears,snapshot_match,0,7887,[],"[""deer_ears""]","[""외모 / 귀 / 모양 / 사슴 귀""]"
deer_furry,not_in_snapshot,,,[],"[""deer_furry""]","[""인물 / 종족 / 퍼리 / 사슴 수인""]"
deer_human,not_in_snapshot,,,[],"[""deer_human""]","[""인물 / 종족 / 수인 / 사슴 인간""]"
deer_tail,snapshot_match,0,2008,[],"[""deer_tail""]","[""체형 / 꼬리 / 종류 / 사슴 꼬리""]"
deerstalker,snapshot_match,0,4533,[],"[""deerstalker""]","[""장신구 / 머리 장식 / 모자 / 탐정 모자""]"
demeter(dunmachi),not_in_snapshot,,,[],"[""Demeter(DunMachi)""]","[""작품 / 캐릭터 / 던전에서 만남을 추구하면 안 되는 걸까? / 데메테르""]"
demon_wings,snapshot_match,0,67925,[],"[""Demon_wings""]","[""체형 / 날개 / 종류 / 악마 날개""]"
denim_shorts,snapshot_match,0,49694,[],"[""denim_shorts""]","[""의상 / 하의 / 반바지 / 데님 반바지""]"
denmark,not_in_snapshot,,,[],"[""Denmark""]","[""기본 / 장소 / 국가 / 덴마크""]"
dentist,snapshot_match,0,215,[],"[""dentist""]","[""인물 / 직업 / 의료 / 치과 의사""]"
desert,snapshot_match,0,5399,[],"[""desert""]","[""기본 / 장소 / 자연 / 사막""]"
desired_face,not_in_snapshot,,,[],"[""desired_face""]","[""동작 1 / 얼굴 / 표정 / 희망한 표정""]"
despair_face,not_in_snapshot,,,[],"[""despair_face""]","[""동작 1 / 얼굴 / 표정 / 절망한 표정""]"
detached_leggings,snapshot_match,0,1489,[],"[""detached_leggings""]","[""의상 / 속옷 / 양말 / 분리된 레깅스""]"
detailed_*,placeholder_review,,,[],"[""detailed_*""]","[""기본 / 품질 / 디테일 / 특정한 디테일""]"
determined_face,not_in_snapshot,,,[],"[""determined_face""]","[""동작 1 / 얼굴 / 표정 / 단호한 표정""]"
devil,alias_candidate_unverified,,,"[""demon""]","[""devil""]","[""인물 / 종족 / 판타지 / 악마""]"
diadem,snapshot_match,0,1453,[],"[""diadem""]","[""장신구 / 머리 장식 / 장신구 / 천 왕관""]"
diagonal-striped,not_in_snapshot,,,[],"[""diagonal-striped""]","[""기본 / 배경 / 무늬 / 사선 줄무늬""]"
diamond-shaped_pupils,snapshot_match,0,16748,[],"[""diamond-shaped_pupils""]","[""외모 / 눈 / 모양 / 다이아몬드""]"
diamond_face,not_in_snapshot,,,[],"[""diamond_face""]","[""외모 / 얼굴 / 모양 / 얼굴이 마름모형이다""]"
diane,not_in_snapshot,,,[],"[""Diane""]","[""작품 / 캐릭터 / 일곱 개의 대죄 / 다이앤""]"
diaperchanging,not_in_snapshot,,,[],"[""diaperchanging""]","[""행동 / 동사 / 동사 ㄱ / 누군가 기저귀를 갈다""]"
dieselpunk,snapshot_match,0,64,[],"[""Dieselpunk""]","[""기본 / 테마 / 장르 / 디젤펑크""]"
digging,snapshot_match,0,382,[],"[""digging""]","[""행동 / 동사 / 동사 ㄷ / 누군가 땅을 파다""]"
dilated_pupils,snapshot_match,0,1071,[],"[""dilated_pupils""]","[""외모 / 눈 / 모양 / 확장된 눈"", ""외모 / 눈 / 특징 / 눈이 확장된다""]"
dildo,snapshot_match,0,31749,[],"[""dildo""]","[""!섹스 / 도구 / 자위 / 딜도""]"
dildo_gag,snapshot_match,0,623,[],"[""dildo_gag""]","[""!섹스 / 도구 / 개그 / 딜도 개그""]"
dildo_in_anus,not_in_snapshot,,,[],"[""dildo_in_anus""]","[""!섹스 / 섹스 / 도구 / 딜도를 항문 안에 넣다""]"
dildo_in_pussy,not_in_snapshot,,,[],"[""dildo_in_pussy""]","[""!섹스 / 섹스 / 도구 / 딜도를 보지 안에 넣다""]"
dildo_riding,snapshot_match,0,2598,[],"[""dildo_riding""]","[""!섹스 / 섹스 / 도구 / 딜도 위에 올라타다""]"
dimaria_c._yesta,not_in_snapshot,,,[],"[""Dimaria_C._Yesta""]","[""작품 / 캐릭터 / 페어리테일 / 디마리아 이에스타""]"
dining_room,snapshot_match,0,306,[],"[""dining_room""]","[""기본 / 장소 / 가게 / 식당""]"
diomedéa.,not_in_snapshot,,,[],"[""diomedéa.""]","[""작품 / 작품 / 제작 / 디오미디어""]"
dirndl,snapshot_match,0,2889,[],"[""dirndl""]","[""의상 / 의상 / 복장 / 디른들""]"
disappointed_face,not_in_snapshot,,,[],"[""Disappointed_face""]","[""동작 1 / 얼굴 / 표정 / 실망한 표정""]"
disco,snapshot_match,0,128,[],"[""Disco""]","[""기본 / 테마 / 음악 / 디스코""]"
disembodied_penis,snapshot_match,0,9409,[],"[""disembodied_penis""]","[""!섹스 / 자지 / 특징 / 자지가 따로 있다""]"
dishwashing,snapshot_match,0,415,[],"[""dishwashing""]","[""행동 / 동명사 / 동명사 ㅅ / 무엇을 설거지하다""]"
disney,snapshot_match,3,1189,[],"[""Disney""]","[""기본 / 작화 / 스타일 / 디즈니""]"
distinct,not_in_snapshot,,,[],"[""distinct""]","[""기본 / 품질 / 완성도 / 뚜렷한 이미지""]"
distinct_image,not_in_snapshot,,,[],"[""distinct_image""]","[""기본 / 품질 / 완성도 / 뚜렷한 이미지""]"
distressed_face,not_in_snapshot,,,[],"[""distressed_face""]","[""동작 1 / 얼굴 / 표정 / 괴로운 표정""]"
diving=(differentfromdive),placeholder_review,,,[],"[""diving=(differentfromdive)""]","[""행동 / 동사 / 동사 ㅁ / 누군가 물 속에 다이빙하다""]"
diving_helmet,snapshot_match,0,312,[],"[""diving_helmet""]","[""장신구 / 머리 장식 / 헬멧 / 다이빙 헬맷""]"
diving_mask,snapshot_match,0,3343,[],"[""diving_mask""]","[""장신구 / 얼굴 장식 / 마스크 / 다이빙 마스크"", ""장신구 / 얼굴 장식 / 안경 / 다이빙 안경""]"
dixie_cup_hat,snapshot_match,0,3077,[],"[""dixie_cup_hat""]","[""장신구 / 머리 장식 / 모자 / 해군 모자""]"
dobrynya_nikitich,not_in_snapshot,,,[],"[""Dobrynya_Nikitich""]","[""작품 / 캐릭터 / Fate/Grand order / 도브리냐 니키티치""]"
dock,snapshot_match,0,1390,[],"[""dock""]","[""기본 / 장소 / 건축물 / 둑""]"
doctor,snapshot_match,0,2744,[],"[""doctor""]","[""인물 / 직업 / 의료 / 의사""]"
dodging,snapshot_match,0,1167,[],"[""dodging""]","[""행동 / 동명사 / 동명사 ㅎ / 무엇을 회피하다""]"
dog,snapshot_match,0,43394,[],"[""dog""]","[""인물 / 종족 / 동물 / 강아지""]"
dog_costume,snapshot_match,0,623,[],"[""dog_costume""]","[""의상 / 의상 / 코스튬 / 강아지 코스튬""]"
dog_ears,snapshot_match,0,90851,[],"[""dog_ears""]","[""외모 / 귀 / 모양 / 강아지 귀""]"
dog_furry,not_in_snapshot,,,[],"[""dog_furry""]","[""인물 / 종족 / 퍼리 / 강아지 수인""]"
dog_human,not_in_snapshot,,,[],"[""dog_human""]","[""인물 / 종족 / 수인 / 강아지 인간""]"
dog_penis,snapshot_match,0,1866,[],"[""dog_penis""]","[""!섹스 / 자지 / 특징 / 자지가 개 모양이다""]"
dog_tail,snapshot_match,0,49792,[],"[""dog_tail""]","[""체형 / 꼬리 / 종류 / 강아지 꼬리""]"
doga_kobo,not_in_snapshot,,,[],"[""DOGA_Kobo""]","[""작품 / 작품 / 제작 / 동화공방""]"
doggy_style_position,not_in_snapshot,,,[],"[""doggy_style_position""]","[""!섹스 / 섹스 / 체위 / 후배위""]"
dolphin_shorts,snapshot_match,0,17760,[],"[""dolphin_shorts""]","[""의상 / 하의 / 반바지 / 돌핀 팬츠""]"
dominatrix,snapshot_match,0,3132,[],"[""dominatrix""]","[""인물 / 직업 / 신분 / 지배자""]"
domino_mask,snapshot_match,0,7603,[],"[""domino_mask""]","[""장신구 / 얼굴 장식 / 가면 / 도미노 가면""]"
dorsiflexion,snapshot_match,0,2005,[],"[""dorsiflexion""]","[""동작 1 / 발 / 동작 / 발을 위쪽으로 구부리다""]"
dotera,not_in_snapshot,,,[],"[""dotera""]","[""의상 / 의상 / 복장 / 도테라""]"
double_anal,snapshot_match,0,706,[],"[""double_anal""]","[""!섹스 / 섹스 / 항문 / 항문에 자지를 2개 넣다""]"
double_breast_sucking,alias_candidate_unverified,,,"[""cooperative_breast_sucking""]","[""double_breast_sucking""]","[""동작 1 / 입 / 빨다 / 입으로 가슴을 양쪽에서 빨다""]"
double_bun,snapshot_match,0,178783,[],"[""double_bun""]","[""외모 / 머리카락 / 스타일 / 더블 롤빵""]"
double_footjob,snapshot_match,0,157,[],"[""double_footjob""]","[""!섹스 / 섹스 / 풋잡 / 발로 동시에 자지를 훑는다""]"
double_grinding,alias_candidate_unverified,,,"[""cooperative_pussyjob""]","[""double_grinding""]","[""!섹스 / 섹스 / 자지 / 자지를 2명이 비빈다""]"
double_handjob,snapshot_match,0,9011,[],"[""double_handjob""]","[""!섹스 / 섹스 / 핸드잡 / 손으로 자지 2개를 흔들다""]"
double_vaginal,snapshot_match,0,386,[],"[""double_vaginal""]","[""!섹스 / 섹스 / 보지 / 보지에 자지를 2개 넣다""]"
doughnut_hair_bun,alias_candidate_unverified,,,"[""donut_hair_bun""]","[""doughnut_hair_bun""]","[""외모 / 머리카락 / 스타일 / 도넛헤어 롤빵""]"
doujin_cover,snapshot_match,0,38934,[],"[""doujin_cover""]","[""기본 / 테마 / 표지 / 동인지 표지""]"
downblouse,snapshot_match,0,10067,[],"[""downblouse""]","[""의상 / 상의 / 셔츠 / 어깨가 보이는 블라우스""]"
downpants,snapshot_match,0,419,[],"[""downpants""]","[""의상 / 하의 / 바지 / 엉덩이 골이 보이는 바지""]"
dragging,snapshot_match,0,1709,[],"[""dragging""]","[""행동 / 동명사 / 동명사 ㄱ / 무엇을 끌고 가다""]"
dragon,snapshot_match,0,37802,[],"[""Dragon""]","[""인물 / 종족 / 판타지 / 용""]"
dragon_boll,not_in_snapshot,,,[],"[""Dragon_Boll""]","[""작품 / 작품 / 목록 / 드래곤볼""]"
dragon_dildo,snapshot_match,0,170,[],"[""dragon_dildo""]","[""!섹스 / 도구 / 자위 / 용 모양 딜도""]"
dragon_wings,snapshot_match,0,12706,[],"[""Dragon_wings""]","[""체형 / 날개 / 종류 / 용의 날개""]"
drawing_on_another's_face,snapshot_match,0,1063,[],"[""drawing_on_another's_face""]","[""동작 1 / 얼굴 / 화장하다 / 다른 사람 얼굴에 낙서하다""]"
dreadlocks,snapshot_match,0,5635,[],"[""dreadlocks""]","[""외모 / 머리카락 / 스타일 / 드레드""]"
dreaming,snapshot_match,0,3970,[],"[""dreaming""]","[""행동 / 동사 / 동사 ㄱ / 누군가 꿈꾸다""]"
dress_aside,snapshot_match,0,531,[],"[""dress_aside""]","[""동작 2 / 드레스 / 행동 / 드레스를 옆으로 넘기다""]"
dress_pull,snapshot_match,0,7707,[],"[""dress_pull""]","[""동작 2 / 드레스 / 행동 / 드레스를 위로 올리다""]"
dress_shirt,snapshot_match,0,166365,[],"[""dress_shirt""]","[""의상 / 상의 / 셔츠 / 드레스 셔츠""]"
dress_swimsuit,snapshot_match,0,2018,[],"[""dress_swimsuit""]","[""의상 / 의상 / 수영복 / 드레스 수영복""]"
dress_tug,snapshot_match,0,2873,[],"[""dress_tug""]","[""동작 2 / 드레스 / 행동 / 드레스를 아래로 내리다""]"
dressing,snapshot_match,0,8728,[],"[""dressing""]","[""행동 / 동사 / 동사 ㅇ / 누군가 옷을 입다""]"
dressing_room,snapshot_match,0,344,[],"[""dressing_room""]","[""기본 / 장소 / 가정 / 탈의실""]"
drinking,snapshot_match,0,26661,[],"[""drinking""]","[""행동 / 동사 / 동사 ㅅ / 누군가 술을 마시다""]"
driver,not_in_snapshot,,,[],"[""driver""]","[""인물 / 직업 / 이동 / 운전사""]"
driving,snapshot_match,0,6476,[],"[""driving""]","[""행동 / 동사 / 동사 ㅇ / 누군가 운전하다""]"
drooling,snapshot_match,0,80500,[],"[""drooling""]","[""동작 1 / 입 / 호흡하다 / 침을 흘리다"", ""외모 / 입 / 상태 / 입에서 침을 흘리다""]"
drooling_from_*,placeholder_review,,,[],"[""drooling from_*""]","[""기본 / 품질 / 디테일 / 원하는 디테일""]"
drop_kick,alias_candidate_unverified,,,"[""dropkick""]","[""drop_kick""]","[""동작 1 / 다리 / 차다 / 다리로 허리보다 높이 차다"", ""동작 1 / 다리 / 차다 / 다리를 모아서 차다""]"
dropping,snapshot_match,0,2392,[],"[""dropping""]","[""행동 / 동명사 / 동명사 ㄷ / 무엇을 떨어뜨리다""]"
drunk_face,not_in_snapshot,,,[],"[""drunk_face""]","[""동작 1 / 얼굴 / 표정 / 취한 표정""]"
drying,snapshot_match,0,3661,[],"[""drying""]","[""행동 / 동사 / 동사 ㅁ / 누군가 몸을 말리다""]"
dual_wielding,snapshot_match,0,41270,[],"[""dual_wielding""]","[""동작 1 / 손 / 들다 / 양손에 무기를 들다""]"
duchesse_de_la_vallière,not_in_snapshot,,,[],"[""Duchesse_de_La_Vallière""]","[""작품 / 캐릭터 / 제로의 사역마 / 카린느 드 라 발리에르""]"
duel,snapshot_match,0,5376,[],"[""duel""]","[""행동 / 동사 / 동사 ㅅ / 누군가 결투하다""]"
duela_dent,not_in_snapshot,,,[],"[""Duela_Dent""]","[""작품 / 캐릭터 / DC 코믹스 / 듀엘라 덴트""]"
duffel_coat,snapshot_match,0,2361,[],"[""duffel_coat""]","[""의상 / 상의 / 코트 / 더플 코트""]"
dungeon,snapshot_match,0,1331,[],"[""dungeon""]","[""기본 / 장소 / 시설 / 지하 감옥""]"
dunmachi,not_in_snapshot,,,[],"[""DunMachi""]","[""작품 / 작품 / 목록 / 던전에서 만남을 추구하면 안 되는 걸까?""]"
durarara!!,snapshot_match,3,2599,[],"[""Durarara!!""]","[""작품 / 작품 / 목록 / 듀라라라!""]"
dutch,alias_candidate_unverified,,,"[""dutch_text""]","[""Dutch""]","[""인물 / 인종 / 국가 / 네덜란드인""]"
dxd_highschool_dxd,not_in_snapshot,,,[],"[""dxd_Highschool_dxd""]","[""작품 / 작품 / 목록 / 하이스쿨""]"
dying,snapshot_match,0,990,[],"[""dying""]","[""행동 / 동사 / 동사 ㄱ / 누군가 곧 죽다""]"
dynamic_angle,not_in_snapshot,,,[],"[""dynamic_angle""]","[""기본 / 연출 / 액션 / 역동적인 각도""]"
dynamic_pose,snapshot_match,0,3980,[],"[""dynamic_pose""]","[""기본 / 연출 / 액션 / 역동적인 포즈""]"
ear_biting,alias_candidate_unverified,,,"[""biting_ear""]","[""ear_biting""]","[""동작 1 / 귀 / 동작 / 귀를 물다"", ""동작 1 / 입 / 깨물다 / 이빨로 귀를 깨물다""]"
ear_grab,alias_candidate_unverified,,,"[""grabbing_another's_ear""]","[""ear_grab""]","[""동작 1 / 귀 / 동작 / 귀를 잡다""]"
ear_piercing,snapshot_match,0,108744,[],"[""Ear_piercing""]","[""장신구 / 기타 / 피어싱 / 귀 피어싱""]"
ear_pull,alias_candidate_unverified,,,"[""grabbing_another's_ear""]","[""ear_pull""]","[""동작 1 / 귀 / 동작 / 귀를 당긴다""]"
ear_wiggle,snapshot_match,0,2964,[],"[""ear_wiggle""]","[""동작 1 / 귀 / 동작 / 귀를 흔든다""]"
earcleaning,not_in_snapshot,,,[],"[""earcleaning""]","[""행동 / 동사 / 동사 ㄱ / 누구의 귀를 청소하다""]"
earlobes,alias_candidate_unverified,,,"[""long_earlobes""]","[""earlobes""]","[""외모 / 귀 / 부위 / 귓볼""]"
earnest_face,not_in_snapshot,,,[],"[""earnest_face""]","[""동작 1 / 얼굴 / 표정 / 간절한 표정""]"
ears,not_in_snapshot,,,[],"[""ears""]","[""외모 / 귀 / 부위 / 귀""]"
eastern_quota,not_in_snapshot,,,[],"[""Eastern_Quota""]","[""인물 / 인종 / 피부색 / 동양계 쿼터""]"
easygoing_face,not_in_snapshot,,,[],"[""easygoing_face""]","[""동작 1 / 얼굴 / 표정 / 느긋한 표정""]"
eating,snapshot_match,0,115886,[],"[""eating""]","[""동작 1 / 입 / 먹다 / 먹다""]"
eating_kiss,not_in_snapshot,,,[],"[""Eating_Kiss""]","[""동작 1 / 입 / 키스하다 / 혀를 깨물며 키스한다""]"
eavesdropping,snapshot_match,0,270,[],"[""eavesdropping""]","[""행동 / 동사 / 동사 ㅅ / 누군가 소리를 엿듣다""]"
ecstasy_face,not_in_snapshot,,,[],"[""ecstasy_face""]","[""동작 1 / 얼굴 / 표정 / 황홀한 표정""]"
eda(black_lagoon),not_in_snapshot,,,[],"[""Eda(Black_Lagoon)""]","[""작품 / 캐릭터 / 블랙 라군 / 에다""]"
effect*_blur,placeholder_review,,,[],"[""effect*_blur""]","[""기본 / 연출 / 효과 / 블러 효과""]"
effect*_glossy,placeholder_review,,,[],"[""effect*_glossy""]","[""기본 / 연출 / 효과 / 광택 효과""]"
effect*_light_rays,placeholder_review,,,[],"[""effect*_light_rays""]","[""기본 / 연출 / 효과 / 광선 효과""]"
effect*_motion_blur,placeholder_review,,,[],"[""effect*_motion_blur""]","[""기본 / 연출 / 효과 / 모션 블러 효과""]"
effect*_speed_lines,placeholder_review,,,[],"[""effect*_speed_lines""]","[""기본 / 연출 / 효과 / 집중선 효과""]"
effect*_trembling,placeholder_review,,,[],"[""effect*_trembling""]","[""기본 / 연출 / 효과 / 떨림 효과*""]"
egg-shaped_face,not_in_snapshot,,,[],"[""egg-shaped_face""]","[""외모 / 얼굴 / 모양 / 얼굴이 계란형이다""]"
egg_vibrator,snapshot_match,0,8229,[],"[""egg_vibrator""]","[""!섹스 / 도구 / 자위 / 구형 바이브레이터""]"
egs_up,not_in_snapshot,,,[],"[""egs_up""]","[""동작 1 / 다리 / 올리다 / 다리 양쪽을 위로 올리다""]"
egyptian_mythology,snapshot_match,3,975,[],"[""Egyptian_mythology""]","[""기본 / 테마 / 신화 / 이집트 신화""]"
eina_tulle,snapshot_match,4,109,[],"[""Eina_Tulle""]","[""작품 / 캐릭터 / 던전에서 만남을 추구하면 안 되는 걸까? / 에이나 튤""]"
ejaculation,snapshot_match,0,72759,[],"[""ejaculation""]","[""!섹스 / 섹스 / 사정 / 정액을 사정한다""]"
elbowing,snapshot_match,0,305,[],"[""elbowing""]","[""행동 / 동사 / 동사 ㅍ / 누구를 팔꿈치로 때리다""]"
electronic_music,not_in_snapshot,,,[],"[""electronic_music""]","[""기본 / 테마 / 음악 / 전자 음악""]"
electronica,not_in_snapshot,,,[],"[""Electronica""]","[""기본 / 테마 / 음악 / 일렉트로니카""]"
elektra,not_in_snapshot,,,[],"[""Elektra""]","[""작품 / 캐릭터 / 마블 코믹스 / 엘렉트라""]"
elf,snapshot_match,0,113265,[],"[""Elf""]","[""인물 / 종족 / 판타지 / 엘프""]"
elizabeth_báthory,not_in_snapshot,,,[],"[""Elizabeth_Báthory""]","[""작품 / 캐릭터 / Fate/Grand order / 엘리자베스 바토리""]"
elizabeth_báthory_(brave),not_in_snapshot,,,[],"[""Elizabeth_Báthory_(Brave)""]","[""작품 / 캐릭터 / Fate/Grand order / 엘리자베스 바토리 브레이브""]"
elizabeth_báthory_(cinderella),not_in_snapshot,,,[],"[""Elizabeth_Báthory_(Cinderella)""]","[""작품 / 캐릭터 / Fate/Grand order / 엘리자베스 바토리 신데렐라""]"
elizabeth_báthory_(halloween),not_in_snapshot,,,[],"[""Elizabeth_Báthory_(Halloween)""]","[""작품 / 캐릭터 / Fate/Grand order / 엘리자베스 바토리 할로윈""]"
elizabeth_liones,snapshot_match,4,534,[],"[""Elizabeth_Liones""]","[""작품 / 캐릭터 / 일곱 개의 대죄 / 엘리자베스 리오네스""]"
elizabeth_thompson,snapshot_match,4,197,[],"[""Elizabeth_Thompson""]","[""작품 / 캐릭터 / 소울 이터 / 엘리자베스 톰슨""]"
embarrassed_face,not_in_snapshot,,,[],"[""Embarrassed_face""]","[""동작 1 / 얼굴 / 표정 / 당황한 표정""]"
emma_frost,snapshot_match,4,1255,[],"[""Emma_Frost""]","[""작품 / 캐릭터 / 마블 코믹스 / 엠마 프로스트""]"
empty_eyes,snapshot_match,0,50411,[],"[""empty_eyes""]","[""외모 / 눈 / 모양 / 강간당한 눈"", ""외모 / 눈 / 특징 / 눈이 빛을 잃었다""]"
enchantress,not_in_snapshot,,,[],"[""Enchantress""]","[""작품 / 캐릭터 / DC 코믹스 / 인첸트리스""]"
energy_wings,snapshot_match,0,6249,[],"[""energy_wings""]","[""체형 / 날개 / 종류 / 에너지 날개""]"
engineer,snapshot_match,0,137,[],"[""engineer""]","[""인물 / 직업 / 과학 / 엔지니어""]"
english_teacher,not_in_snapshot,,,[],"[""English_teacher""]","[""인물 / 직업 / 교육 / 영어 교사""]"
enju_aihara,not_in_snapshot,,,[],"[""Enju_Aihara""]","[""작품 / 캐릭터 / 블랙 불릿 / 아이하라 엔쥬""]"
enka,not_in_snapshot,,,[],"[""Enka""]","[""기본 / 테마 / 음악 / 엔카""]"
entoma_vasilissa_zeta,snapshot_match,4,259,[],"[""Entoma_Vasilissa_Zeta""]","[""작품 / 캐릭터 / 오버로드 / 엔토마 바실리사 제타""]"
envious_face,not_in_snapshot,,,[],"[""envious_face""]","[""동작 1 / 얼굴 / 표정 / 부러운 표정""]"
erect_clitoris,snapshot_match,0,1935,[],"[""erect_clitoris""]","[""!섹스 / 보지 / 특징 / 음핵이 발기했다""]"
erection,snapshot_match,0,151691,[],"[""erection""]","[""!섹스 / 자지 / 특징 / 자지를 발기했다""]"
ereshkigal,not_in_snapshot,,,[],"[""Ereshkigal""]","[""작품 / 캐릭터 / Fate/Grand order / 에레쉬키갈""]"
erina_nakiri,not_in_snapshot,,,[],"[""Erina_Nakiri""]","[""작품 / 캐릭터 / 식극의 소마 / 나키리 에리나 ""]"
erina_pendleton,snapshot_match,4,615,[],"[""Erina_Pendleton""]","[""작품 / 캐릭터 / 죠죠의 기묘한 모험 / 에리나 펜들턴""]"
ermine_tail,not_in_snapshot,,,[],"[""ermine_tail""]","[""체형 / 꼬리 / 종류 / 족제비 꼬리""]"
eromanga,not_in_snapshot,,,[],"[""eromanga""]","[""기본 / 작화 / 스타일 / 에로 만화""]"
erza_scarlet,snapshot_match,4,1211,[],"[""Erza_Scarlet""]","[""작품 / 캐릭터 / 페어리테일 / 엘자 스칼렛""]"
esdeath,snapshot_match,4,592,[],"[""Esdeath""]","[""작품 / 캐릭터 / 아카메가 벤다 / 에스데스""]"
eto_yoshimura,not_in_snapshot,,,[],"[""Eto_Yoshimura""]","[""작품 / 캐릭터 / 도쿄 구울 / 요시무라 에토""]"
euphemia_li_britannia,snapshot_match,4,710,[],"[""Euphemia_li_Britannia""]","[""작품 / 캐릭터 / 코드 기어스 / 유페미아 리 브리타니아""]"
eurobeat,not_in_snapshot,,,[],"[""Eurobeat""]","[""기본 / 테마 / 음악 / 유로비트""]"
europa,not_in_snapshot,,,[],"[""Europa""]","[""작품 / 캐릭터 / Fate/Grand order / 에우로페""]"
euryale,alias_candidate_unverified,,,"[""euryale_(fate)""]","[""Euryale""]","[""작품 / 캐릭터 / Fate/Grand order / 에우리알레""]"
evangelion,alias_candidate_unverified,,,"[""neon_genesis_evangelion""]","[""Evangelion""]","[""작품 / 작품 / 목록 / 에반게리온""]"
evening_gown,snapshot_match,0,6758,[],"[""evening_gown""]","[""의상 / 의상 / 드레스 / 이브닝 드레스""]"
evergreen,not_in_snapshot,,,[],"[""Evergreen""]","[""작품 / 캐릭터 / 페어리테일 / 에버그린""]"
evil_face,not_in_snapshot,,,[],"[""evil_face""]","[""동작 1 / 얼굴 / 표정 / 사악한 표정""]"
evileye,not_in_snapshot,,,[],"[""Evileye""]","[""작품 / 캐릭터 / 오버로드 / 이블아이""]"
excessive_pubic_hair,snapshot_match,0,3648,[],"[""excessive_pubic_hair""]","[""!섹스 / 보지 / 모양 / 음모가 많다""]"
excessive_pussy_juice,snapshot_match,0,1077,[],"[""excessive_pussy_juice""]","[""!섹스 / 보지 / 특징 / 애액이 흥건하다""]"
expression_face,not_in_snapshot,,,[],"[""expression_face""]","[""동작 1 / 얼굴 / 표정 / 무표정한 표정""]"
extended_upskirt,snapshot_match,0,178,[],"[""extended_upskirt""]","[""동작 2 / 하의 / 행동 / 치마를 안에서 엿보다""]"
extra_anatomy,not_in_snapshot,,,[],"[""extra_anatomy""]","[""기본 / 품질 / 완성도 / 복수의 신체""]"
extra_arms,snapshot_match,0,15869,[],"[""extra_arms""]","[""기본 / 품질 / 완성도 / 복수의 신체""]"
extra_body,not_in_snapshot,,,[],"[""extra_body""]","[""기본 / 품질 / 완성도 / 복수의 신체""]"
extra_chest,not_in_snapshot,,,[],"[""extra_chest""]","[""기본 / 품질 / 완성도 / 복수의 신체""]"
extra_eyes,snapshot_match,0,14372,[],"[""extra_eyes""]","[""기본 / 품질 / 완성도 / 복수의 신체""]"
extra_face,not_in_snapshot,,,[],"[""extra_face""]","[""기본 / 품질 / 완성도 / 복수의 신체""]"
extra_feet,not_in_snapshot,,,[],"[""extra_feet""]","[""기본 / 품질 / 완성도 / 복수의 신체""]"
extra_fingers,alias_candidate_unverified,,,"[""extra_digits""]","[""extra_fingers""]","[""기본 / 품질 / 완성도 / 복수의 신체""]"
extra_hands,snapshot_match,0,560,[],"[""extra_hands""]","[""기본 / 품질 / 완성도 / 복수의 신체""]"
extra_hips,not_in_snapshot,,,[],"[""extra_hips""]","[""기본 / 품질 / 완성도 / 복수의 신체""]"
extra_legs,snapshot_match,0,962,[],"[""extra_legs""]","[""기본 / 품질 / 완성도 / 복수의 신체""]"
extra_navel,not_in_snapshot,,,[],"[""extra_navel""]","[""기본 / 품질 / 완성도 / 복수의 신체""]"
extra_nipples,snapshot_match,0,119,[],"[""extra_nipples""]","[""기본 / 품질 / 완성도 / 복수의 신체""]"
extra_toe,not_in_snapshot,,,[],"[""extra_toe""]","[""기본 / 품질 / 완성도 / 복수의 신체""]"
eye_contact,snapshot_match,0,69291,[],"[""eye_contact""]","[""기본 / 초점 / 시점 / 눈을 보고 있다""]"
eye_focus,snapshot_match,0,4219,[],"[""eye_focus""]","[""기본 / 초점 / 집중 / 눈에 집중한다""]"
eye_mask,snapshot_match,0,22692,[],"[""eye_mask""]","[""장신구 / 얼굴 장식 / 가면 / 안대""]"
eyebrow,not_in_snapshot,,,[],"[""Eyebrow""]","[""외모 / 눈 / 부위 / 눈썹""]"
eyebrow_piercing,snapshot_match,0,6044,[],"[""Eyebrow_piercing""]","[""장신구 / 기타 / 피어싱 / 눈썹 피어싱""]"
eyecontact,not_in_snapshot,,,[],"[""eyecontact""]","[""동작 1 / 몸 / 마주하다 / 눈을 맞추다""]"
eyelashes,snapshot_match,0,265925,[],"[""Eyelashes""]","[""외모 / 눈 / 부위 / 속눈썹""]"
eyelid_piercing,not_in_snapshot,,,[],"[""Eyelid_piercing""]","[""장신구 / 기타 / 피어싱 / 눈꺼풀 피어싱""]"
eyeliner,snapshot_match,0,45771,[],"[""eyeliner""]","[""동작 1 / 얼굴 / 화장하다 / 눈꼬리를 화장하다"", ""외모 / 눈 / 특징 / 눈꼬리를 화장하다""]"
eyes,not_in_snapshot,,,[],"[""Eyes""]","[""외모 / 눈 / 부위 / 눈""]"
eyes_closed,alias_candidate_unverified,,,"[""closed_eyes""]","[""eyes_closed""]","[""외모 / 눈 / 특징 / 눈을 양쪽을 감았다""]"
eyeshadow,snapshot_match,0,73528,[],"[""eyeshadow""]","[""동작 1 / 얼굴 / 화장하다 / 눈꺼풀을 화장하다"", ""외모 / 눈 / 특징 / 눈꺼풀을 화장하다""]"
eyewear_hang,snapshot_match,0,2673,[],"[""eyewear_hang""]","[""동작 2 / 안경 / 행동 / 안경을 옷 위에 걸다""]"
eyewear_in_mouth,snapshot_match,0,343,[],"[""eyewear_in_mouth""]","[""동작 2 / 안경 / 행동 / 안경을 입으로 물다""]"
eyewear_on_head,snapshot_match,0,99915,[],"[""eyewear_on_head""]","[""동작 2 / 안경 / 행동 / 안경을 머리 위에 올리다""]"
eyewear_on_headwear,snapshot_match,0,3973,[],"[""eyewear_on_headwear""]","[""동작 2 / 안경 / 행동 / 안경을 모자 위에 올리다""]"
eyewear_removed,alias_candidate_unverified,,,"[""unworn_eyewear""]","[""eyewear_removed""]","[""동작 2 / 안경 / 행동 / 안경을 벗었다""]"
eyewear_strap,snapshot_match,0,4971,[],"[""eyewear_strap""]","[""장신구 / 얼굴 장식 / 안경 / 안경끈 달린 안경""]"
eyewear_switch,snapshot_match,0,178,[],"[""eyewear_switch""]","[""동작 2 / 안경 / 행동 / 안경을 바꿔 끼다""]"
eyewear_view,snapshot_match,0,253,[],"[""eyewear_view""]","[""동작 2 / 안경 / 행동 / 안경을 끼고 본다""]"
face,not_in_snapshot,,,[],"[""face""]","[""기본 / 초점 / 강조 / 얼굴을 강조한다"", ""외모 / 얼굴 / 부위 / 얼굴""]"
face_fuck,not_in_snapshot,,,[],"[""face_fuck""]","[""!섹스 / 섹스 / 펠라치오 / 구강 성교한다""]"
face_paint,alias_candidate_unverified,,,"[""facepaint""]","[""face_paint""]","[""동작 1 / 얼굴 / 화장하다 / 얼굴에 낙서하다""]"
face_punch,snapshot_match,0,880,[],"[""face_punch""]","[""동작 1 / 손 / 때리다 / 주먹으로 얼굴을 때리다""]"
facepalm,snapshot_match,0,1822,[],"[""facepalm""]","[""동작 1 / 손 / 동작 / 손으로 얼굴을 덮다""]"
faceplant,snapshot_match,0,702,[],"[""faceplant""]","[""동작 1 / 몸 / 동작 / 얼굴로 떨어지다""]"
facial,snapshot_match,0,61552,[],"[""facial""]","[""!섹스 / 섹스 / 사정 / 정액을 얼굴에 뿌리다""]"
factory,snapshot_match,0,664,[],"[""factory""]","[""기본 / 장소 / 현장 / 공장""]"
fainting,snapshot_match,0,646,[],"[""fainting""]","[""동작 1 / 손 / 부채질하다 / 손으로 부채질하다""]"
fairy,snapshot_match,0,23385,[],"[""Fairy""]","[""인물 / 종족 / 판타지 / 요정""]"
fairy_tail,snapshot_match,3,4608,[],"[""Fairy_Tail""]","[""작품 / 작품 / 목록 / 페어리테일""]"
fairy_wings,snapshot_match,0,25877,[],"[""Fairy_wings""]","[""체형 / 날개 / 종류 / 요정 날개""]"
fake_animal_ears,snapshot_match,0,236798,[],"[""fake_animal_ears""]","[""외모 / 귀 / 모양 / 가짜 동물귀""]"
fake_cover,snapshot_match,0,5041,[],"[""fake_cover""]","[""기본 / 테마 / 표지 / 가짜 표지""]"
fake_wings,snapshot_match,0,5060,[],"[""Fake_wings""]","[""체형 / 날개 / 종류 / 가짜 날개""]"
faller_maid,not_in_snapshot,,,[],"[""Faller_Maid""]","[""인물 / 직업 / 메이드 / 팔러 메이드""]"
faller_maid_costume,not_in_snapshot,,,[],"[""Faller_maid_costume""]","[""의상 / 의상 / 코스튬 / 팔러 메이드복""]"
falling,snapshot_match,0,15551,[],"[""falling""]","[""동작 1 / 손 / 부채질하다 / 손으로 부채질하며 말하다""]"
fanning_crotch,snapshot_match,0,585,[],"[""fanning_crotch""]","[""동작 1 / 손 / 부채질하다 / 손으로 부채질해 가랑이를 식히다""]"
fanning_face,snapshot_match,0,912,[],"[""fanning_face""]","[""동작 1 / 손 / 부채질하다 / 손으로 부채질해 얼굴을 식히다""]"
fantasy,snapshot_match,0,20502,[],"[""Fantasy""]","[""기본 / 테마 / 장르 / 판타지""]"
farmer,snapshot_match,0,418,[],"[""farmer""]","[""인물 / 직업 / 신분 / 농장주""]"
fat,snapshot_match,0,19852,[],"[""fat""]","[""체형 / 몸 / 모양 / 몸이 뚱뚱하다""]"
fat_mons,snapshot_match,0,7732,[],"[""fat_mons""]","[""!섹스 / 보지 / 특징 / 보지가 통통하다""]"
fate_extrafate_extra,not_in_snapshot,,,[],"[""Fate_Extrafate_extra""]","[""작품 / 작품 / 목록 / Fate/Extrafate extra""]"
fate_grand_order,not_in_snapshot,,,[],"[""Fate_grand_order""]","[""작품 / 작품 / 목록 / Fate/Grand order""]"
fate_kaleid_liner_prisma_illya,not_in_snapshot,,,[],"[""Fate_kaleid_liner_prisma_illya""]","[""작품 / 작품 / 목록 / Fate/Kaleid liner prisma illya""]"
fate_stay_night,alias_candidate_unverified,,,"[""fate/stay_night""]","[""Fate_Stay_Night""]","[""작품 / 작품 / 목록 / Fate/Stay Night""]"
father,not_in_snapshot,,,[],"[""father""]","[""인물 / 인물 / 위치 / 아버지""]"
father_and_daughter,snapshot_match,0,11547,[],"[""father_and_daughter""]","[""인물 / 인물 / 관계 / 아버지와 딸""]"
father_and_son,snapshot_match,0,7490,[],"[""father_and_son""]","[""인물 / 인물 / 관계 / 아버지와 아들""]"
faux_traditional_media,snapshot_match,0,5126,[],"[""faux_traditional_media""]","[""기본 / 작화 / 화풍 / 가짜 손 그림""]"
feathered_wings,snapshot_match,0,108723,[],"[""feathered_wings""]","[""체형 / 날개 / 종류 / 깃털 날개""]"
fedora,snapshot_match,0,10184,[],"[""fedora""]","[""장신구 / 머리 장식 / 모자 / 탐정 모자""]"
feeding,snapshot_match,0,12539,[],"[""feeding""]","[""행동 / 동사 / 동사 ㅎ / 누군가에게 음식을 권하다""]"
feel.,not_in_snapshot,,,[],"[""feel.""]","[""작품 / 작품 / 제작 / feel.""]"
feet_out_of_frame,snapshot_match,0,239483,[],"[""feet_out_of_frame""]","[""기본 / 초점 / 강조 / 얼굴~발목에 집중한다""]"
felching,snapshot_match,0,122,[],"[""felching""]","[""!섹스 / 섹스 / 사정 / 정액을 핡아먹다""]"
fellatio,snapshot_match,0,98467,[],"[""fellatio""]","[""!섹스 / 섹스 / 펠라치오 / 펠라치오한다""]"
fellatio_gesture,snapshot_match,0,6245,[],"[""Fellatio_gesture""]","[""!섹스 / 섹스 / 펠라치오 / 펠라치오를 흉내낸다""]"
fellatio_under_mask,snapshot_match,0,597,[],"[""fellatio_under_mask""]","[""!섹스 / 섹스 / 펠라치오 / 마스크 아래로 펠라치오한다""]"
female,not_in_snapshot,,,[],"[""female""]","[""체형 / 몸 / 성별 / 여성""]"
female_service_cap,snapshot_match,0,1278,[],"[""female_service_cap""]","[""장신구 / 머리 장식 / 모자 / 여성 유니폼 모자""]"
females_only,not_in_snapshot,,,[],"[""females_only""]","[""!섹스 / 섹스 / 상황 / 여자만 나온다""]"
ferret,snapshot_match,0,1573,[],"[""ferret""]","[""인물 / 종족 / 동물 / 족제비""]"
ferret_costume,not_in_snapshot,,,[],"[""ferret_costume""]","[""의상 / 의상 / 코스튬 / 족제비 코스튬""]"
ferret_ears,snapshot_match,0,828,[],"[""ferret_ears""]","[""외모 / 귀 / 모양 / 족제비 귀""]"
ferret_furry,not_in_snapshot,,,[],"[""_ferret_furry""]","[""인물 / 종족 / 퍼리 / 족제비 수인""]"
ferret_human,not_in_snapshot,,,[],"[""ferret_human""]","[""인물 / 종족 / 수인 / 족제비 인간""]"
ferris_wheel,snapshot_match,0,3023,[],"[""ferris_wheel""]","[""기본 / 장소 / 유흥 / 관람차""]"
fetal_position,snapshot_match,0,4869,[],"[""fetal_position""]","[""동작 1 / 몸 / 눕다 / 누워서 웅크리다""]"
fez_hat,snapshot_match,0,235,[],"[""fez_hat""]","[""장신구 / 머리 장식 / 모자 / 원통형 모자""]"
ffm_threesome,snapshot_match,0,18674,[],"[""ffm_threesome""]","[""!섹스 / 섹스 / 상황 / 여자 2명과 남자 1명""]"
fidgeting,snapshot_match,0,1522,[],"[""_fidgeting"", ""fidgeting""]","[""동작 1 / 손 / 동작 / 손을 안절부절하다"", ""행동 / 동사 / 동사 ㅇ / 누군가 안절부절하다""]"
field,snapshot_match,0,21493,[],"[""field""]","[""기본 / 장소 / 현장 / 밭""]"
fiery_wings,snapshot_match,0,1462,[],"[""Fiery_wings""]","[""체형 / 날개 / 종류 / 불꽃 날개""]"
fig_sign,snapshot_match,0,235,[],"[""fig_sign""]","[""동작 1 / 손 / 동작 / 손으로 주먹쥐다""]"
fighting,snapshot_match,0,8564,[],"[""fighting""]","[""행동 / 동사 / 동사 ㅅ / 누군가 싸우다""]"
fighting_stance,snapshot_match,0,33963,[],"[""fighting_stance""]","[""동작 1 / 몸 / 동작 / 싸울 자세를 잡는다""]"
figure_four_sitting,snapshot_match,0,1224,[],"[""figure_four_sitting""]","[""동작 1 / 다리 / 자세 / 다리를 앉아서 껴안다""]"
filming,alias_candidate_unverified,,,"[""recording""]","[""filming""]","[""!섹스 / 섹스 / 설정 / 촬영하다""]"
fine_art_parody={akame_ga_kill!},placeholder_review,,,[],"[""fine_art_parody={Akame_ga_Kill!}""]","[""작품 / 작품 / 스타일 / 아카메가 벤다""]"
fine_art_parody={ansatsu_kyoushitsu},placeholder_review,,,[],"[""fine_art_parody={Ansatsu_Kyoushitsu}""]","[""작품 / 작품 / 스타일 / 암살교실""]"
fine_art_parody={ao_no_exorcist},placeholder_review,,,[],"[""fine_art_parody={Ao_no_Exorcist}""]","[""작품 / 작품 / 스타일 / 청의 엑소시스트""]"
fine_art_parody={bakemonogatari},placeholder_review,,,[],"[""fine_art_parody={Bakemonogatari}""]","[""작품 / 작품 / 스타일 / 바케모노가타리""]"
fine_art_parody={beelzebub},placeholder_review,,,[],"[""fine_art_parody={Beelzebub}""]","[""작품 / 작품 / 스타일 / 벨제부브""]"
fine_art_parody={black_bullet},placeholder_review,,,[],"[""fine_art_parody={Black_Bullet}""]","[""작품 / 작품 / 스타일 / 블랙 불릿""]"
fine_art_parody={black_clover},placeholder_review,,,[],"[""fine_art_parody={Black_Clover}""]","[""작품 / 작품 / 스타일 / 블랙 클로버""]"
fine_art_parody={black_lagoon},placeholder_review,,,[],"[""fine_art_parody={Black_Lagoon}""]","[""작품 / 작품 / 스타일 / 블랙 라군""]"
fine_art_parody={bleach},placeholder_review,,,[],"[""fine_art_parody={Bleach}""]","[""작품 / 작품 / 스타일 / 블리치""]"
fine_art_parody={blue_archive},placeholder_review,,,[],"[""fine_art_parody={Blue_archive}""]","[""작품 / 작품 / 스타일 / 블루 아카이브""]"
fine_art_parody={boku_wa_tomodachi_ga_sukunai},placeholder_review,,,[],"[""fine_art_parody={Boku_wa_tomodachi_ga_sukunai}""]","[""작품 / 작품 / 스타일 / 나는 친구가 적다""]"
fine_art_parody={code_geass},placeholder_review,,,[],"[""fine_art_parody={Code_Geass}""]","[""작품 / 작품 / 스타일 / 코드 기어스""]"
fine_art_parody={danganronpa},placeholder_review,,,[],"[""fine_art_parody={Danganronpa}""]","[""작품 / 작품 / 스타일 / 단간론파""]"
fine_art_parody={darling_in_the_franxx},placeholder_review,,,[],"[""fine_art_parody={Darling_in_the_FranXX}""]","[""작품 / 작품 / 스타일 / 달링 인 더 프랑키스""]"
fine_art_parody={dc_comics},placeholder_review,,,[],"[""fine_art_parody={DC_Comics}""]","[""작품 / 작품 / 스타일 / DC 코믹스""]"
fine_art_parody={dragon_boll},placeholder_review,,,[],"[""fine_art_parody={Dragon_Boll}""]","[""작품 / 작품 / 스타일 / 드래곤볼""]"
fine_art_parody={dunmachi},placeholder_review,,,[],"[""fine_art_parody={DunMachi}""]","[""작품 / 작품 / 스타일 / 던전에서 만남을 추구하면 안 되는 걸까?""]"
fine_art_parody={durarara!!},placeholder_review,,,[],"[""fine_art_parody={Durarara!!}""]","[""작품 / 작품 / 스타일 / 듀라라라!""]"
fine_art_parody={evangelion},placeholder_review,,,[],"[""fine_art_parody={Evangelion}""]","[""작품 / 작품 / 스타일 / 에반게리온""]"
fine_art_parody={fairy_tail},placeholder_review,,,[],"[""fine_art_parody={Fairy_Tail}""]","[""작품 / 작품 / 스타일 / 페어리테일""]"
fine_art_parody={fate_extrafate_extra},placeholder_review,,,[],"[""fine_art_parody={Fate_Extrafate_extra}""]","[""작품 / 작품 / 스타일 / Fate/Extrafate extra""]"
fine_art_parody={fate_grand_order},placeholder_review,,,[],"[""fine_art_parody={Fate_grand_order}""]","[""작품 / 작품 / 스타일 / Fate/Grand order""]"
fine_art_parody={fate_kaleid_liner_prisma_illya},placeholder_review,,,[],"[""fine_art_parody={Fate_kaleid_liner_prisma_illya}""]","[""작품 / 작품 / 스타일 / Fate/Kaleid liner prisma illya""]"
fine_art_parody={fate_stay_night},placeholder_review,,,[],"[""fine_art_parody={Fate_Stay_Night}""]","[""작품 / 작품 / 스타일 / Fate/Stay Night""]"
fine_art_parody={fullmetal_alchemist},placeholder_review,,,[],"[""fine_art_parody={Fullmetal_Alchemist}""]","[""작품 / 작품 / 스타일 / 강철의 연금술사""]"
fine_art_parody={gakusen_toshi_asterisk},placeholder_review,,,[],"[""fine_art_parody={Gakusen_Toshi_Asterisk}""]","[""작품 / 작품 / 스타일 / 학전도시 아스터리스크""]"
fine_art_parody={ghost_in_the_shell},placeholder_review,,,[],"[""fine_art_parody={GHOST_IN_THE_SHELL}""]","[""작품 / 작품 / 스타일 / 공각기동대""]"
fine_art_parody={gintama},placeholder_review,,,[],"[""fine_art_parody={Gintama}""]","[""작품 / 작품 / 스타일 / 은혼""]"
fine_art_parody={goblin_slayer},placeholder_review,,,[],"[""fine_art_parody={Goblin_Slayer}""]","[""작품 / 작품 / 스타일 / 고블린 슬레이어""]"
fine_art_parody={hellsing},placeholder_review,,,[],"[""fine_art_parody={Hellsing}""]","[""작품 / 작품 / 스타일 / 헬싱""]"
fine_art_parody={high_school_dxd},placeholder_review,,,[],"[""fine_art_parody={High_school_dxd}""]","[""작품 / 작품 / 스타일 / 하이스쿨 dxd""]"
fine_art_parody={highschool_of_the_dead},placeholder_review,,,[],"[""fine_art_parody={Highschool_of_the_Dead}""]","[""작품 / 작품 / 스타일 / 하이스쿨 오브 더 데드""]"
fine_art_parody={hunter_x_hunter},placeholder_review,,,[],"[""fine_art_parody={Hunter_x_Hunter}""]","[""작품 / 작품 / 스타일 / 헌터x헌터""]"
fine_art_parody={infinite_stratos},placeholder_review,,,[],"[""fine_art_parody={Infinite_Stratos}""]","[""작품 / 작품 / 스타일 / 인피니트 스트라토스""]"
fine_art_parody={inuyasha},placeholder_review,,,[],"[""fine_art_parody={InuYasha}""]","[""작품 / 작품 / 스타일 / 이누야샤""]"
fine_art_parody={jojo_no_kimyou_na_bouken},placeholder_review,,,[],"[""fine_art_parody={JoJo_no_Kimyou_na_Bouken}""]","[""작품 / 작품 / 스타일 / 죠죠의 기묘한 모험""]"
fine_art_parody={kill_la_kill},placeholder_review,,,[],"[""fine_art_parody={Kill_la_Kill}""]","[""작품 / 작품 / 스타일 / 킬 라 킬""]"
fine_art_parody={kimetsu_no_yaiba},placeholder_review,,,[],"[""fine_art_parody={Kimetsu_no_yaiba}""]","[""작품 / 작품 / 스타일 / 귀멸의 칼날""]"
fine_art_parody={kobayashi-san_chi_no_maid_dragon},placeholder_review,,,[],"[""fine_art_parody={Kobayashi-san_Chi_no_Maid_Dragon}""]","[""작품 / 작품 / 목록 / 코바야시네 메이드래곤 ""]"
fine_art_parody={log_horizon},placeholder_review,,,[],"[""fine_art_parody={Log_Horizon}""]","[""작품 / 작품 / 스타일 / 로그 호라이즌""]"
fine_art_parody={magi:the_kingdom_of_magic},placeholder_review,,,[],"[""fine_art_parody={Magi:The_Kingdom_of_Magic}""]","[""작품 / 작품 / 스타일 / 마기""]"
fine_art_parody={mahou_shoujo_lyrical_nanoha},placeholder_review,,,[],"[""fine_art_parody={mahou_shoujo_lyrical_nanoha}""]","[""작품 / 작품 / 스타일 / 마법소녀 리리컬 나노하""]"
fine_art_parody={marvel_comics},placeholder_review,,,[],"[""fine_art_parody={Marvel_Comics}""]","[""작품 / 작품 / 스타일 / 마블 코믹스""]"
fine_art_parody={mirai_nikki},placeholder_review,,,[],"[""fine_art_parody={Mirai_Nikki}""]","[""작품 / 작품 / 스타일 / 미래일기""]"
fine_art_parody={my_hero_academia},placeholder_review,,,[],"[""fine_art_parody={My_Hero_Academia}""]","[""작품 / 작품 / 스타일 / 나의 히어로 아카데미아""]"
fine_art_parody={nanatsu_no_taizai},placeholder_review,,,[],"[""fine_art_parody={Nanatsu_no_taizai}""]","[""작품 / 작품 / 스타일 / 일곱 개의 대죄""]"
fine_art_parody={naruto},placeholder_review,,,[],"[""fine_art_parody={Naruto}""]","[""작품 / 작품 / 스타일 / 나루토""]"
fine_art_parody={one_piece},placeholder_review,,,[],"[""fine_art_parody={One_Piece}""]","[""작품 / 작품 / 스타일 / 원피스""]"
fine_art_parody={one_punch_man},placeholder_review,,,[],"[""fine_art_parody={One_Punch_Man}""]","[""작품 / 작품 / 스타일 / 원펀맨""]"
fine_art_parody={overlord},placeholder_review,,,[],"[""fine_art_parody={Overlord}""]","[""작품 / 작품 / 스타일 / 오버로드""]"
fine_art_parody={panty_&_stocking_with_garterbelt},placeholder_review,,,[],"[""fine_art_parody={Panty_&_Stocking_with_Garterbelt}""]","[""작품 / 작품 / 스타일 / 팬티&스타킹""]"
fine_art_parody={pokemon},placeholder_review,,,[],"[""fine_art_parody={Pokemon}""]","[""작품 / 작품 / 스타일 / 포켓몬 시리즈""]"
fine_art_parody={rakudai_kishi_no_cavalry},placeholder_review,,,[],"[""fine_art_parody={Rakudai_Kishi_no_Cavalry}""]","[""작품 / 작품 / 스타일 / 낙제기사의 영웅담""]"
fine_art_parody={shingeki_no_kyojin},placeholder_review,,,[],"[""fine_art_parody={Shingeki_no_Kyojin}""]","[""작품 / 작품 / 스타일 / 진격의 거인""]"
fine_art_parody={shinmai_maou_no_testament},placeholder_review,,,[],"[""fine_art_parody={Shinmai_Maou_no_Testament}""]","[""작품 / 작품 / 스타일 / 새여동생 마왕의 계약자""]"
fine_art_parody={shokugeki_no_soma},placeholder_review,,,[],"[""fine_art_parody={Shokugeki_no_Soma}""]","[""작품 / 작품 / 스타일 / 식극의 소마""]"
fine_art_parody={soul_eater},placeholder_review,,,[],"[""fine_art_parody={Soul_Eater}""]","[""작품 / 작품 / 스타일 / 소울 이터""]"
fine_art_parody={spy_x_family},placeholder_review,,,[],"[""fine_art_parody={Spy_x_Family}""]","[""작품 / 작품 / 스타일 / 스파이 패밀리""]"
fine_art_parody={strike_the_blood},placeholder_review,,,[],"[""fine_art_parody={Strike_the_blood}""]","[""작품 / 작품 / 스타일 / 스트라이크 더 블러드""]"
fine_art_parody={sword_art_online},placeholder_review,,,[],"[""fine_art_parody={Sword_Art_Online}""]","[""작품 / 작품 / 스타일 / 소드 아트 온라인""]"
fine_art_parody={tate_no_yuusha_no_nariagari},placeholder_review,,,[],"[""fine_art_parody={Tate_no_Yuusha_no_Nariagari}""]","[""작품 / 작품 / 스타일 / 방패용사 성공담""]"
fine_art_parody={tengen_toppa_gurren_lagann},placeholder_review,,,[],"[""fine_art_parody={Tengen_toppa_gurren_lagann}""]","[""작품 / 작품 / 스타일 / 천원돌파 그렌라간""]"
fine_art_parody={tensei_shitara_slime_datta_ken},placeholder_review,,,[],"[""fine_art_parody={Tensei_shitara_Slime_Datta_Ken}""]","[""작품 / 작품 / 스타일 / 전생했더니 슬라임이었던 건에""]"
fine_art_parody={toaru_project},placeholder_review,,,[],"[""fine_art_parody={Toaru_Project}""]","[""작품 / 작품 / 스타일 / 어떤 마술과학의 시리즈""]"
fine_art_parody={tokyo_ghoul},placeholder_review,,,[],"[""fine_art_parody={Tokyo_Ghoul}""]","[""작품 / 작품 / 스타일 / 도쿄 구울""]"
fine_art_parody={trinity_seven},placeholder_review,,,[],"[""fine_art_parody={Trinity_Seven}""]","[""작품 / 작품 / 스타일 / 트리니티 세븐""]"
fine_art_parody={youjo_senki},placeholder_review,,,[],"[""fine_art_parody={Youjo_Senki}""]","[""작품 / 작품 / 스타일 / 유녀전기""]"
fine_art_parody={yu_gi_oh},placeholder_review,,,[],"[""fine_art_parody={Yu_Gi_Oh}""]","[""작품 / 작품 / 스타일 / 유희왕 시리즈""]"
fine_art_parody={zero_no_tsukaima},placeholder_review,,,[],"[""fine_art_parody={Zero_no_Tsukaima}""]","[""작품 / 작품 / 스타일 / 제로의 사역마""]"
fine_art_parody={},placeholder_review,,,[],"[""fine_art_parody={}""]","[""기본 / 작화 / 스타일 / 패러디""]"
finely_detailed,not_in_snapshot,,,[],"[""finely_detailed""]","[""기본 / 품질 / 디테일 / 세세한 디테일""]"
finger_biting,not_in_snapshot,,,[],"[""finger_biting""]","[""동작 1 / 입 / 깨물다 / 이빨로 손가락을 깨물다""]"
finger_counting,snapshot_match,0,1563,[],"[""finger_counting""]","[""동작 1 / 손가락 / 동작 / 손가락으로 숫자를 세다""]"
finger_gun,snapshot_match,0,7881,[],"[""finger_gun""]","[""동작 1 / 손가락 / 동작 / 손가락 총""]"
finger_heart,snapshot_match,0,3959,[],"[""finger_heart""]","[""동작 1 / 손가락 / 동작 / 손가락 하트""]"
finger_sucking,snapshot_match,0,1051,[],"[""finger_sucking""]","[""동작 1 / 입 / 빨다 / 입으로 손가락을 빨다""]"
fingering,snapshot_match,0,46900,[],"[""fingering""]","[""!섹스 / 섹스 / 애무 / 손가락을 보지에 넣다""]"
fingering_from_behind,snapshot_match,0,875,[],"[""fingering_from_behind""]","[""!섹스 / 섹스 / 애무 / 손가락을 뒤에서 보지를 넣다""]"
fingering_through_clothes,snapshot_match,0,3113,[],"[""fingering_through_clothes""]","[""!섹스 / 섹스 / 애무 / 손가락을 옷 위로 보지에 넣다""]"
fingering_through_panties,snapshot_match,0,1367,[],"[""fingering_through_panties""]","[""!섹스 / 섹스 / 애무 / 손가락을 팬티 위로 보지에 넣다""]"
finland,snapshot_match,0,159,[],"[""Finland""]","[""기본 / 장소 / 국가 / 핀란드""]"
finns,not_in_snapshot,,,[],"[""Finns""]","[""인물 / 인종 / 국가 / 핀란드인""]"
fiona_frost,snapshot_match,4,441,[],"[""Fiona_Frost""]","[""작품 / 캐릭터 / 스파이 패밀리 / 피오나 프로스트""]"
fire*_effect,placeholder_review,,,[],"[""fire*_effect""]","[""기본 / 연출 / 효과 / 불 효과""]"
fire*_swirling_around_the_character,placeholder_review,,,[],"[""fire*_swirling_around_the_character""]","[""기본 / 연출 / 효과 / 불이 휘몰아치는 효과""]"
firefighter,snapshot_match,0,690,[],"[""firefighter""]","[""인물 / 직업 / 전문 / 소방관""]"
fireman's_carry,snapshot_match,0,169,[],"[""fireman's_carry""]","[""동작 1 / 몸 / 올리다 / 소방관처럼 들다""]"
firing,snapshot_match,0,10642,[],"[""firing""]","[""행동 / 동사 / 동사 ㅊ / 누군가 총을 쏘다""]"
fist_bump,snapshot_match,0,1409,[],"[""fist_bump""]","[""동작 1 / 손 / 동작 / 손으로 주먹을 부딪힌다""]"
fist_in_hand,snapshot_match,0,638,[],"[""fist_in_hand""]","[""동작 1 / 손 / 올리다 / 손에 주먹을 넣다""]"
fisting,snapshot_match,0,607,[],"[""fisting""]","[""!섹스 / 섹스 / 애무 / 주먹을 보지에 넣다""]"
fitting_room,snapshot_match,0,1494,[],"[""fitting_room""]","[""기본 / 장소 / 가정 / 피팅룸""]"
flaccid,snapshot_match,0,7882,[],"[""flaccid""]","[""!섹스 / 자지 / 특징 / 자지가 늘어졌다""]"
flailing,snapshot_match,0,1096,[],"[""flailing""]","[""행동 / 동사 / 동사 ㅇ / 누군가 어리광을 부리다""]"
flame*_effect,placeholder_review,,,[],"[""flame*_effect""]","[""기본 / 연출 / 효과 / 화염 효과""]"
flame_painter,not_in_snapshot,,,[],"[""flame_painter""]","[""기본 / 테마 / 미술 / 화염주의""]"
flaming_pupils,not_in_snapshot,,,[],"[""flaming_pupils""]","[""외모 / 눈 / 모양 / 발화된 눈"", ""외모 / 눈 / 특징 / 눈이 발화된다""]"
flapping,snapshot_match,0,1074,[],"[""flapping""]","[""행동 / 동사 / 동사 ㄴ / 누군가 날개를 펄럭이다""]"
flare_corona,not_in_snapshot,,,[],"[""Flare_Corona""]","[""작품 / 캐릭터 / 페어리테일 / 플레어 코로나""]"
flared_skirt,not_in_snapshot,,,[],"[""flared_skirt""]","[""의상 / 하의 / 치마 / 플레어 스커트""]"
flat_ass,snapshot_match,0,3856,[],"[""flat_ass""]","[""체형 / 몸 / 모양 / 엉덩이가 평평하다""]"
flat_cap,snapshot_match,0,15836,[],"[""flat_cap""]","[""장신구 / 머리 장식 / 모자 / 한쪽으로 기울인 모자""]"
flat_chest,snapshot_match,0,237307,[],"[""flat_chest""]","[""체형 / 가슴 / 모양 / 가슴이 평평하다""]"
flat_envy,not_in_snapshot,,,[],"[""flat_envy""]","[""동작 1 / 가슴 / 동작 / 가슴을 질투한다""]"
flat_top_chef_hat,snapshot_match,0,420,[],"[""flat_top_chef_hat""]","[""장신구 / 머리 장식 / 모자 / 접힌 요리사 모자""]"
flats,snapshot_match,0,5750,[],"[""flats""]","[""의상 / 신발 / 신발 / 중국 신발""]"
fleeing,snapshot_match,0,4490,[],"[""fleeing""]","[""행동 / 동사 / 동사 ㄷ / 누군가 도망치다""]"
flight_attendant,snapshot_match,0,665,[],"[""flight_attendant""]","[""인물 / 직업 / 이동 / 비행기 안내원""]"
flight_goggles,alias_candidate_unverified,,,"[""aviator_goggles""]","[""flight_goggles""]","[""장신구 / 얼굴 장식 / 안경 / 비행 고글""]"
flip-flops,snapshot_match,0,8324,[],"[""flip-flops""]","[""의상 / 신발 / 샌들 / 발목이 고정되지 않는 샌들""]"
flipped_hair,snapshot_match,0,42483,[],"[""flipped_hair""]","[""외모 / 머리카락 / 모양 / 머리카락이 뒤집혔다""]"
flirting,snapshot_match,0,1339,[],"[""flirting""]","[""행동 / 동사 / 동사 ㅇ / 누구를 유혹하다""]"
floating,snapshot_match,0,60968,[],"[""floating""]","[""행동 / 동명사 / 동명사 ㄱ / 무엇이 공중에 떠 있다""]"
floating_breasts,snapshot_match,0,380,[],"[""floating_breasts""]","[""동작 1 / 가슴 / 동작 / 가슴을 물에 띄우다""]"
floating_city,snapshot_match,0,207,[],"[""floating_city""]","[""기본 / 장소 / 시설 / 이동하는 도시""]"
floating_island,snapshot_match,0,1760,[],"[""floating_island""]","[""기본 / 장소 / 자연 / 섬이 떠다니다""]"
florist,snapshot_match,0,201,[],"[""florist""]","[""인물 / 직업 / 일반 / 꽃집 직원""]"
flower-shaped_pupils,snapshot_match,0,12418,[],"[""flower-shaped_pupils""]","[""외모 / 눈 / 모양 / 꽃""]"
flower_earrings,snapshot_match,0,8534,[],"[""Flower_earrings""]","[""장신구 / 귀 장식 / 귀걸이 / 꽃 귀걸이""]"
flower_field,snapshot_match,0,13586,[],"[""flower_field""]","[""기본 / 장소 / 현장 / 꽃밭""]"
flower_necklace,snapshot_match,0,3017,[],"[""flower_necklace""]","[""장신구 / 목 장식 / 목걸이 / 꽃 목걸이""]"
flower_shop,snapshot_match,0,381,[],"[""flower_shop""]","[""기본 / 장소 / 가게 / 꽃집""]"
flowing_dress,not_in_snapshot,,,[],"[""flowing_dress""]","[""의상 / 의상 / 드레스 / 흐르는 듯한 드레스""]"
flying,snapshot_match,0,43730,[],"[""flying""]","[""행동 / 동명사 / 동명사 ㄱ / 무엇이 공중을 날다""]"
flying_button,snapshot_match,0,975,[],"[""flying_button""]","[""동작 1 / 가슴 / 동작 / 가슴을 팽창한다""]"
flying_kick,snapshot_match,0,1986,[],"[""flying_kick""]","[""동작 1 / 다리 / 차다 / 다리로 날아서 차다""]"
folded,snapshot_match,0,18076,[],"[""folded""]","[""동작 1 / 다리 / 자세 / 다리를 잡는다""]"
folded_ponytail,snapshot_match,0,26030,[],"[""folded_ponytail""]","[""외모 / 머리카락 / 스타일 / 접힌 포니테일""]"
food_between_breasts,snapshot_match,0,754,[],"[""food_between_breasts""]","[""동작 1 / 가슴 / 끼우다 / 가슴 사이에 음식을 끼우다""]"
foot_focus,snapshot_match,0,37673,[],"[""foot_focus""]","[""기본 / 초점 / 집중 / 발에 집중한다""]"
foot_on_head,alias_candidate_unverified,,,"[""foot_on_another's_head""]","[""foot_on_head""]","[""동작 1 / 발 / 밟다 / 앉아서 머리를 밟다""]"
foot_tickling,alias_candidate_unverified,,,"[""tickling_feet""]","[""foot_tickling""]","[""동작 1 / 손 / 간지럽히다 / 손으로 간지럽히다""]"
football_uniform,not_in_snapshot,,,[],"[""football_uniform""]","[""의상 / 의상 / 운동복 / 축구복""]"
footballer,not_in_snapshot,,,[],"[""Footballer""]","[""인물 / 직업 / 운동 / 축구선수""]"
footjob,snapshot_match,0,11497,[],"[""footjob""]","[""!섹스 / 섹스 / 풋잡 / 발로 자지를 훑는다""]"
footwear_ribbon,snapshot_match,0,2225,[],"[""footwear_ribbon""]","[""의상 / 신발 / 신발 / 리본 달린 신발""]"
forceddressing,not_in_snapshot,,,[],"[""forceddressing""]","[""행동 / 동사 / 동사 ㅇ / 누군가 옷을 강제로 입히다""]"
foreground,not_in_snapshot,,,[],"[""foreground""]","[""기본 / 배경 / 위치 / 앞쪽 배경""]"
forehead-to-forehead,snapshot_match,0,2811,[],"[""forehead-to-forehead""]","[""동작 1 / 몸 / 마주하다 / 이마를 맞대다""]"
forehead_protector,snapshot_match,0,12049,[],"[""forehead_protector""]","[""장신구 / 머리 장식 / 머리띠 / 이마 보호대""]"
foreskin_biting,alias_candidate_unverified,,,"[""biting_foreskin""]","[""foreskin_biting""]","[""동작 1 / 입 / 깨물다 / 이빨로 포피를 깨물다""]"
fork,snapshot_match,0,35567,[],"[""Fork""]","[""기본 / 테마 / 음악 / 포크""]"
fountain,snapshot_match,0,2693,[],"[""fountain""]","[""기본 / 장소 / 건축물 / 분수""]"
fox,snapshot_match,0,11471,[],"[""fox""]","[""인물 / 종족 / 동물 / 여우""]"
fox_costume,snapshot_match,0,313,[],"[""fox_costume""]","[""의상 / 의상 / 코스튬 / 여우 코스튬""]"
fox_ears,snapshot_match,0,218207,[],"[""fox_ears""]","[""외모 / 귀 / 모양 / 여우 귀""]"
fox_furry,not_in_snapshot,,,[],"[""fox_furry""]","[""인물 / 종족 / 퍼리 / 여우 수인""]"
fox_human,not_in_snapshot,,,[],"[""fox_human""]","[""인물 / 종족 / 수인 / 여우 인간""]"
fox_shadow_puppet,snapshot_match,0,12246,[],"[""fox_shadow_puppet""]","[""동작 1 / 손가락 / 동작 / 여우 그림자를 만든다""]"
fox_tail,snapshot_match,0,144833,[],"[""fox_tail""]","[""체형 / 꼬리 / 종류 / 여우 꼬리""]"
france,snapshot_match,0,635,[],"[""France""]","[""기본 / 장소 / 국가 / 프랑스""]"
francis_drake,not_in_snapshot,,,[],"[""Francis_Drake""]","[""작품 / 캐릭터 / Fate/Grand order / 프랜시스 드레이크""]"
frankenstein,snapshot_match,3,274,[],"[""Frankenstein""]","[""작품 / 캐릭터 / Fate/Grand order / 프랑켄슈타인""]"
frankenstein_(christmas),not_in_snapshot,,,[],"[""Frankenstein_(Christmas)""]","[""작품 / 캐릭터 / Fate/Grand order / 프랑켄슈타인 산타""]"
frankenstein_(swimsuit_saber),not_in_snapshot,,,[],"[""Frankenstein_(swimsuit_Saber)""]","[""작품 / 캐릭터 / Fate/Grand order / 프랑켄슈타인 수영복""]"
frederica_sawyer(black_lagoon),not_in_snapshot,,,[],"[""Frederica_Sawyer(Black_Lagoon)""]","[""작품 / 캐릭터 / 블랙 라군 / 프레데리카 소여""]"
french,alias_candidate_unverified,,,"[""french_text""]","[""French""]","[""인물 / 인종 / 국가 / 프랑스인""]"
french_braid,not_in_snapshot,,,[],"[""french_braid""]","[""외모 / 머리카락 / 스타일 / 프렌치 브레이드""]"
french_kiss,snapshot_match,0,23429,[],"[""French_Kiss""]","[""동작 1 / 입 / 키스하다 / 입술을 벌린 채 키스한다""]"
french_maid,not_in_snapshot,,,[],"[""French_Maid""]","[""인물 / 직업 / 메이드 / 프렌치 메이드""]"
french_maid_costume,not_in_snapshot,,,[],"[""French_maid_costume""]","[""의상 / 의상 / 코스튬 / 프렌치 메이드복""]"
frenda_seivelun,snapshot_match,4,503,[],"[""Frenda_Seivelun""]","[""작품 / 캐릭터 / 어떤 마술과학의 시리즈 / 프렌다 세이베른""]"
freya(dunmachi),not_in_snapshot,,,[],"[""Freya(DunMachi)""]","[""작품 / 캐릭터 / 던전에서 만남을 추구하면 안 되는 걸까? / 프레이야""]"
frightened_face,not_in_snapshot,,,[],"[""frightened_face""]","[""동작 1 / 얼굴 / 표정 / 질겁한표정""]"
frilled_bra,snapshot_match,0,11668,[],"[""frilled_bra""]","[""의상 / 속옷 / 브래지어 / 프릴 브래지어""]"
frilled_dress,snapshot_match,0,150684,[],"[""frilled_dress""]","[""의상 / 의상 / 드레스 / 프릴 드레스""]"
frilled_hairband,snapshot_match,0,23926,[],"[""frilled_hairband""]","[""장신구 / 머리 장식 / 머리띠 / 프릴 머리띠""]"
frilled_panties,snapshot_match,0,11128,[],"[""frilled_panties""]","[""의상 / 속옷 / 팬티 / 주름 있는 팬티""]"
frilled_shirt,snapshot_match,0,37589,[],"[""frilled_shirt""]","[""의상 / 상의 / 셔츠 / 프릴 셔츠""]"
frogtie,snapshot_match,0,5512,[],"[""frogtie""]","[""동작 1 / 몸 / 묶다 / 개구리처럼 묶다""]"
front-hook_bra,snapshot_match,0,1181,[],"[""front-hook_bra""]","[""의상 / 속옷 / 브래지어 / 앞으로 잠그는 브래지어""]"
front-seamed_legwear,snapshot_match,0,1226,[],"[""front-seamed_legwear""]","[""의상 / 속옷 / 양말 / 앞에 선 있는 양말""]"
front-tie_bra,snapshot_match,0,945,[],"[""front-tie_bra""]","[""의상 / 속옷 / 브래지어 / 앞에서 묶는 브래지어""]"
front_braid,snapshot_match,0,222,[],"[""front_braid""]","[""외모 / 머리카락 / 스타일 / 앞머리 브레이드""]"
front_focus,not_in_snapshot,,,[],"[""front_focus""]","[""기본 / 초점 / 집중 / 앞에 집중한다""]"
front_ponytail,snapshot_match,0,9316,[],"[""front_ponytail""]","[""외모 / 머리카락 / 스타일 / 앞머리 포니테일""]"
frottage,snapshot_match,0,2485,[],"[""frottage""]","[""!섹스 / 섹스 / 자지 / 자지를 비빈다""]"
frustrated_face,not_in_snapshot,,,[],"[""frustrated_face""]","[""동작 1 / 얼굴 / 표정 / 좌절한 표정""]"
fubuki,not_in_snapshot,,,[],"[""Fubuki""]","[""작품 / 캐릭터 / 원펀맨 / 후부키""]"
fucked_silly,snapshot_match,0,10607,[],"[""fucked_silly""]","[""!섹스 / 섹스 / 상황 / 여자가 멍청한 얼굴을 한다""]"
fukiyose_seiri,snapshot_match,4,313,[],"[""Fukiyose_Seiri""]","[""작품 / 캐릭터 / 어떤 마술과학의 시리즈 / 후키요세 세이리""]"
full_censorship,not_in_snapshot,,,[],"[""full_censorship""]","[""!섹스 / 섹스 / 설정 / 검열하다""]"
full_nelson,snapshot_match,0,4954,[],"[""full_nelson""]","[""!섹스 / 섹스 / 체위 / 입위(여자를 들어 매단다)""]"
full_scorpion,not_in_snapshot,,,[],"[""full_scorpion""]","[""동작 1 / 몸 / 동작 / 전갈 자세를 잡는다""]"
fullbody,not_in_snapshot,,,[],"[""fullbody""]","[""기본 / 초점 / 강조 / 몸에 집중한다""]"
fullmetal_alchemist,snapshot_match,3,6627,[],"[""Fullmetal_Alchemist""]","[""작품 / 작품 / 목록 / 강철의 연금술사""]"
fundoshi,snapshot_match,0,12336,[],"[""fundoshi""]","[""의상 / 의상 / 복장 / 훈도시""]"
funeral_dress,snapshot_match,0,834,[],"[""funeral_dress""]","[""의상 / 의상 / 드레스 / 장례식 드레스""]"
funk,not_in_snapshot,,,[],"[""Funk""]","[""기본 / 테마 / 음악 / 펑크""]"
funny_glasses,alias_candidate_unverified,,,"[""groucho_glasses""]","[""funny_glasses""]","[""장신구 / 얼굴 장식 / 안경 / 재밌는 안경""]"
fur-trimmed_coat,snapshot_match,0,25186,[],"[""fur-trimmed_coat""]","[""의상 / 상의 / 코트 / 모피 장식 코트""]"
fur-trimmed_dress,snapshot_match,0,16008,[],"[""fur-trimmed_dress""]","[""의상 / 의상 / 드레스 / 모피 장식 드레스""]"
fur-trimmed_legwear,snapshot_match,0,3105,[],"[""fur-trimmed_legwear""]","[""의상 / 속옷 / 양말 / 모피 장식 달린 양말""]"
fur_coat,snapshot_match,0,5018,[],"[""fur_coat""]","[""의상 / 상의 / 코트 / 모피 코트""]"
fur_hat,snapshot_match,0,9114,[],"[""fur_hat""]","[""장신구 / 머리 장식 / 모자 / 모피 모자""]"
furisode,snapshot_match,0,9950,[],"[""furisode""]","[""의상 / 의상 / 복장 / 후리소데""]"
fuu,not_in_snapshot,,,[],"[""Fuu""]","[""작품 / 캐릭터 / 나루토 / 후우""]"
fuyumi_todoroki,not_in_snapshot,,,[],"[""Fuyumi_Todoroki""]","[""작품 / 캐릭터 / 나의 히어로 아카데미아 / 토도로키 후유미""]"
gag,snapshot_match,0,31879,[],"[""gag""]","[""!섹스 / 도구 / 개그 / 개그""]"
gainax_co.,not_in_snapshot,,,[],"[""GAINAX_Co.""]","[""작품 / 작품 / 제작 / 가이낙스""]"
gakuran,snapshot_match,0,28856,[],"[""gakuran""]","[""의상 / 의상 / 제복 / 가쿠란""]"
gakusen_toshi_asterisk,snapshot_match,3,208,[],"[""Gakusen_Toshi_Asterisk""]","[""작품 / 작품 / 목록 / 학전도시 아스터리스크""]"
galatea,not_in_snapshot,,,[],"[""Galatea""]","[""작품 / 캐릭터 / Fate/Grand order / 갈라테이아""]"
game_music,not_in_snapshot,,,[],"[""Game_music""]","[""기본 / 테마 / 음악 / 게임 음악""]"
gangbang,snapshot_match,0,24940,[],"[""gangbang""]","[""!섹스 / 섹스 / 설정 / 윤간하다""]"
garage,snapshot_match,0,406,[],"[""garage""]","[""기본 / 장소 / 이동 / 차고""]"
garden,snapshot_match,0,3066,[],"[""garden""]","[""기본 / 장소 / 시설 / 정원""]"
gardening,snapshot_match,0,492,[],"[""gardening""]","[""행동 / 동사 / 동사 ㄱ / 누군가 꽃에 물을 주다""]"
gareth,not_in_snapshot,,,[],"[""Gareth""]","[""작품 / 캐릭터 / Fate/Grand order / 가레스""]"
gareth_(swimsuit_saber),not_in_snapshot,,,[],"[""Gareth_(Swimsuit_Saber)""]","[""작품 / 캐릭터 / Fate/Grand order / 가레스 수영복""]"
garrison_cap,snapshot_match,0,14954,[],"[""garrison_cap""]","[""장신구 / 머리 장식 / 모자 / 삼각형 모자""]"
garter_belt,snapshot_match,0,37121,[],"[""garter_belt""]","[""의상 / 속옷 / 양말 / 가터벨트""]"
garter_straps,snapshot_match,0,114202,[],"[""garter_straps""]","[""의상 / 속옷 / 양말 / 가터 스트랩""]"
gas-proof_gloves,not_in_snapshot,,,[],"[""gas-proof_gloves""]","[""장신구 / 손 장식 / 장갑 / 방검 장갑""]"
gas_mask,snapshot_match,0,5546,[],"[""gas_mask""]","[""장신구 / 얼굴 장식 / 마스크 / 방독면""]"
gas_station,snapshot_match,0,292,[],"[""gas_station""]","[""기본 / 장소 / 이동 / 주유소""]"
gaspar_vladi,not_in_snapshot,,,[],"[""Gaspar_Vladi""]","[""작품 / 캐릭터 / 하이스쿨 dxd / 개스퍼 블라디""]"
gaspel,not_in_snapshot,,,[],"[""Gaspel""]","[""기본 / 테마 / 음악 / 가스펠""]"
gazebo,snapshot_match,0,526,[],"[""gazebo""]","[""기본 / 장소 / 현장 / (정원의) 정자""]"
geisha,snapshot_match,0,288,[],"[""geisha""]","[""인물 / 직업 / 예술 / 게이샤""]"
gentle_face,not_in_snapshot,,,[],"[""gentle_face""]","[""동작 1 / 얼굴 / 표정 / 상냥한 표정""]"
geta,snapshot_match,0,23365,[],"[""geta""]","[""의상 / 신발 / 샌들 / 게다(일본 나무 샌들)""]"
geyser,snapshot_match,0,54,[],"[""geyser""]","[""기본 / 장소 / 자연 / 온천""]"
ghost,snapshot_match,0,37198,[],"[""Ghost""]","[""인물 / 종족 / 판타지 / 유령""]"
ghost_in_the_shell,snapshot_match,3,2521,[],"[""GHOST_IN_THE_SHELL""]","[""작품 / 작품 / 목록 / 공각기동대""]"
giddy_face,not_in_snapshot,,,[],"[""Giddy_face""]","[""동작 1 / 얼굴 / 표정 / 들뜬 표정""]"
gigantic_ass,snapshot_match,0,179,[],"[""gigantic_ass""]","[""체형 / 몸 / 모양 / 엉덩이가 엄청 크다""]"
gigantic_breasts,snapshot_match,0,16361,[],"[""gigantic_breasts""]","[""체형 / 가슴 / 모양 / 가슴이 엄청 크다""]"
gigantic_penis,snapshot_match,0,2144,[],"[""gigantic_penis""]","[""!섹스 / 자지 / 모양 / 자지가 엄청 크다""]"
gigantic_testicles,snapshot_match,0,531,[],"[""gigantic_testicles""]","[""!섹스 / 자지 / 모양 / 고환이 엄청 크다""]"
giggling,snapshot_match,0,606,[],"[""giggling""]","[""행동 / 동사 / 동사 ㅅ / 누군가 숨죽여 웃다""]"
ginrummy,not_in_snapshot,,,[],"[""Ginrummy""]","[""작품 / 캐릭터 / 원피스 / 진라미""]"
gintama,snapshot_match,3,6262,[],"[""Gintama""]","[""작품 / 작품 / 목록 / 은혼""]"
girl,not_in_snapshot,,,[],"[""girl""]","[""체형 / 몸 / 나이 / 소녀""]"
girl_focus,not_in_snapshot,,,[],"[""girl_focus""]","[""기본 / 초점 / 집중 / 여자에게 집중한다""]"
giselle_gewelle,snapshot_match,4,246,[],"[""Giselle_Gewelle""]","[""작품 / 캐릭터 / 블리치 / 지젤 쥬엘""]"
giving,snapshot_match,0,4616,[],"[""giving""]","[""행동 / 동명사 / 동명사 ㅅ / 무엇을 선물하다""]"
glacier,snapshot_match,0,248,[],"[""glacier""]","[""기본 / 장소 / 자연 / 빙하""]"
gladiator_sandals,snapshot_match,0,2976,[],"[""gladiator_sandals""]","[""의상 / 신발 / 샌들 / 검투사 샌들""]"
glamorous,not_in_snapshot,,,[],"[""glamorous""]","[""체형 / 몸 / 모양 / 몸이 매혹적이다""]"
glaring,snapshot_match,0,12470,[],"[""glaring""]","[""동작 1 / 눈 / 동작 / 눈을 가늘게 뜰다""]"
gloomy_face,not_in_snapshot,,,[],"[""Gloomy_face""]","[""동작 1 / 얼굴 / 표정 / 암울한 표정"", ""동작 1 / 얼굴 / 표정 / 우울한 표정""]"
glove_biting,alias_candidate_unverified,,,"[""biting_glove""]","[""glove_biting""]","[""동작 1 / 입 / 깨물다 / 이빨로 장갑을 깨물다""]"
glowing,snapshot_match,0,138799,[],"[""glowing""]","[""행동 / 동명사 / 동명사 ㅂ / 무엇이 빛난다""]"
glowing_penis,snapshot_match,0,152,[],"[""glowing_penis""]","[""!섹스 / 자지 / 특징 / 자지가 빛난다""]"
glowing_pupils,snapshot_match,0,399,[],"[""glowing_pupils""]","[""외모 / 눈 / 모양 / 발광한 눈"", ""외모 / 눈 / 특징 / 눈이 발광한다""]"
goalkeeper_gloves,not_in_snapshot,,,[],"[""goalkeeper_gloves""]","[""장신구 / 손 장식 / 장갑 / 골키퍼 장갑""]"
goat,snapshot_match,0,1870,[],"[""goat""]","[""인물 / 종족 / 동물 / 염소""]"
goat_costume,not_in_snapshot,,,[],"[""goat_costume""]","[""의상 / 의상 / 코스튬 / 염소 코스튬""]"
goat_ears,snapshot_match,0,6191,[],"[""goat_ears""]","[""외모 / 귀 / 모양 / 염소 귀""]"
goat_furry,not_in_snapshot,,,[],"[""goat_furry""]","[""인물 / 종족 / 퍼리 / 염소 수인""]"
goat_human,not_in_snapshot,,,[],"[""goat_human""]","[""인물 / 종족 / 수인 / 염소 인간""]"
goblin,snapshot_match,0,4609,[],"[""Goblin""]","[""인물 / 종족 / 판타지 / 고블린""]"
goblin_slayer,snapshot_match,4,392,[],"[""Goblin_Slayer""]","[""작품 / 작품 / 목록 / 고블린 슬레이어""]"
goggles,snapshot_match,0,88113,[],"[""goggles""]","[""장신구 / 얼굴 장식 / 안경 / 고글""]"
goggles_around_neck,snapshot_match,0,7172,[],"[""goggles_around_neck""]","[""장신구 / 목 장식 / 장신구 / 고글""]"
gokkun,snapshot_match,0,1579,[],"[""gokkun""]","[""!섹스 / 섹스 / 사정 / 정액을 먹다""]"
golden,not_in_snapshot,,,[],"[""golden""]","[""기본 / 배경 / 컬러 / 황금색""]"
golden_eyes,alias_candidate_unverified,,,"[""yellow_eyes""]","[""golden_eyes""]","[""외모 / 눈 / 색깔 / 황금색 눈""]"
golden_lips,not_in_snapshot,,,[],"[""golden lips""]","[""외모 / 입 / 색깔 / 황금색 입술""]"
golden_tongue,not_in_snapshot,,,[],"[""golden tongue""]","[""외모 / 입 / 색깔 / 황금색 혀""]"
golf_gloves,not_in_snapshot,,,[],"[""golf_gloves""]","[""장신구 / 손 장식 / 장갑 / 골프 장갑""]"
golf_uniform,not_in_snapshot,,,[],"[""golf_uniform""]","[""의상 / 의상 / 운동복 / 골프복""]"
golfer,not_in_snapshot,,,[],"[""golfer""]","[""인물 / 직업 / 운동 / 골프 선수""]"
gonzo_k.k.,not_in_snapshot,,,[],"[""GONZO_K.K.""]","[""작품 / 작품 / 제작 / 곤조""]"
gorgon,alias_candidate_unverified,,,"[""snake_hair""]","[""Gorgon""]","[""작품 / 캐릭터 / Fate/Grand order / 고르곤""]"
gorilla,snapshot_match,0,911,[],"[""Gorilla""]","[""인물 / 종족 / 동물 / 고릴라""]"
gorilla_costume,not_in_snapshot,,,[],"[""Gorilla_costume""]","[""의상 / 의상 / 코스튬 / 고릴라 코스튬""]"
gorilla_ears,not_in_snapshot,,,[],"[""Gorilla_ears""]","[""외모 / 귀 / 모양 / 고릴라""]"
gorilla_furry,not_in_snapshot,,,[],"[""Gorilla_furry""]","[""인물 / 종족 / 퍼리 / 고릴라 수인""]"
gorilla_human,not_in_snapshot,,,[],"[""Gorilla_human""]","[""인물 / 종족 / 수인 / 고릴라 인간""]"
gorilla_tail,not_in_snapshot,,,[],"[""gorilla_tail""]","[""체형 / 꼬리 / 종류 / 고릴라 꼬리""]"
gothic_fantasy,not_in_snapshot,,,[],"[""Gothic_Fantasy""]","[""기본 / 테마 / 장르 / 고딕 판타지""]"
gouache,alias_candidate_unverified,,,"[""gouache_(medium)""]","[""gouache""]","[""기본 / 테마 / 도구 / 구아슈""]"
gown,snapshot_match,0,6617,[],"[""gown""]","[""의상 / 의상 / 드레스 / 가운""]"
grabbing,snapshot_match,0,3708,[],"[""grabbing""]","[""동작 1 / 손 / 잡다 / 손으로 잡다""]"
grabbing_another's_ass,snapshot_match,0,30872,[],"[""grabbing_another's_ass""]","[""동작 1 / 손 / 잡다 / 손으로 남의 엉덩를 잡다""]"
grabbing_own_breast,snapshot_match,0,25354,[],"[""grabbing_own_breast""]","[""!섹스 / 섹스 / 애무 / 손으로 가슴을 잡았다""]"
gradient,not_in_snapshot,,,[],"[""gradient""]","[""기본 / 배경 / 컬러 / 그라데이션""]"
gradient_hair,snapshot_match,0,225777,[],"[""gradient hair""]","[""외모 / 머리카락 / 색깔 / 머리카락 색깔이 층을 이룬다""]"
granddaughter,not_in_snapshot,,,[],"[""granddaughter""]","[""인물 / 인물 / 위치 / 할아버지""]"
grandfather_and_granddaughter,snapshot_match,0,571,[],"[""grandfather_and_granddaughter""]","[""인물 / 인물 / 관계 / 할아버지와 손녀""]"
grandfather_and_grandson,snapshot_match,0,639,[],"[""grandfather_and_grandson""]","[""인물 / 인물 / 관계 / 할아버지와 손자""]"
grandmother,not_in_snapshot,,,[],"[""grandmother""]","[""인물 / 인물 / 위치 / 할머니""]"
grandmother_and_granddaughter,snapshot_match,0,676,[],"[""grandmother_and_granddaughter""]","[""인물 / 인물 / 관계 / 할머니와 손녀""]"
grandmother_and_grandson,snapshot_match,0,461,[],"[""grandmother_and_grandson""]","[""인물 / 인물 / 관계 / 할머니와 손자""]"
graphic_novel,not_in_snapshot,,,[],"[""Graphic_Novel""]","[""기본 / 작화 / 스타일 / 그래픽 노벨""]"
graphite,alias_candidate_unverified,,,"[""graphite_(medium)""]","[""graphite""]","[""기본 / 테마 / 도구 / 흑연""]"
graveyard,snapshot_match,0,2838,[],"[""graveyard""]","[""기본 / 장소 / 시설 / 묘지""]"
gray,not_in_snapshot,,,[],"[""Gray"", ""gray""]","[""기본 / 배경 / 컬러 / 회색"", ""작품 / 캐릭터 / Fate/Grand order / 그레이""]"
gray_eyes,alias_candidate_unverified,,,"[""grey_eyes""]","[""gray_eyes""]","[""외모 / 눈 / 색깔 / 회색 눈""]"
gray_hair_streak,not_in_snapshot,,,[],"[""gray_hair_streak""]","[""외모 / 머리카락 / 스타일 / 회색 브리지""]"
gray_lips,not_in_snapshot,,,[],"[""gray lips""]","[""외모 / 입 / 색깔 / 회색 입술""]"
gray_tongue,not_in_snapshot,,,[],"[""gray tongue""]","[""외모 / 입 / 색깔 / 회색 혀""]"
greece,snapshot_match,0,163,[],"[""Greece""]","[""기본 / 장소 / 국가 / 그리스""]"
greek_mythology,snapshot_match,3,981,[],"[""Greek_mythology""]","[""기본 / 테마 / 신화 / 그리스 신화""]"
greeks,not_in_snapshot,,,[],"[""Greeks""]","[""인물 / 인종 / 국가 / 그리스인""]"
green,not_in_snapshot,,,[],"[""green""]","[""기본 / 배경 / 컬러 / 초록색""]"
green_eyes,snapshot_match,0,1195131,[],"[""green_eyes""]","[""외모 / 눈 / 색깔 / 초록색 눈""]"
green_hair,snapshot_match,0,592426,[],"[""green hair""]","[""외모 / 머리카락 / 색깔 / 초록색 머리카락""]"
green_hair_streak,not_in_snapshot,,,[],"[""green_hair_streak""]","[""외모 / 머리카락 / 스타일 / 초록색 브리지""]"
green_lips,snapshot_match,0,4995,[],"[""green lips""]","[""외모 / 입 / 색깔 / 초록색 입술""]"
green_tongue,snapshot_match,0,1113,[],"[""green tongue""]","[""외모 / 입 / 색깔 / 초록색 혀""]"
greenhouse,snapshot_match,0,880,[],"[""greenhouse""]","[""기본 / 장소 / 현장 / 온실""]"
grinding,alias_candidate_unverified,,,"[""pussyjob""]","[""grinding""]","[""!섹스 / 섹스 / 보지 / 보지로 자지를 비빈다""]"
groping,snapshot_match,0,133122,[],"[""groping""]","[""!섹스 / 섹스 / 애무 / 손으로 더듬다"", ""동작 1 / 가슴 / 동작 / 가슴을 더듬다"", ""동작 1 / 손 / 애무하다 / 손으로 가슴을 더듬다"", ""동작 1 / 엉덩이 / 동작 / 엉덩이를 더듬다""]"
group_sex,snapshot_match,0,82826,[],"[""group_sex""]","[""!섹스 / 섹스 / 상황 / 여러 명이 섹스한다""]"
guard,snapshot_match,0,194,[],"[""guard""]","[""인물 / 직업 / 전문 / 경비원""]"
guard_tower,alias_candidate_unverified,,,"[""watchtower""]","[""guard_tower""]","[""기본 / 장소 / 건축물 / 경비탑""]"
guided_breast_grab,snapshot_match,0,2486,[],"[""guided_breast_grab""]","[""!섹스 / 섹스 / 애무 / 손으로 가슴을 잡게 한다"", ""동작 1 / 가슴 / 애무하다 / 가슴을 쥐게 하다"", ""동작 1 / 손 / 잡다 / 손으로 가슴을 잡게 유도하다""]"
guided_crotch_grab,snapshot_match,0,86,[],"[""guided_crotch_grab""]","[""!섹스 / 섹스 / 자위 / 자위할 때 가랑이를 잡게 한다""]"
guided_penetration,snapshot_match,0,1826,[],"[""guided_penetration""]","[""!섹스 / 섹스 / 상황 / 여자가 삽입을 안내하다""]"
guild_girl(goblin_slayer),not_in_snapshot,,,[],"[""Guild_Girl(Goblin_Slayer)""]","[""작품 / 캐릭터 / 고블린 슬레이어 / 접수원 아가씨""]"
gwen_stacy,snapshot_match,4,1534,[],"[""Gwen_Stacy""]","[""작품 / 캐릭터 / 마블 코믹스 / 그웬 스테이시""]"
gyaru,snapshot_match,0,29354,[],"[""gyaru""]","[""인물 / 직업 / 일반 / 갸루""]"
gym,not_in_snapshot,,,[],"[""gym""]","[""기본 / 장소 / 운동 / 헬스장""]"
gym_shorts,snapshot_match,0,7975,[],"[""gym_shorts""]","[""의상 / 하의 / 반바지 / 체육복 반바지""]"
gym_storeroom,snapshot_match,0,3344,[],"[""gym_storeroom""]","[""기본 / 장소 / 운동 / 체육관창고""]"
gym_uniform,snapshot_match,0,42250,[],"[""gym_uniform""]","[""의상 / 의상 / 운동복 / 체육복""]"
habetrot,not_in_snapshot,,,[],"[""Habetrot""]","[""작품 / 캐릭터 / Fate/Grand order / 하베트롯""]"
habit,not_in_snapshot,,,[],"[""habit""]","[""의상 / 의상 / 제복 / 사제복"", ""장신구 / 머리 장식 / 모자 / 성직자 모자""]"
hacker,not_in_snapshot,,,[],"[""hacker""]","[""인물 / 직업 / 일반 / 해커""]"
hair_between_eyes,snapshot_match,0,1785774,[],"[""hair_between_eyes""]","[""외모 / 머리카락 / 특징 / 앞머리가 눈 사이를 가린다""]"
hair_bun,snapshot_match,0,372668,"[""single_hair_bun""]","[""hair_bun""]","[""외모 / 머리카락 / 스타일 / 롤빵""]"
hair_over_eyes,snapshot_match,0,31604,[],"[""hair_over_eyes""]","[""외모 / 머리카락 / 특징 / 앞머리가 양쪽 눈을 가렸다""]"
hair_over_one_eye,snapshot_match,0,371454,[],"[""hair_over_one_eye""]","[""외모 / 머리카락 / 특징 / 앞머리가 한쪽 눈을 가렸다""]"
hair_ribbon,snapshot_match,0,796924,[],"[""hair_ribbon""]","[""장신구 / 머리 장식 / 머리띠 / 머리 리본""]"
hair_tucking,alias_candidate_unverified,,,"[""tucking_hair""]","[""hair_tucking""]","[""동작 1 / 머리 / 동작 / 머리를 묶다""]"
hair_twirling,alias_candidate_unverified,,,"[""twirling_hair""]","[""hair_twirling""]","[""동작 1 / 머리 / 동작 / 머리를 돌리다""]"
hair_wings,snapshot_match,0,1266,[],"[""hair_wings""]","[""체형 / 날개 / 모양 / 날개가 머리카락에 있다""]"
hairband,snapshot_match,0,705764,[],"[""hairband""]","[""장신구 / 머리 장식 / 머리띠 / 머리띠""]"
hairdressing,snapshot_match,0,3399,[],"[""hairdressing""]","[""동작 1 / 머리 / 동작 / 머리를 이발하다""]"
hairu_ihei,not_in_snapshot,,,[],"[""Hairu_Ihei""]","[""작품 / 캐릭터 / 도쿄 구울 / 우헤이 하이루""]"
hakama,snapshot_match,0,67823,"[""hakama_skirt""]","[""hakama""]","[""의상 / 의상 / 복장 / 하카마""]"
hakama_pants,snapshot_match,0,4311,[],"[""hakama_pants""]","[""의상 / 의상 / 복장 / 하카마 바지""]"
hakama_pull,snapshot_match,0,153,[],"[""hakama_pull""]","[""동작 2 / 하의 / 행동 / 하카마를 아래로 내리다""]"
hakama_short_skirt,snapshot_match,0,14337,[],"[""hakama_short_skirt""]","[""의상 / 의상 / 복장 / 하카마 짧은 치마""]"
hakama_skirt,snapshot_match,0,47081,"[""hakama_short_skirt""]","[""hakama_skirt""]","[""의상 / 의상 / 복장 / 하카마 치마""]"
hakuei_ren,not_in_snapshot,,,[],"[""Hakuei_Ren""]","[""작품 / 캐릭터 / 마기 / 연백련""]"
half-closed_eyes,snapshot_match,0,144380,[],"[""half-closed_eyes""]","[""동작 1 / 눈 / 동작 / 눈을 반쯤 가다""]"
half-dress,snapshot_match,0,70,[],"[""half-dress""]","[""의상 / 의상 / 드레스 / 절반으로 나뉜 드레스""]"
half-siblings,snapshot_match,0,3375,[],"[""half-siblings""]","[""인물 / 인물 / 위치 / 이복 형제자매""]"
half_mask,snapshot_match,0,3164,[],"[""half_mask""]","[""장신구 / 얼굴 장식 / 마스크 / 반쪽 가면""]"
halter_dress,snapshot_match,0,14784,[],"[""halter_dress""]","[""의상 / 의상 / 드레스 / 목과 연결된 드레스""]"
halterneck,snapshot_match,0,145680,[],"[""halterneck""]","[""의상 / 상의 / 스웨터 / 홀터넥""]"
hamburger_kiss,not_in_snapshot,,,[],"[""Hamburger_Kiss""]","[""동작 1 / 입 / 키스하다 / 입술을 깨물며 키스한다""]"
hand_between_legs,alias_candidate_unverified,,,"[""hand_between_own_legs""]","[""hand_between_legs""]","[""동작 1 / 손 / 올리다 / 손을 다리에 올리다""]"
hand_biting,not_in_snapshot,,,[],"[""hand_biting""]","[""동작 1 / 입 / 깨물다 / 이빨로 손을 깨물다""]"
hand_focus,snapshot_match,0,2813,[],"[""hand_focus""]","[""기본 / 초점 / 집중 / 손에 집중한다""]"
hand_in_panties,not_in_snapshot,,,[],"[""hand_in_panties""]","[""동작 2 / 팬티 / 행동 / 팬티를 손대다""]"
hand_in_pocket,snapshot_match,0,53072,[],"[""hand_in_pocket""]","[""동작 1 / 손 / 올리다 / 손을 주머니 한쪽에 넣다""]"
hand_mouth,snapshot_match,0,338,[],"[""hand_mouth""]","[""동작 1 / 손 / 올리다 / 손을 입에 올리다""]"
hand_on_another's_cheek,snapshot_match,0,13413,[],"[""hand_on_another's_cheek""]","[""동작 1 / 손 / 올리다 / 손을 남의 뺨에 올리다""]"
hand_on_another's_chest,snapshot_match,0,9010,[],"[""hand_on_another's_chest""]","[""동작 1 / 손 / 올리다 / 손을 남의 가슴에 올리다""]"
hand_on_another's_chin,snapshot_match,0,12252,[],"[""hand_on_another's_chin""]","[""동작 1 / 손 / 올리다 / 손을 남의 턱에 올리다""]"
hand_on_another's_face,snapshot_match,0,32200,[],"[""hand_on_another's_face""]","[""동작 1 / 손 / 올리다 / 손을 남의 얼굴에 올리다""]"
hand_on_another's_hand,snapshot_match,0,2971,[],"[""hand_on_another's_hand""]","[""동작 1 / 손 / 올리다 / 손을 남의 손에 올리다""]"
hand_on_another's_head,snapshot_match,0,53123,[],"[""hand_on_another's_head""]","[""동작 1 / 손 / 올리다 / 손을 남의 머리에 올리다""]"
hand_on_another's_neck,snapshot_match,0,6502,[],"[""hand_on_another's_neck""]","[""동작 1 / 목 / 동작 / 남의 목에 손을 대다""]"
hand_on_another's_shoulder,snapshot_match,0,43581,[],"[""hand_on_another's_shoulder""]","[""동작 1 / 손 / 올리다 / 손을 남의 어깨에 올리다""]"
hand_on_ear,alias_candidate_unverified,,,"[""hand_on_own_ear""]","[""hand_on_ear""]","[""동작 1 / 귀 / 동작 / 귀를 만진다"", ""동작 1 / 손 / 올리다 / 손을 귀에 올리다""]"
hand_on_eyewear,snapshot_match,0,4379,[],"[""hand_on_eyewear""]","[""동작 2 / 안경 / 행동 / 안경을 살짝 위로 올린다""]"
hand_on_headwear,snapshot_match,0,25308,[],"[""hand_on_headwear""]","[""동작 1 / 손 / 올리다 / 손을 모자에 올리다"", ""동작 2 / 모자 / 행동 / 모자를 손으로 잡다""]"
hand_on_own_ass,snapshot_match,0,10654,[],"[""hand_on_own_ass""]","[""동작 1 / 손 / 올리다 / 손을 엉덩이(양쪽)에 올리다""]"
hand_on_own_cheek,snapshot_match,0,37647,[],"[""hand_on_own_cheek""]","[""동작 1 / 손 / 올리다 / 손을 내 뺨에 올리다""]"
hand_on_own_chest,snapshot_match,0,89727,[],"[""hand_on_own_chest""]","[""동작 1 / 손 / 올리다 / 손을 내 가슴에 올리다""]"
hand_on_own_chin,snapshot_match,0,29606,[],"[""hand_on_own_chin""]","[""동작 1 / 손 / 올리다 / 손을 내 턱에 올리다""]"
hand_on_own_face,snapshot_match,0,73356,[],"[""hand_on_own_face""]","[""동작 1 / 손 / 올리다 / 손을 내 얼굴에 올리다""]"
hand_on_own_forehead,snapshot_match,0,2877,[],"[""hand_on_own_forehead""]","[""동작 1 / 손 / 올리다 / 손을 이마에 올리다""]"
hand_on_own_head,snapshot_match,0,24419,[],"[""hand_on_own_head""]","[""동작 1 / 손 / 올리다 / 손을 내 머리에 올리다""]"
hand_on_own_knee,snapshot_match,0,18246,[],"[""hand_on_own_knee""]","[""동작 1 / 손 / 올리다 / 손을 무릎(한쪽)에 올리다""]"
hand_on_own_neck,snapshot_match,0,3498,[],"[""hand_on_own_neck""]","[""동작 1 / 목 / 동작 / 내 목에 손을 대다""]"
hand_on_own_shoulder,snapshot_match,0,3543,[],"[""hand_on_own_shoulder""]","[""동작 1 / 손 / 올리다 / 손을 내 어깨에 올리다""]"
handcuffs,snapshot_match,0,17644,[],"[""handcuffs""]","[""!섹스 / 도구 / 구속 / 수갑""]"
handjob,snapshot_match,0,52628,[],"[""handjob""]","[""!섹스 / 섹스 / 핸드잡 / 손으로 자지를 흔들다""]"
handjob_gesture,snapshot_match,0,1257,[],"[""Handjob_gesture""]","[""!섹스 / 섹스 / 핸드잡 / 손으로 자지를 흔드는 흉내를 낸다""]"
hands_in_pockets,snapshot_match,0,34595,[],"[""hands_in_pockets""]","[""동작 1 / 손 / 올리다 / 손을 주머니 양쪽에 넣다""]"
hands_on_ass,not_in_snapshot,,,[],"[""hands_on_ass""]","[""동작 1 / 손 / 올리다 / 손을 엉덩이(한쪽)에 올리다""]"
hands_on_feet,snapshot_match,0,1969,[],"[""hands_on_feet""]","[""동작 1 / 손 / 올리다 / 손을 발에 올리다""]"
hands_on_hips,alias_candidate_unverified,,,"[""hands_on_own_hips""]","[""hands_on_hips""]","[""동작 1 / 손 / 올리다 / 손을 엉덩이에 올리다""]"
hands_on_own_knees,snapshot_match,0,10100,[],"[""hands_on_own_knees""]","[""동작 1 / 손 / 올리다 / 손을 무릎(양쪽)에 올리다""]"
handstand,snapshot_match,0,1870,[],"[""handstand""]","[""동작 1 / 몸 / 동작 / 물구나무서다""]"
hangar,snapshot_match,0,944,[],"[""hangar""]","[""기본 / 장소 / 이동 / 격납고""]"
hanging_breasts,snapshot_match,0,28092,[],"[""hanging_breasts""]","[""동작 1 / 가슴 / 동작 / 가슴을 매달다""]"
hanten,not_in_snapshot,,,[],"[""hanten""]","[""의상 / 의상 / 복장 / 한텐""]"
haori,snapshot_match,0,28166,[],"[""haori""]","[""의상 / 의상 / 복장 / 하오리""]"
happi,snapshot_match,0,3002,[],"[""happi""]","[""의상 / 의상 / 복장 / 반소매 하오리""]"
happy_face,not_in_snapshot,,,[],"[""Happy_face""]","[""동작 1 / 얼굴 / 표정 / 기쁜 표정"", ""동작 1 / 얼굴 / 표정 / 행복한 표정""]"
happy_sex,snapshot_match,0,21750,[],"[""happy_sex""]","[""!섹스 / 섹스 / 설정 / 화간하다""]"
harbor,snapshot_match,0,615,[],"[""harbor""]","[""기본 / 장소 / 이동 / 항구""]"
harem_outfit,snapshot_match,0,6559,[],"[""harem_outfit""]","[""의상 / 의상 / 제복 / 벨리댄서""]"
harley_quinn,snapshot_match,4,1389,[],"[""Harley_Quinn""]","[""작품 / 캐릭터 / DC 코믹스 / 할리퀸""]"
hassan_of_the_hundred_faces,alias_candidate_unverified,,,"[""assassin_(fate/zero)""]","[""Hassan_of_the_Hundred_Faces""]","[""작품 / 캐릭터 / Fate/Grand order / 백모의 핫산""]"
hassan_of_the_serenity,not_in_snapshot,,,[],"[""Hassan_of_the_Serenity""]","[""작품 / 캐릭터 / Fate/Grand order / 정밀의 핫산""]"
hat_loss,snapshot_match,0,594,[],"[""hat_loss""]","[""동작 2 / 모자 / 행동 / 모자를 날리다""]"
hat_on_chest,snapshot_match,0,94,[],"[""hat_on_chest""]","[""동작 2 / 모자 / 행동 / 모자를 가슴 위에 올리다""]"
hat_over_eyes,snapshot_match,0,1267,[],"[""hat_over_eyes""]","[""동작 2 / 모자 / 행동 / 모자를 눈 양쪽 위에 올리다""]"
hat_over_one_eye,snapshot_match,0,2079,[],"[""hat_over_one_eye""]","[""동작 2 / 모자 / 행동 / 모자를 눈 한쪽 위에 올리다""]"
hat_removed,alias_candidate_unverified,,,"[""unworn_hat""]","[""hat_removed""]","[""동작 2 / 모자 / 행동 / 모자를 벗다""]"
hat_tip,snapshot_match,0,2238,[],"[""hat_tip""]","[""동작 1 / 손 / 동작 / 손으로 모자를잡다"", ""동작 2 / 모자 / 행동 / 모자를 잡다""]"
hatching,snapshot_match,0,505,[],"[""hatching""]","[""행동 / 동명사 / 동명사 ㅂ / 무엇이 부화하다""]"
hazmat_suit,snapshot_match,0,530,[],"[""hazmat_suit""]","[""의상 / 의상 / 제복 / 방호복""]"
head+stogether,not_in_snapshot,,,[],"[""head+stogether""]","[""동작 1 / 몸 / 마주하다 / 머리를 맞대다""]"
head_between_breasts,snapshot_match,0,4505,[],"[""head_between_breasts""]","[""동작 1 / 가슴 / 끼우다 / 가슴 사이에 머리를 끼우다""]"
head_biting,alias_candidate_unverified,,,"[""biting_head""]","[""head_biting""]","[""동작 1 / 입 / 깨물다 / 이빨로 머리를 깨물다""]"
head_wings,snapshot_match,0,94079,[],"[""head_wings""]","[""체형 / 날개 / 모양 / 날개가 머리에 있다""]"
headband,snapshot_match,0,132607,[],"[""headband""]","[""장신구 / 머리 장식 / 머리띠 / 머리띠""]"
headdress,snapshot_match,0,23202,[],"[""headdress""]","[""장신구 / 머리 장식 / 머리띠 / 머리 장식""]"
headphones_around_neck,snapshot_match,0,21162,[],"[""headphones_around_neck""]","[""장신구 / 목 장식 / 장신구 / 헤드폰""]"
healing,snapshot_match,0,397,[],"[""healing""]","[""행동 / 동명사 / 동명사 ㅊ / 무엇을 치유하다""]"
health_glove,not_in_snapshot,,,[],"[""Health_glove""]","[""장신구 / 손 장식 / 장갑 / 헬스 글러브""]"
health_teacher,not_in_snapshot,,,[],"[""health_teacher""]","[""인물 / 직업 / 교육 / 보건 교사""]"
heart-shaped_eyewear,snapshot_match,0,11355,[],"[""heart-shaped_eyewear""]","[""장신구 / 얼굴 장식 / 안경 / 하트 모양 안경""]"
heart-shaped_face,not_in_snapshot,,,[],"[""Heart-shaped_face""]","[""외모 / 얼굴 / 모양 / 얼굴이 하트형이다""]"
heart-shaped_pupils,snapshot_match,0,120565,[],"[""heart-shaped_pupils""]","[""외모 / 눈 / 모양 / 하트""]"
heart_arms,snapshot_match,0,1041,[],"[""heart_arms""]","[""동작 1 / 팔 / 동작 / 팔로 하트를 그리다""]"
heart_earrings,snapshot_match,0,19206,[],"[""Heart_earrings""]","[""장신구 / 귀 장식 / 귀걸이 / 하트 귀걸이""]"
heart_hair_bun,snapshot_match,0,635,[],"[""heart_hair_bun""]","[""외모 / 머리카락 / 스타일 / 하트헤어 롤빵""]"
heart_wings,snapshot_match,0,102,[],"[""Heart_wings""]","[""체형 / 날개 / 종류 / 하트 모양 날개""]"
heat-dissipating_gloves,not_in_snapshot,,,[],"[""heat-dissipating_gloves""]","[""장신구 / 손 장식 / 장갑 / 방열 장갑""]"
heavy_arm,not_in_snapshot,,,[],"[""heavy_arm""]","[""체형 / 팔 / 모양 / 팔뚝이 두껍다"", ""체형 / 팔 / 모양 / 팔이 두껍다""]"
heavy_breathing_(panting),not_in_snapshot,,,[],"[""heavy_breathing_(panting)""]","[""동작 1 / 입 / 호흡하다 / 거칠게 숨쉬다""]"
heavy_ears,not_in_snapshot,,,[],"[""heavy_ears""]","[""외모 / 귀 / 모양 / 귀가 두껍다""]"
heavy_eyebrow,not_in_snapshot,,,[],"[""heavy_eyebrow""]","[""외모 / 눈 / 크기 / 눈썹이 두껍다""]"
heavy_eyelashes,not_in_snapshot,,,[],"[""heavy_eyelashes""]","[""외모 / 눈 / 크기 / 속눈썹이 두껍다""]"
heavy_hand,not_in_snapshot,,,[],"[""heavy_hand""]","[""체형 / 손 / 모양 / 손이 두껍다""]"
heavy_nose,not_in_snapshot,,,[],"[""heavy_nose""]","[""외모 / 코 / 길이 / 코가 두껍다""]"
heavy_stomach,not_in_snapshot,,,[],"[""heavy_stomach""]","[""체형 / 몸 / 모양 / 배가 통통하다""]"
helena_blavatsky,not_in_snapshot,,,[],"[""Helena_Blavatsky""]","[""작품 / 캐릭터 / Fate/Grand order / 엘레나 블레바츠키""]"
helena_blavatsky_(christmas),not_in_snapshot,,,[],"[""Helena_Blavatsky_(Christmas)""]","[""작품 / 캐릭터 / Fate/Grand order / 엘레나 블레바크치 산타""]"
helena_blavatsky_(swimsuit_archer),not_in_snapshot,,,[],"[""Helena_Blavatsky_(Swimsuit_Archer)""]","[""작품 / 캐릭터 / Fate/Grand order / 엘레나 블레바츠키 수영복""]"
hellsing,snapshot_match,3,2061,[],"[""Hellsing""]","[""작품 / 작품 / 목록 / 헬싱""]"
henrietta,not_in_snapshot,,,[],"[""Henrietta""]","[""작품 / 캐릭터 / 제로의 사역마 / 헨리에타""]"
hephaestion,not_in_snapshot,,,[],"[""Hephaestion""]","[""작품 / 캐릭터 / Fate/Grand order / 헤파이스티온""]"
hephaestus(dunmachi),not_in_snapshot,,,[],"[""Hephaestus(DunMachi)""]","[""작품 / 캐릭터 / 던전에서 만남을 추구하면 안 되는 걸까? / 헤파이스토스""]"
hestia(dunmachi),not_in_snapshot,,,[],"[""Hestia(DunMachi)""]","[""작품 / 캐릭터 / 던전에서 만남을 추구하면 안 되는 걸까? / 헤스티아""]"
heterochromia,snapshot_match,0,173575,[],"[""heterochromia""]","[""외모 / 눈 / 색깔 / 이색""]"
hev_suit,snapshot_match,0,130,[],"[""hev_suit""]","[""의상 / 의상 / 제복 / 보호복""]"
hexagonal_face,not_in_snapshot,,,[],"[""hexagonal_face""]","[""외모 / 얼굴 / 모양 / 얼굴이 육각형이다""]"
hiding,snapshot_match,0,5918,[],"[""hiding""]","[""행동 / 동명사 / 동명사 ㅅ / 무엇을 숨기다""]"
high-end_nose,not_in_snapshot,,,[],"[""high-end_nose""]","[""외모 / 코 / 모양 / 코가 끝만 높다""]"
high-low_dress,snapshot_match,0,2541,[],"[""high-low_dress""]","[""의상 / 의상 / 드레스 / 매우 짧은 드레스""]"
high-low_skirt,snapshot_match,0,954,[],"[""high-low_skirt""]","[""의상 / 하의 / 치마 / 매우 좁은 치마""]"
high-waist_sideboob,not_in_snapshot,,,[],"[""high-waist_sideboob""]","[""의상 / 의상 / 특징 / 옷의 옆구리 위쪽을 노출하다""]"
high-waist_skirt,snapshot_match,0,54970,[],"[""high-waist_skirt""]","[""의상 / 하의 / 치마 / 매우 넓은 치마""]"
high_elf,not_in_snapshot,,,[],"[""High_Elf""]","[""인물 / 종족 / 판타지 / 하이 엘프""]"
high_elf_archer(goblin_slayer),not_in_snapshot,,,[],"[""High_Elf_Archer(Goblin_Slayer)""]","[""작품 / 캐릭터 / 고블린 슬레이어 / 엘프 궁수""]"
high_five,snapshot_match,0,1155,[],"[""high_five""]","[""동작 1 / 손 / 동작 / 손으로 하이파이브""]"
high_heel_boots,snapshot_match,0,58295,[],"[""high_heel_boots""]","[""의상 / 신발 / 부츠 / 하이힐 부츠""]"
high_heels,snapshot_match,0,291423,[],"[""high_heels""]","[""의상 / 신발 / 구두 / 하이힐""]"
high_legs,not_in_snapshot,,,[],"[""High_Legs""]","[""의상 / 속옷 / 양말 / 하이레그""]"
high_ponytail,snapshot_match,0,127452,[],"[""high_ponytail""]","[""외모 / 머리카락 / 스타일 / 높은 포니테일""]"
high_quality,not_in_snapshot,,,[],"[""high_quality""]","[""기본 / 품질 / 해상도 / 고화질""]"
high_quality_anime,not_in_snapshot,,,[],"[""high_quality_anime""]","[""기본 / 품질 / 해상도 / 고화질""]"
high_resolution,alias_candidate_unverified,,,"[""highres""]","[""high_resolution""]","[""기본 / 품질 / 해상도 / 높은 해상도""]"
high_tops,snapshot_match,0,1962,[],"[""high_tops""]","[""의상 / 신발 / 신발 / 하이탑""]"
highleg_dress,snapshot_match,0,592,[],"[""highleg_dress""]","[""의상 / 의상 / 드레스 / 매우 긴 드레스""]"
highleg_panties,snapshot_match,0,28761,[],"[""highleg_panties""]","[""의상 / 속옷 / 팬티 / 짧고 긴 팬티""]"
highres,snapshot_match,5,8148924,[],"[""highres""]","[""기본 / 품질 / 해상도 / 높은 해상도""]"
highschool_of_the_dead,snapshot_match,3,1122,[],"[""Highschool_of_the_Dead""]","[""작품 / 작품 / 목록 / 하이스쿨 오브 더 데드""]"
highway,snapshot_match,0,629,[],"[""highway""]","[""기본 / 장소 / 이동 / 고속도로""]"
hill,snapshot_match,0,5794,[],"[""hill""]","[""기본 / 장소 / 자연 / 언덕""]"
himiko,not_in_snapshot,,,[],"[""Himiko""]","[""작품 / 캐릭터 / Fate/Grand order / 히메코""]"
hinata_sakaguchi,not_in_snapshot,,,[],"[""Hinata_Sakaguchi""]","[""작품 / 캐릭터 / 전생했더니 슬라임이었던 건에 대하여 / 사카구치 히나타""]"
hip_focus,snapshot_match,0,16238,[],"[""hip_focus""]","[""기본 / 초점 / 집중 / 엉덩이에 집중한다""]"
hip_vent,snapshot_match,0,20211,[],"[""hip_vent""]","[""의상 / 의상 / 특징 / 옷의 골반을 노출하다""]"
hitachi_magic_wand,snapshot_match,0,4858,[],"[""hitachi_magic_wand""]","[""!섹스 / 도구 / 자위 / 전기 음핵 바이브레이터""]"
hitting,snapshot_match,0,2461,[],"[""hitting""]","[""행동 / 동사 / 동사 ㄷ / 누구를 때리다""]"
hiyoko_saionji,not_in_snapshot,,,[],"[""Hiyoko_Saionji""]","[""작품 / 캐릭터 / 단간론파 / 사이욘지 이요코""]"
hobble_dress,snapshot_match,0,293,[],"[""hobble_dress""]","[""의상 / 의상 / 드레스 / 발목까지 내려오는 드레스""]"
hockey_mask,snapshot_match,0,814,[],"[""hockey_mask""]","[""장신구 / 얼굴 장식 / 가면 / 하키 가면""]"
hogtie,snapshot_match,0,1461,[],"[""hogtie""]","[""동작 1 / 몸 / 묶다 / 팔과 다리를 뒤로 묶다""]"
hokaze_junko,snapshot_match,4,148,[],"[""Hokaze_Junko""]","[""작품 / 캐릭터 / 어떤 마술과학의 시리즈 / 호카제 준코""]"
holding,snapshot_match,0,2203611,[],"[""holding""]","[""행동 / 동명사 / 동명사 ㄷ / 무엇을 들다""]"
holding_another's_wrist,snapshot_match,0,19643,[],"[""holding_another's_wrist""]","[""동작 1 / 팔 / 잡는다 / 강제로 손목을 잡다""]"
holding_bra,snapshot_match,0,1509,[],"[""holding_bra""]","[""동작 2 / 브래지어 / 행동 / 브래지어를 들다""]"
holding_condom,snapshot_match,0,5930,[],"[""holding_condom""]","[""!섹스 / 섹스 / 콘돔 / 콘돔을 들다""]"
holding_ears,snapshot_match,0,343,[],"[""holding_ears""]","[""동작 1 / 귀 / 동작 / 귀를 잡는다""]"
holding_eyewear,alias_candidate_unverified,,,"[""holding_removed_eyewear""]","[""holding_eyewear""]","[""동작 2 / 안경 / 행동 / 안경을 잡다""]"
holding_hands,snapshot_match,0,146205,[],"[""holding_hands""]","[""동작 1 / 몸 / 마주하다 / 손을 잡는다"", ""동작 1 / 손 / 올리다 / 손을 손에 올리다""]"
holding_hat,alias_candidate_unverified,,,"[""holding_unworn_hat""]","[""holding_hat""]","[""동작 2 / 모자 / 행동 / 모자를 들다""]"
holding_legwear,snapshot_match,0,294,[],"[""holding_legwear""]","[""동작 2 / 양말 / 행동 / 양말을 들다""]"
holding_mask,snapshot_match,0,10173,[],"[""holding_mask""]","[""동작 2 / 마스크 / 행동 / 마스크를 들다""]"
holding_panties,snapshot_match,0,4819,[],"[""holding_panties""]","[""동작 2 / 팬티 / 행동 / 팬티를 들다""]"
holly_joestar,not_in_snapshot,,,[],"[""Holly_Joestar""]","[""작품 / 캐릭터 / 죠죠의 기묘한 모험 / 홀리 죠스타""]"
hong_kong,snapshot_match,0,160,[],"[""Hong_Kong""]","[""기본 / 장소 / 국가 / 홍콩""]"
hong_kong_people,not_in_snapshot,,,[],"[""Hong_Kong_people""]","[""인물 / 인종 / 국가 / 홍콩인""]"
hood_down,snapshot_match,0,144992,[],"[""hood_down""]","[""동작 2 / 상의 / 행동 / 후드를 아래로 내리다""]"
hoodie,snapshot_match,0,198759,[],"[""hoodie""]","[""의상 / 상의 / 후드 / 후드""]"
hopping,snapshot_match,0,309,[],"[""hopping""]","[""행동 / 동사 / 동사 ㅈ / 누군가 약하게 점프하다""]"
horned_helmet,snapshot_match,0,6720,[],"[""horned_helmet""]","[""장신구 / 머리 장식 / 헬멧 / 뿔 달린 헬맷""]"
horse,snapshot_match,0,15095,[],"[""horse""]","[""인물 / 종족 / 동물 / 말""]"
horse_costume,snapshot_match,0,168,[],"[""horse_costume""]","[""의상 / 의상 / 코스튬 / 말 코스튬""]"
horse_dildo,snapshot_match,0,554,[],"[""horse_dildo""]","[""!섹스 / 도구 / 자위 / 말 모양 딜도""]"
horse_ears,snapshot_match,0,235536,[],"[""horse_ears""]","[""외모 / 귀 / 모양 / 말 귀""]"
horse_furry,not_in_snapshot,,,[],"[""horse_furry""]","[""인물 / 종족 / 퍼리 / 말 수인""]"
horse_human,not_in_snapshot,,,[],"[""horse_human""]","[""인물 / 종족 / 수인 / 말 인간""]"
horse_penis,snapshot_match,0,4480,[],"[""horse_penis""]","[""!섹스 / 자지 / 특징 / 자지가 말 모양이다""]"
horse_tail,snapshot_match,0,136175,[],"[""horse_tail""]","[""체형 / 꼬리 / 종류 / 말 꼬리""]"
hospital,snapshot_match,0,1703,[],"[""hospital""]","[""기본 / 장소 / 시설 / 병원""]"
hotel,snapshot_match,0,357,[],"[""hotel""]","[""기본 / 장소 / 시설 / 호텔""]"
hotel_room,snapshot_match,0,815,[],"[""hotel_room""]","[""기본 / 장소 / 시설 / 호텔방""]"
houki_shinonono,not_in_snapshot,,,[],"[""Houki_Shinonono""]","[""작품 / 캐릭터 / 인피니트 스트라토스 / 시노노노 호우키""]"
house,snapshot_match,0,16498,[],"[""house""]","[""기본 / 장소 / 가정 / 집""]"
house_maid,not_in_snapshot,,,[],"[""House_Maid""]","[""인물 / 직업 / 메이드 / 하우스 메이드""]"
house_maid_costume,not_in_snapshot,,,[],"[""House_maid_costume""]","[""의상 / 의상 / 코스튬 / 하우스 메이드복""]"
housekeeper,not_in_snapshot,,,[],"[""Housekeeper""]","[""인물 / 직업 / 메이드 / 하우스키퍼""]"
housekeeper_costume,not_in_snapshot,,,[],"[""Housekeeper_costume""]","[""의상 / 의상 / 코스튬 / 하우스키퍼""]"
hug,snapshot_match,0,174478,[],"[""hug""]","[""동작 1 / 몸 / 껴안다 / 껴안다""]"
hug_from_behind,snapshot_match,0,38837,[],"[""hug_from_behind""]","[""동작 1 / 몸 / 껴안다 / 뒤에서 껴안다""]"
huge_ass,snapshot_match,0,36872,[],"[""huge_ass""]","[""체형 / 몸 / 모양 / 엉덩이가 매우 크다""]"
huge_breasts,snapshot_match,0,327636,[],"[""huge_breasts""]","[""체형 / 가슴 / 모양 / 가슴이 매우 크다""]"
huge_clitoris,snapshot_match,0,204,[],"[""huge_clitoris""]","[""!섹스 / 보지 / 모양 / 음핵이 크다""]"
huge_dildo,snapshot_match,0,1530,[],"[""huge_dildo""]","[""!섹스 / 도구 / 자위 / 큰 딜도""]"
huge_face,not_in_snapshot,,,[],"[""huge_face""]","[""외모 / 얼굴 / 모양 / 얼굴이 매우 크다""]"
huge_penis,snapshot_match,0,17025,[],"[""huge_penis""]","[""!섹스 / 자지 / 모양 / 자지가 매우 크다""]"
huge_pussy,not_in_snapshot,,,[],"[""huge_pussy""]","[""!섹스 / 보지 / 모양 / 보지가 매우 넓다""]"
huge_testicles,snapshot_match,0,3024,[],"[""huge_testicles""]","[""!섹스 / 자지 / 모양 / 고환이 매우 크다""]"
hugfrombehind,not_in_snapshot,,,[],"[""hugfrombehind""]","[""행동 / 동사 / 동사 ㄷ / 누구를 뒤에서 껴안다""]"
hugging,alias_candidate_unverified,,,"[""hug""]","[""Hugging""]","[""동작 1 / 몸 / 껴안다 / 껴안다""]"
hugging_doable_by_one_or_more_characters,not_in_snapshot,,,[],"[""Hugging_doable_by_one_or_more_characters""]","[""동작 1 / 몸 / 껴안다 / 1명 이상을 껴안다""]"
hugging_own_legs,snapshot_match,0,19683,[],"[""hugging_own_legs""]","[""동작 1 / 다리 / 자세 / 다리를 껴안다"", ""동작 1 / 몸 / 껴안다 / 다리를 껴안다""]"
humiliation,snapshot_match,0,6231,[],"[""humiliation""]","[""!섹스 / 섹스 / 설정 / 굴욕을 당하다""]"
humping,snapshot_match,0,1858,[],"[""humping""]","[""!섹스 / 섹스 / 자지 / 자지를 옷을 입고 비비다""]"
hunter_x_hunter,snapshot_match,3,8463,[],"[""Hunter_x_Hunter""]","[""작품 / 작품 / 목록 / 헌터x헌터""]"
huntress,not_in_snapshot,,,[],"[""Huntress""]","[""작품 / 캐릭터 / DC 코믹스 / 헌트리스""]"
hut,snapshot_match,0,349,[],"[""hut""]","[""기본 / 장소 / 가정 / 오두막""]"
hyottoko_mask,snapshot_match,0,359,[],"[""hyottoko_mask""]","[""장신구 / 얼굴 장식 / 가면 / 효토코 가면""]"
hyper_detail,not_in_snapshot,,,[],"[""hyper_detail""]","[""기본 / 품질 / 디테일 / 높은 디테일""]"
hänsel_and_gretel(black_lagoon),not_in_snapshot,,,[],"[""Hänsel_and_Gretel(Black_Lagoon)""]","[""작품 / 캐릭터 / 블랙 라군 / 헨젤과 그레텔""]"
ibaraki_dōji,not_in_snapshot,,,[],"[""Ibaraki_Dōji""]","[""작품 / 캐릭터 / Fate/Grand order / 이바라키도지""]"
ibaraki_dōji_(lancer),not_in_snapshot,,,[],"[""Ibaraki_Dōji_(Lancer)""]","[""작품 / 캐릭터 / Fate/Grand order / 이바라키도지 수영복""]"
ibuki_dōji,not_in_snapshot,,,[],"[""Ibuki_Dōji""]","[""작품 / 캐릭터 / Fate/Grand order / 이부키도지""]"
ibuki_dōji_(swimsuit_berserker),not_in_snapshot,,,[],"[""Ibuki_Dōji_(Swimsuit_Berserker)""]","[""작품 / 캐릭터 / Fate/Grand order / 이부키도지 수영복""]"
ibuki_mioda,not_in_snapshot,,,[],"[""Ibuki_Mioda""]","[""작품 / 캐릭터 / 단간론파 / 미오다 이부키""]"
ice_gloves,not_in_snapshot,,,[],"[""ice_gloves""]","[""장신구 / 손 장식 / 장갑 / 빙상용 장갑""]"
ice_wings,snapshot_match,0,18283,[],"[""Ice_wings""]","[""체형 / 날개 / 종류 / 얼음 날개""]"
iceland,not_in_snapshot,,,[],"[""Iceland""]","[""기본 / 장소 / 국가 / 아이슬란드""]"
icelanders,not_in_snapshot,,,[],"[""Icelanders""]","[""인물 / 인종 / 국가 / 아이슬란드인""]"
ichigo,not_in_snapshot,,,[],"[""Ichigo""]","[""작품 / 캐릭터 / 달링 인 더 프랑키스 / 이치고""]"
idea_face,not_in_snapshot,,,[],"[""idea_face""]","[""동작 1 / 얼굴 / 표정 / 생각한 표정""]"
idol,snapshot_match,0,19463,[],"[""idol""]","[""인물 / 직업 / 예술 / 아이돌""]"
ikumi_mito,not_in_snapshot,,,[],"[""Ikumi_Mito""]","[""작품 / 캐릭터 / 식극의 소마 / 미토 이쿠미 ""]"
ikumi_unagiya,not_in_snapshot,,,[],"[""Ikumi_Unagiya""]","[""작품 / 캐릭터 / 블리치 / 우나기야 이쿠미""]"
illustration,not_in_snapshot,,,[],"[""Illustration""]","[""기본 / 작화 / 스타일 / 삽화""]"
illyasviel_von_einzbern_(fate/stay_night),not_in_snapshot,,,[],"[""Illyasviel_von_Einzbern_(Fate/stay_night)""]","[""작품 / 캐릭터 / Fate/stay night / 이리야스필 폰 아인츠베른 ""]"
ilulu,alias_candidate_unverified,,,"[""ilulu_(maidragon)""]","[""Ilulu""]","[""작품 / 캐릭터 / 코바야시네 메이드래곤 / 이루루 ""]"
imagining,snapshot_match,0,8273,[],"[""imagining""]","[""행동 / 동명사 / 동명사 ㅅ / 무엇을 상상하다""]"
imai_nobume,snapshot_match,4,86,[],"[""Imai_Nobume""]","[""작품 / 캐릭터 / 은혼 / 이마이 노부메""]"
imitating,snapshot_match,0,874,[],"[""imitating""]","[""행동 / 동사 / 동사 ㄷ / 누구를 따라하다""]"
imminent_anal,snapshot_match,0,2431,[],"[""imminent_anal""]","[""!섹스 / 섹스 / 자지 / 자지를 항문에 삽입하려 한다""]"
imminent_bukkake,snapshot_match,0,58,[],"[""imminent_bukkake""]","[""!섹스 / 섹스 / 사정 / 정액을 뿌리려 한다""]"
imminent_penetration,snapshot_match,0,21738,[],"[""imminent_penetration""]","[""!섹스 / 섹스 / 자지 / 자지를 삽입하려 한다""]"
imminent_rape,snapshot_match,0,8376,[],"[""imminent_rape""]","[""!섹스 / 섹스 / 자지 / 자지로 삽입해 강간하려 한다""]"
imminent_vaginal,snapshot_match,0,8298,[],"[""imminent_vaginal""]","[""!섹스 / 섹스 / 보지 / 보지에 자지를 넣으려 한다"", ""!섹스 / 섹스 / 자지 / 자지를 보지에 삽입하려 한다""]"
implied_after_fellatio,snapshot_match,0,323,[],"[""implied_after_fellatio""]","[""!섹스 / 섹스 / 펠라치오 / 펠라치오를 끝낸 것 같다""]"
implied_after_masturbation,snapshot_match,0,175,[],"[""implied_after_masturbation""]","[""!섹스 / 섹스 / 자위 / 자위를 끝낸 것 같다""]"
implied_after_sex,snapshot_match,0,1679,[],"[""implied_after_sex""]","[""!섹스 / 섹스 / 상황 / 여자가 섹스를 한 것 같다""]"
implied_cunnilingus,snapshot_match,0,1140,[],"[""implied_cunnilingus""]","[""!섹스 / 섹스 / 오랄 / 입으로 몰래 보지를 빨다"", ""!섹스 / 섹스 / 오랄 / 입으로 보지를 빠는 것 같다""]"
implied_fellatio,snapshot_match,0,1961,[],"[""implied_fellatio""]","[""!섹스 / 섹스 / 펠라치오 / 몰래 펠라치오한다"", ""!섹스 / 섹스 / 펠라치오 / 펠라치오를 하는 것 같다""]"
implied_fingering,snapshot_match,0,1878,[],"[""implied_fingering""]","[""!섹스 / 섹스 / 애무 / 손가락을 숨겨서 보지에 넣다""]"
implied_footjob,snapshot_match,0,148,[],"[""implied_footjob""]","[""!섹스 / 섹스 / 풋잡 / 발로 몰래 자지를 훑는다""]"
implied_masturbation,snapshot_match,0,1385,[],"[""implied_masturbation""]","[""!섹스 / 섹스 / 자위 / 자위를 하는 것 같다""]"
impossible_dress,snapshot_match,0,4161,[],"[""impossible_dress""]","[""의상 / 의상 / 드레스 / 피부가 꽉 조이는 드레스""]"
impossible_swimsuit,snapshot_match,0,3065,[],"[""impossible_swimsuit""]","[""의상 / 의상 / 수영복 / 몸에 밀착한 수영복""]"
impressionism,snapshot_match,0,497,[],"[""impressionism""]","[""기본 / 테마 / 미술 / 인상주의""]"
inc,not_in_snapshot,,,[],"[""inc""]","[""작품 / 작품 / 제작 / feel.""]"
inc.,not_in_snapshot,,,[],"[""Inc."", ""Inc.\r"", ""inc.""]","[""작품 / 작품 / 제작 / Production I.G"", ""작품 / 작품 / 제작 / SILVER LINK"", ""작품 / 작품 / 제작 / WIT STUDIO"", ""작품 / 작품 / 제작 / XEBEC"", ""작품 / 작품 / 제작 / 동화공방"", ""작품 / 작품 / 제작 / 라이덴 필름""]"
incest,snapshot_match,0,22158,[],"[""incest""]","[""!섹스 / 섹스 / 성향 / 가족끼리 섹스하다""]"
incoming_punch,alias_candidate_unverified,,,"[""punching_viewer""]","[""incoming_punch""]","[""동작 1 / 손 / 때리다 / 주먹으로 때리려한다""]"
inconvenient_breasts,snapshot_match,0,1064,[],"[""inconvenient_breasts""]","[""동작 1 / 가슴 / 동작 / 가슴을 불편해한다""]"
index_finger_raised(formerly_fgsfds),not_in_snapshot,,,[],"[""index_finger_raised(formerly_fgsfds)""]","[""동작 1 / 손가락 / 동작 / 검지 손가락 올리다""]"
index_librorum_prohibitorum,not_in_snapshot,,,[],"[""Index_Librorum_Prohibitorum""]","[""작품 / 캐릭터 / 어떤 마술과학의 시리즈 / 인덱스""]"
indian_mythology,not_in_snapshot,,,[],"[""Indian_mythology""]","[""기본 / 테마 / 신화 / 인도 신화""]"
indicus,not_in_snapshot,,,[],"[""Indicus""]","[""작품 / 캐릭터 / 로그 호라이즌 / 인틱스""]"
industrial_piercing,snapshot_match,0,4427,[],"[""Industrial_piercing""]","[""장신구 / 기타 / 피어싱 / 위쪽 귀 두 개 피어싱""]"
infirmary,snapshot_match,0,1755,[],"[""infirmary""]","[""기본 / 장소 / 시설 / 병실""]"
ink,snapshot_match,0,3532,[],"[""ink""]","[""기본 / 테마 / 도구 / 잉크""]"
ino_yamanaka,not_in_snapshot,,,[],"[""Ino_Yamanaka""]","[""작품 / 캐릭터 / 나루토 / 야마나카 이노""]"
insect_wings,snapshot_match,0,14752,[],"[""insect_wings""]","[""체형 / 날개 / 종류 / 곤충 날개""]"
inside_kiss,not_in_snapshot,,,[],"[""Inside_Kiss""]","[""동작 1 / 입 / 키스하다 / 혀를 받아들여 키스한다""]"
interlocked_fingers,snapshot_match,0,68666,[],"[""interlocked_fingers""]","[""동작 1 / 손 / 동작 / 손을 맞물리다""]"
internal_cumshot,snapshot_match,0,12545,[],"[""internal_cumshot""]","[""!섹스 / 섹스 / 사정 / 정액을 자궁에 사정한다""]"
intimidation,not_in_snapshot,,,[],"[""intimidation""]","[""!섹스 / 섹스 / 설정 / 협박하다""]"
intricate_details,not_in_snapshot,,,[],"[""intricate_details""]","[""기본 / 품질 / 디테일 / 복잡한 디테일""]"
inuyasha,snapshot_match,3,3200,[],"[""InuYasha""]","[""작품 / 작품 / 목록 / 이누야샤""]"
inverted_triangle_of_faces,not_in_snapshot,,,[],"[""inverted_triangle_of_faces""]","[""외모 / 얼굴 / 모양 / 얼굴이 역삼각형이다""]"
invisible_penis,snapshot_match,0,2615,[],"[""invisible_penis""]","[""!섹스 / 자지 / 특징 / 자지가 투명하다""]"
invisible_woman,not_in_snapshot,,,[],"[""Invisible_Woman""]","[""작품 / 캐릭터 / 마블 코믹스 / 인비저블 우먼""]"
inward_v,snapshot_match,0,1057,[],"[""inward_v""]","[""동작 1 / 손가락 / 동작 / V 사인을 뒤집어 한다""]"
ireland,not_in_snapshot,,,[],"[""Ireland""]","[""기본 / 장소 / 국가 / 아일랜드""]"
irene_belserion,snapshot_match,4,68,[],"[""Irene_Belserion""]","[""작품 / 캐릭터 / 페어리테일 / 아이린 베르세리온""]"
irina_shidou,not_in_snapshot,,,[],"[""Irina_Shidou""]","[""작품 / 캐릭터 / 하이스쿨 dxd / 시도우 이리나""]"
irishman,not_in_snapshot,,,[],"[""Irishman""]","[""인물 / 인종 / 국가 / 아일랜드인""]"
irritating_face,not_in_snapshot,,,[],"[""irritating_face""]","[""동작 1 / 얼굴 / 표정 / 짜증난 표정""]"
irrumatio,snapshot_match,0,8093,[],"[""irrumatio""]","[""!섹스 / 섹스 / 펠라치오 / 이라마치오한다""]"
is:_infinite_stratos,not_in_snapshot,,,[],"[""IS:_Infinite_Stratos""]","[""작품 / 작품 / 목록 / 인피니트 스트라토스""]"
isane_kotetsu,not_in_snapshot,,,[],"[""Isane_Kotetsu""]","[""작품 / 캐릭터 / 블리치 / 코테츠 이사네""]"
ishtar,not_in_snapshot,,,[],"[""Ishtar""]","[""작품 / 캐릭터 / Fate/Grand order / 이슈타르""]"
ishtar(dunmachi),not_in_snapshot,,,[],"[""Ishtar(DunMachi)""]","[""작품 / 캐릭터 / 던전에서 만남을 추구하면 안 되는 걸까? / 이슈타르""]"
ishtar_(swimsuit_rider),not_in_snapshot,,,[],"[""Ishtar_(Swimsuit_Rider)""]","[""작품 / 캐릭터 / Fate/Grand order / 이슈타르 수영복""]"
island,snapshot_match,0,2262,[],"[""island""]","[""기본 / 장소 / 자연 / 섬""]"
italians,not_in_snapshot,,,[],"[""Italians""]","[""인물 / 인종 / 국가 / 이탈리아인""]"
italy,snapshot_match,0,585,[],"[""Italy""]","[""기본 / 장소 / 국가 / 이탈리아""]"
itori,not_in_snapshot,,,[],"[""Itori""]","[""작품 / 캐릭터 / 도쿄 구울 / 이토리""]"
itsuka_kendo,not_in_snapshot,,,[],"[""Itsuka_Kendo""]","[""작품 / 캐릭터 / 나의 히어로 아카데미아 / 켄도 이츠카""]"
itsuwa,snapshot_match,4,249,[],"[""Itsuwa""]","[""작품 / 캐릭터 / 어떤 마술과학의 시리즈 / 이츠와""]"
iyo,not_in_snapshot,,,[],"[""Iyo""]","[""작품 / 캐릭터 / Fate/Grand order / 이요""]"
izumi_curtis,snapshot_match,4,61,[],"[""Izumi_Curtis""]","[""작품 / 캐릭터 / 강철의 연금술사 / 이즈미 카터스""]"
izumo_kamiki,not_in_snapshot,,,[],"[""Izumo_Kamiki""]","[""작품 / 캐릭터 / 청의 엑소시스트 / 이즈모 카마키""]"
izumo_no_okuni,not_in_snapshot,,,[],"[""Izumo_no_Okuni""]","[""작품 / 캐릭터 / Fate/Grand order / 이즈모의 오쿠니""]"
jabot,alias_candidate_unverified,,,"[""ascot""]","[""Jabot""]","[""장신구 / 목 장식 / 넥타이 / 자벳""]"
jack_the_ripper,not_in_snapshot,,,[],"[""Jack_the_Ripper""]","[""작품 / 캐릭터 / Fate/Grand order / 잭 더 리퍼""]"
jacket,snapshot_match,0,1492934,[],"[""jacket""]","[""의상 / 상의 / 재킷 / 재킷""]"
jacques_de_molay,not_in_snapshot,,,[],"[""Jacques_de_Molay""]","[""작품 / 캐릭터 / Fate/Grand order / 자크 데 몰레""]"
jaguar_man,not_in_snapshot,,,[],"[""Jaguar_Man""]","[""작품 / 캐릭터 / Fate/Grand order / 재규어맨""]"
jane(black_lagoon),not_in_snapshot,,,[],"[""Jane(Black_Lagoon)""]","[""작품 / 캐릭터 / 블랙 라군 / 제인""]"
jane_foster,not_in_snapshot,,,[],"[""Jane_Foster""]","[""작품 / 캐릭터 / 마블 코믹스 / 제인 포스터""]"
janitor,snapshot_match,0,112,[],"[""janitor""]","[""인물 / 직업 / 전문 / 관리인""]"
japan,snapshot_match,0,1371,[],"[""Japan""]","[""기본 / 장소 / 국가 / 일본""]"
japan._creative._staff,not_in_snapshot,,,[],"[""Japan._Creative._STAFF""]","[""작품 / 작품 / 제작 / J.C.Staff""]"
japanese,not_in_snapshot,,,[],"[""Japanese""]","[""인물 / 인종 / 국가 / 일본인""]"
japanese-style_maid,not_in_snapshot,,,[],"[""Japanese-style_Maid""]","[""인물 / 직업 / 메이드 / 일본풍 메이드""]"
japanese-style_maid_costume,not_in_snapshot,,,[],"[""Japanese-style_maid_costume""]","[""의상 / 의상 / 코스튬 / 일본풍 메이드복""]"
japanese_animation,not_in_snapshot,,,[],"[""Japanese_animation""]","[""기본 / 작화 / 스타일 / 애니메이션""]"
japanese_mythology,snapshot_match,3,307,[],"[""Japanese_mythology""]","[""기본 / 테마 / 신화 / 일본 신화""]"
jazz,not_in_snapshot,,,[],"[""Jazz""]","[""기본 / 테마 / 음악 / 재즈""]"
jean_grey,snapshot_match,4,448,[],"[""Jean_Grey""]","[""작품 / 캐릭터 / 마블 코믹스 / 진 그레이""]"
jeanne_d'arc,not_in_snapshot,,,[],"[""Jeanne_d'Arc""]","[""작품 / 캐릭터 / Fate/Grand order / 잔 다르크""]"
jeanne_d'arc_(alter),not_in_snapshot,,,[],"[""Jeanne_d'Arc_(Alter)""]","[""작품 / 캐릭터 / Fate/Grand order / 잔 다르크 얼터""]"
jeanne_d'arc_(alter)_(santa_lily),not_in_snapshot,,,[],"[""Jeanne_d'Arc_(Alter)_(Santa_Lily)""]","[""작품 / 캐릭터 / Fate/Grand order / 잔 다르크 얼터 산타 릴리""]"
jeanne_d'arc_(archer),not_in_snapshot,,,[],"[""Jeanne_d'Arc_(Archer)""]","[""작품 / 캐릭터 / Fate/Grand order / 잔 다르크 수영복""]"
jeanne_d'arc_(berserker_alter),not_in_snapshot,,,[],"[""Jeanne_d'Arc_(Berserker_Alter)""]","[""작품 / 캐릭터 / Fate/Grand order / 잔 다르크 얼터 수영복""]"
jeans,snapshot_match,0,45148,[],"[""jeans""]","[""의상 / 하의 / 바지 / 청바지""]"
jenny_realight,not_in_snapshot,,,[],"[""Jenny_Realight""]","[""작품 / 캐릭터 / 페어리테일 / 제니 레이라이트""]"
jessica_cruz,not_in_snapshot,,,[],"[""Jessica_Cruz""]","[""작품 / 캐릭터 / DC 코믹스 / 제시카 크루즈""]"
jester_cap,snapshot_match,0,12146,[],"[""jester_cap""]","[""장신구 / 머리 장식 / 모자 / 광대 모자""]"
jetty,snapshot_match,0,75,[],"[""jetty""]","[""기본 / 장소 / 이동 / 선착장""]"
jewelry_bonney,snapshot_match,4,482,[],"[""Jewelry_Bonney""]","[""작품 / 캐릭터 / 원피스 / 쥬얼리 보니""]"
jinako_carigiri,snapshot_match,4,346,[],"[""Jinako_Carigiri""]","[""작품 / 캐릭터 / Fate/Grand order / 지나코 카리기리""]"
jing_ke,not_in_snapshot,,,[],"[""Jing_Ke""]","[""작품 / 캐릭터 / Fate/Grand order / 형가""]"
jojo_no_kimyou_na_bouken,snapshot_match,3,55033,[],"[""JoJo_no_Kimyou_na_Bouken""]","[""작품 / 작품 / 목록 / 죠죠의 기묘한 모험""]"
jokita_j_sōji_swimsuit,not_in_snapshot,,,[],"[""JOkita_J_Sōji_Swimsuit""]","[""작품 / 캐릭터 / Fate/Grand order / 오키타 J 소지""]"
jolyne_cujoh,not_in_snapshot,,,[],"[""Jolyne_Cujoh""]","[""작품 / 캐릭터 / 죠죠의 기묘한 모험 / 쿠죠 죠린""]"
joyful_face,not_in_snapshot,,,[],"[""joyful_face""]","[""동작 1 / 얼굴 / 표정 / 즐거운 표정""]"
judge,snapshot_match,0,320,[],"[""judge""]","[""인물 / 직업 / 일반 / 판사""]"
juggling,snapshot_match,0,503,[],"[""juggling""]","[""행동 / 동명사 / 동명사 ㅈ / 무엇을 저글링하다""]"
julis_riessfeld,not_in_snapshot,,,[],"[""Julis_Riessfeld""]","[""작품 / 캐릭터 / 학전도시 아스터리스크 / 율리스 리스펠드""]"
jumping,snapshot_match,0,32272,[],"[""jumping""]","[""동작 1 / 몸 / 동작 / 두 발로 점프하다"", ""행동 / 동사 / 동사 ㅈ / 누군가 점프하다""]"
jumpsuit,snapshot_match,0,15293,[],"[""jumpsuit""]","[""의상 / 의상 / 슈트 / 점프슈트""]"
jungle,snapshot_match,0,1460,[],"[""jungle""]","[""기본 / 장소 / 자연 / 밀림""]"
junko_enoshima,not_in_snapshot,,,[],"[""Junko_Enoshima""]","[""작품 / 캐릭터 / 단간론파 / 에노시마 쥰코""]"
kaede_akamatsu,not_in_snapshot,,,[],"[""Kaede_Akamatsu""]","[""작품 / 캐릭터 / 단간론파 / 아카마츠 카에데""]"
kagura,not_in_snapshot,,,[],"[""Kagura""]","[""작품 / 캐릭터 / 은혼 / 카구라""]"
kagura(inuyasha),not_in_snapshot,,,[],"[""Kagura(InuYasha)""]","[""작품 / 캐릭터 / 이누야샤 / 카구라""]"
kagura_mikazuchi,not_in_snapshot,,,[],"[""Kagura_Mikazuchi""]","[""작품 / 캐릭터 / 페어리테일 / 카구라 미카즈치""]"
kaguya_otsutsuki,not_in_snapshot,,,[],"[""Kaguya_Otsutsuki""]","[""작품 / 캐릭터 / 나루토 / 오오츠츠키 카구야""]"
kalifa,not_in_snapshot,,,[],"[""Kalifa""]","[""작품 / 캐릭터 / 원피스 / 칼리파""]"
kallen_kōzuki,not_in_snapshot,,,[],"[""Kallen_Kōzuki""]","[""작품 / 캐릭터 / 코드 기어스 / 코우즈키 카렌""]"
kama_(swimsuit_avenger),not_in_snapshot,,,[],"[""Kama_(Swimsuit_Avenger)""]","[""작품 / 캐릭터 / Fate/Grand order / 카마 수영복""]"
kame,not_in_snapshot,,,[],"[""Kame""]","[""작품 / 캐릭터 / Fate/Grand order / 카마""]"
kamijou_shiina,not_in_snapshot,,,[],"[""Kamijou_Shiina""]","[""작품 / 캐릭터 / 어떤 마술과학의 시리즈 / 카미조 시이나""]"
kanami,not_in_snapshot,,,[],"[""Kanami""]","[""작품 / 캐릭터 / 로그 호라이즌 / 카나미""]"
kanao_tsuyuri,not_in_snapshot,,,[],"[""Kanao_Tsuyuri""]","[""작품 / 캐릭터 / 귀멸의 칼날 / 츠유리 카나에""]"
kanna(inuyasha),not_in_snapshot,,,[],"[""Kanna(InuYasha)""]","[""작품 / 캐릭터 / 이누야샤 / 칸나""]"
kanna_kamui,snapshot_match,4,3340,[],"[""Kanna_Kamui""]","[""작품 / 캐릭터 / 코바야시네 메이드래곤 / 칸나 카무이""]"
kanon_kanase,not_in_snapshot,,,[],"[""Kanon_Kanase""]","[""작품 / 캐릭터 / 스트라이크 더 블러드 / 카나세 카논""]"
kanzaki_kaori,snapshot_match,4,573,[],"[""Kanzaki_Kaori""]","[""작품 / 캐릭터 / 어떤 마술과학의 시리즈 / 칸자키 카오리""]"
kanzashi_sarashiki,not_in_snapshot,,,[],"[""Kanzashi_Sarashiki""]","[""작품 / 캐릭터 / 인피니트 스트라토스 / 시라시키 칸자시""]"
karin,not_in_snapshot,,,[],"[""Karin""]","[""작품 / 캐릭터 / 제로의 사역마 / 카린느 드 라 발리에르""]"
karin_uzumaki,not_in_snapshot,,,[],"[""Karin_Uzumaki""]","[""작품 / 캐릭터 / 나루토 / 우즈마키 카린""]"
karui,not_in_snapshot,,,[],"[""Karui""]","[""작품 / 캐릭터 / 나루토 / 카루이""]"
kasugaya_shizuri_castiella,not_in_snapshot,,,[],"[""Kasugaya_Shizuri_Castiella""]","[""작품 / 캐릭터 / 스트라이크 더 블러드 / 카스가야 시즈리 카스티엘라""]"
katana,snapshot_match,0,83369,[],"[""Katana""]","[""작품 / 캐릭터 / DC 코믹스 / 카타나""]"
kate_bishop,not_in_snapshot,,,[],"[""Kate_Bishop""]","[""작품 / 캐릭터 / 마블 코믹스 / 케이트 비숍""]"
kate_pryde,not_in_snapshot,,,[],"[""Kate_Pryde""]","[""작품 / 캐릭터 / 마블 코믹스 / 키티 프라이드""]"
kate_takayama,not_in_snapshot,,,[],"[""Kate_Takayama""]","[""작품 / 캐릭터 / 나는 친구가 적다 / 타카먀아 케이트 ""]"
kazakiri_hyouka,snapshot_match,4,114,[],"[""Kazakiri_Hyouka""]","[""작품 / 캐릭터 / 어떤 마술과학의 시리즈 / 카자키리 호우카""]"
kepi,snapshot_match,0,2292,[],"[""kepi""]","[""장신구 / 머리 장식 / 모자 / 군사 모자""]"
kicking,snapshot_match,0,15647,[],"[""kicking""]","[""동작 1 / 다리 / 차다 / 다리로 차다""]"
kikyo(inuyasha),not_in_snapshot,,,[],"[""Kikyo(InuYasha)""]","[""작품 / 캐릭터 / 이누야샤 / 키쿄우""]"
kill_la_kill,snapshot_match,3,16414,[],"[""Kill_la_Kill""]","[""작품 / 작품 / 목록 / 킬 라 킬""]"
kiltie_loafers,not_in_snapshot,,,[],"[""kiltie_loafers""]","[""의상 / 신발 / 신발 / 끈 달린 교복 신발""]"
kimetsu_no_yaiba,snapshot_match,3,20734,[],"[""Kimetsu_no_yaiba""]","[""작품 / 작품 / 목록 / 귀멸의 칼날""]"
kimono,snapshot_match,0,343170,[],"[""kimono""]","[""의상 / 의상 / 복장 / 기모노""]"
kimono_lift,snapshot_match,0,1538,[],"[""kimono_lift""]","[""동작 2 / 의상 / 행동 / 기모노를 위로 올리다""]"
kimono_pull,snapshot_match,0,2203,[],"[""kimono_pull""]","[""동작 2 / 의상 / 행동 / 기모노를 아래로 내리다""]"
kimono_skirt,snapshot_match,0,2125,[],"[""kimono_skirt""]","[""의상 / 의상 / 복장 / 기모노 스커트""]"
kinema_citrus,not_in_snapshot,,,[],"[""KINEMA_CITRUS""]","[""작품 / 작품 / 제작 / 키네마 시트러스""]"
king,snapshot_match,0,586,[],"[""king""]","[""인물 / 직업 / 신분 / 왕""]"
kinon_bachika,snapshot_match,4,279,[],"[""Kinon_Bachika""]","[""작품 / 캐릭터 / 천원돌파 그렌라간 / 키논 바치카""]"
kirche,not_in_snapshot,,,[],"[""Kirche""]","[""작품 / 캐릭터 / 제로의 사역마 / 퀴르케""]"
kirigaya_suguha,snapshot_match,4,2153,[],"[""Kirigaya_Suguha""]","[""작품 / 캐릭터 / 소드 아트 온라인 / 키리가하 스구하""]"
kiriha_kisaki,not_in_snapshot,,,[],"[""Kiriha_Kisaki""]","[""작품 / 캐릭터 / 스트라이크 더 블러드 / 키사키 키아하""]"
kiriko,not_in_snapshot,,,[],"[""kiriko""]","[""작품 / 캐릭터 / 소드 아트 온라인 / 키리코""]"
kirumi_tojo,not_in_snapshot,,,[],"[""Kirumi_Tojo""]","[""작품 / 캐릭터 / 단간론파 / 토죠 쿠루미""]"
kisara_tendo,not_in_snapshot,,,[],"[""Kisara_Tendo""]","[""작품 / 캐릭터 / 블랙 불릿 / 텐도 키사라""]"
kissing_neck,snapshot_match,0,2035,[],"[""kissing_neck""]","[""동작 1 / 목 / 애무하다 / 목에 키스하다""]"
kissing_penis,snapshot_match,0,2023,[],"[""kissing_penis""]","[""!섹스 / 섹스 / 자지 / 자지를 키스한다""]"
kitchen,snapshot_match,0,9778,[],"[""kitchen""]","[""기본 / 장소 / 가정 / 주방""]"
kitchen_maid,not_in_snapshot,,,[],"[""Kitchen_Maid""]","[""인물 / 직업 / 메이드 / 키친 메이드""]"
kitchen_maid_costume,not_in_snapshot,,,[],"[""Kitchen_maid_costume""]","[""의상 / 의상 / 코스튬 / 키친 메이드복""]"
kiyal_bachika,snapshot_match,4,305,[],"[""Kiyal_Bachika""]","[""작품 / 캐릭터 / 천원돌파 그렌라간 / 키얄 바치카""]"
kiyoh_bachika,snapshot_match,4,226,[],"[""Kiyoh_Bachika""]","[""작품 / 캐릭터 / 천원돌파 그렌라간 / 키요 바치카""]"
knee_boots,snapshot_match,0,84326,[],"[""knee_boots""]","[""의상 / 신발 / 부츠 / 무릎 부츠""]"
kneehighs,snapshot_match,0,167858,[],"[""kneehighs""]","[""의상 / 속옷 / 양말 / 니 삭스(무릎)""]"
kneeing,snapshot_match,0,315,[],"[""kneeing""]","[""행동 / 동사 / 동사 ㅁ / 누군가 무릎을 꿇다""]"
kneeling,snapshot_match,0,157141,[],"[""kneeling""]","[""동작 1 / 다리 / 꿇다 / 무릎 양쪽을 꿇다""]"
kneepit_sex,snapshot_match,0,406,[],"[""kneepit_sex""]","[""!섹스 / 섹스 / 자지 / 자지를 무릎에 비빈다""]"
knees_apart_feet_together,snapshot_match,0,4220,[],"[""knees_apart_feet_together""]","[""동작 1 / 다리 / 꿇다 / 무릎을 벌리고 발을 벌리다""]"
knees_to_chest,snapshot_match,0,7445,[],"[""knees_to_chest""]","[""동작 1 / 다리 / 올리다 / 다리를 가슴 위로 올리다""]"
knees_together_feet_apart,snapshot_match,0,42001,[],"[""knees_together_feet_apart""]","[""동작 1 / 다리 / 꿇다 / 무릎을 모으고 발을 벌리다""]"
kneesocks_daemon,not_in_snapshot,,,[],"[""Kneesocks_Daemon""]","[""작품 / 캐릭터 / 팬티&스타킹 / 니삭스 데이먼""]"
knight,snapshot_match,0,11515,[],"[""knight""]","[""인물 / 직업 / 판타지 / 기사""]"
knocking,snapshot_match,0,687,[],"[""knocking""]","[""행동 / 동사 / 동사 ㄴ / 누군가 노크하다""]"
kobato_hasegawa,not_in_snapshot,,,[],"[""Kobato_Hasegawa""]","[""작품 / 캐릭터 / 나는 친구가 적다 / 하세가와 코바토 ""]"
kobayashi,not_in_snapshot,,,[],"[""Kobayashi""]","[""작품 / 캐릭터 / 코바야시네 메이드래곤 / 코바야시 ""]"
kobayashi-san_chi_no_maid_dragon,not_in_snapshot,,,[],"[""Kobayashi-san_Chi_no_Maid_Dragon""]","[""작품 / 작품 / 목록 / 코바야시네 메이드래곤 ""]"
kokoro,not_in_snapshot,,,[],"[""Kokoro""]","[""작품 / 캐릭터 / 달링 인 더 프랑키스 / 코코로""]"
konan,not_in_snapshot,,,[],"[""Konan""]","[""작품 / 캐릭터 / 나루토 / 코난""]"
koneko_toujou,not_in_snapshot,,,[],"[""Koneko_Toujou""]","[""작품 / 캐릭터 / 하이스쿨 dxd / 토죠 코네코""]"
konno_yuuki,not_in_snapshot,,,[],"[""Konno_Yuuki""]","[""작품 / 캐릭터 / 소드 아트 온라인 / 콘노 유우키""]"
korea,snapshot_match,0,189,[],"[""Korea""]","[""기본 / 장소 / 국가 / 한국""]"
korea_webtoon,not_in_snapshot,,,[],"[""Korea_Webtoon""]","[""기본 / 작화 / 스타일 / 웹툰""]"
korean,alias_candidate_unverified,,,"[""korean_text""]","[""Korean""]","[""인물 / 인종 / 국가 / 한국인""]"
kougyoku_ren,not_in_snapshot,,,[],"[""Kougyoku_Ren""]","[""작품 / 캐릭터 / 마기 / 연홍옥""]"
kouka,not_in_snapshot,,,[],"[""Kouka""]","[""작품 / 캐릭터 / 은혼 / 쿄우카""]"
kozuki_toki,not_in_snapshot,,,[],"[""Kozuki_Toki""]","[""작품 / 캐릭터 / 원피스 / 코즈키 토키""]"
kuina,alias_candidate_unverified,,,"[""shimotsuki_kuina""]","[""Kuina""]","[""작품 / 캐릭터 / 원피스 / 쿠이나""]"
kuroka,not_in_snapshot,,,[],"[""Kuroka""]","[""작품 / 캐릭터 / 하이스쿨 dxd / 쿠로카""]"
kurome,not_in_snapshot,,,[],"[""Kurome""]","[""작품 / 캐릭터 / 아카메가 벤다 / 쿠로메""]"
kurotsuchi,not_in_snapshot,,,[],"[""Kurotsuchi""]","[""작품 / 캐릭터 / 나루토 / 쿠로츠치""]"
kurumi_nonaka,not_in_snapshot,,,[],"[""Kurumi_Nonaka""]","[""작품 / 캐릭터 / 새여동생 마왕의 계약자 / 노나카 쿠루미""]"
kushina_uzumaki,not_in_snapshot,,,[],"[""Kushina_Uzumaki""]","[""작품 / 캐릭터 / 나루토 / 우즈마키 쿠시나""]"
kuudere,snapshot_match,0,156,[],"[""kuudere""]","[""인물 / 특징 / 데레 / 쿨데레""]"
kyoka,not_in_snapshot,,,[],"[""Kyoka""]","[""작품 / 캐릭터 / 페어리테일 / 쿄우카""]"
kyoka_jiro,not_in_snapshot,,,[],"[""Kyoka_Jiro""]","[""작품 / 캐릭터 / 나의 히어로 아카데미아 / 지로 쿄카""]"
kyoko_kirigiri,not_in_snapshot,,,[],"[""Kyoko_Kirigiri""]","[""작품 / 캐릭터 / 단간론파 / 키리기리 쿄코""]"
kyoto_animation,snapshot_match,3,431,[],"[""Kyoto_Animation""]","[""작품 / 작품 / 제작 / 교토 애니메이션""]"
kūkaku_shiba,not_in_snapshot,,,[],"[""Kūkaku_Shiba""]","[""작품 / 캐릭터 / 블리치 / 시바 쿠우카쿠""]"
la_folia_rihavein,snapshot_match,4,82,[],"[""La_Folia_Rihavein""]","[""작품 / 캐릭터 / 스트라이크 더 블러드 / 라 포리아 리하바인""]"
laboratory,snapshot_match,0,951,[],"[""laboratory""]","[""기본 / 장소 / 현장 / 실험실""]"
lace-trimmed_dress,snapshot_match,0,5816,[],"[""lace-trimmed_dress""]","[""의상 / 의상 / 드레스 / 레이스 장식 드레스""]"
lace-trimmed_hairband,snapshot_match,0,1639,[],"[""lace-trimmed_hairband""]","[""장신구 / 머리 장식 / 머리띠 / 레이스 장식 머리띠""]"
lace-trimmed_legwear,not_in_snapshot,,,[],"[""lace-trimmed_legwear""]","[""의상 / 속옷 / 양말 / 레이스 장식 달린 양말""]"
lace-up_boots,snapshot_match,0,38248,[],"[""lace-up_boots""]","[""의상 / 신발 / 부츠 / 발목 위 부츠""]"
lace-up_legwear,snapshot_match,0,113,[],"[""lace-up_legwear""]","[""의상 / 속옷 / 양말 / 위로 올리는 양말""]"
lace_hairband,snapshot_match,0,351,[],"[""lace_hairband""]","[""장신구 / 머리 장식 / 머리띠 / 레이스 머리띠""]"
lactation_into_condom,not_in_snapshot,,,[],"[""lactation_into_condom""]","[""!섹스 / 섹스 / 콘돔 / 콘돔을 젖꽂지에 매달다""]"
ladies_maid,not_in_snapshot,,,[],"[""Ladies_Maid""]","[""인물 / 직업 / 메이드 / 레이디스 메이드""]"
ladies_maid_costume,not_in_snapshot,,,[],"[""Ladies_maid_costume""]","[""의상 / 의상 / 코스튬 / 레이디스 메이드복""]"
lady_avalon,not_in_snapshot,,,[],"[""Lady_Avalon""]","[""작품 / 캐릭터 / Fate/Grand order / 멀린 프로토타입 수영복""]"
lady_blackhawk,not_in_snapshot,,,[],"[""Lady_Blackhawk""]","[""작품 / 캐릭터 / DC 코믹스 / 레이디 블랙호크""]"
lady_nagant,snapshot_match,4,510,[],"[""_Lady_Nagant""]","[""작품 / 캐릭터 / 나의 히어로 아카데미아 / 레이디 나강""]"
lady_shiva,not_in_snapshot,,,[],"[""Lady_Shiva""]","[""작품 / 캐릭터 / DC 코믹스 / 레이디 시바""]"
ladybug_wings,not_in_snapshot,,,[],"[""ladybug_wings""]","[""체형 / 날개 / 종류 / 무당벌레 날개""]"
lake,snapshot_match,0,8299,[],"[""lake""]","[""기본 / 장소 / 자연 / 호수""]"
lakshmibai,not_in_snapshot,,,[],"[""Lakshmibai""]","[""작품 / 캐릭터 / Fate/Grand order / 락슈미바이""]"
lamented_face,not_in_snapshot,,,[],"[""lamented_face""]","[""동작 1 / 얼굴 / 표정 / 한탄한 표정""]"
landing,snapshot_match,0,525,[],"[""landing""]","[""행동 / 동사 / 동사 ㄴ / 누군가 내려오다""]"
lanyard,snapshot_match,0,14970,[],"[""lanyard""]","[""장신구 / 목 장식 / 장신구 / 사원증""]"
large_areolae,snapshot_match,0,48495,[],"[""large_areolae""]","[""체형 / 가슴 / 모양 / 유륜이 크다""]"
large_ass,not_in_snapshot,,,[],"[""large_ass""]","[""체형 / 몸 / 모양 / 엉덩이가 크다""]"
large_breasts,snapshot_match,0,2258344,[],"[""large_breasts""]","[""체형 / 가슴 / 모양 / 가슴이 크다""]"
large_face,not_in_snapshot,,,[],"[""large_face""]","[""외모 / 얼굴 / 모양 / 얼굴이 크다""]"
large_insertion,snapshot_match,0,3201,[],"[""large_insertion""]","[""!섹스 / 섹스 / 자지 / 자지를 삽입해 배가 부풀다""]"
large_penis,snapshot_match,0,46432,[],"[""large_penis""]","[""!섹스 / 자지 / 모양 / 자지가 크다""]"
large_pussy,not_in_snapshot,,,[],"[""large_pussy""]","[""!섹스 / 보지 / 모양 / 보지가 넓다""]"
large_testicles,snapshot_match,0,4201,[],"[""large_testicles""]","[""!섹스 / 자지 / 모양 / 고환이 크다""]"
large_wings,alias_candidate_unverified,,,"[""oversized_wings""]","[""large_wings""]","[""체형 / 날개 / 모양 / 날개가 크다""]"
last_order,alias_candidate_unverified,,,"[""last_order_(toaru_majutsu_no_index)""]","[""Last_Order""]","[""작품 / 캐릭터 / 어떤 마술과학의 시리즈 / 라스트 오더""]"
latex_dress,snapshot_match,0,557,[],"[""latex_dress""]","[""의상 / 의상 / 드레스 / 라텍스 드레스""]"
latex_gloves,snapshot_match,0,3940,[],"[""latex_gloves""]","[""장신구 / 손 장식 / 장갑 / 라텍스 장갑""]"
laughing,snapshot_match,0,22913,[],"[""laughing""]","[""행동 / 동사 / 동사 ㅇ / 누군가 웃다""]"
launching,snapshot_match,0,169,[],"[""launching""]","[""행동 / 동사 / 동사 ㅊ / 누군가 착륙 준비하다""]"
laura_bodewig,snapshot_match,4,885,[],"[""Laura_Bodewig""]","[""작품 / 캐릭터 / 인피니트 스트라토스 / 라우라 보데비히""]"
laura_kinney,alias_candidate_unverified,,,"[""x-23""]","[""Laura_Kinney""]","[""작품 / 캐릭터 / 마블 코믹스 / 로라 키니""]"
lawful_evil,not_in_snapshot,,,[],"[""Lawful_Evil""]","[""인물 / 특징 / 성향 / 질서 악""]"
lawful_good,not_in_snapshot,,,[],"[""Lawful_Good""]","[""인물 / 특징 / 성향 / 질서 선""]"
lawful_neutral,not_in_snapshot,,,[],"[""Lawful_Neutral""]","[""인물 / 특징 / 성향 / 질서 중립""]"
layered_dress,snapshot_match,0,24097,[],"[""layered_dress""]","[""의상 / 의상 / 드레스 / 천이 여러 겹인 드레스""]"
layered_kimono,snapshot_match,0,3764,[],"[""layered_kimono""]","[""의상 / 의상 / 복장 / 몇 겹 겹친 기모노""]"
layered_skirt,snapshot_match,0,23364,[],"[""layered_skirt""]","[""의상 / 하의 / 치마 / 레이어드 스커트""]"
leaning,snapshot_match,0,6738,[],"[""leaning""]","[""동작 1 / 몸 / 기대다 / 몸을 기대다""]"
leaning_against_car,not_in_snapshot,,,[],"[""leaning_against_car""]","[""동작 1 / 몸 / 기대다 / 몸을 차량에 기대다""]"
leaning_against_motorcycle,snapshot_match,0,241,[],"[""leaning_against_motorcycle""]","[""동작 1 / 몸 / 기대다 / 몸을 오토바이에 기대다""]"
leaning_against_vehicle,snapshot_match,0,230,[],"[""leaning_against_vehicle""]","[""동작 1 / 몸 / 기대다 / 몸을 옆으로 기대다""]"
leaning_back,snapshot_match,0,26202,[],"[""leaning_back""]","[""동작 1 / 몸 / 기대다 / 몸을 뒤로 기대다""]"
leaning_forward,snapshot_match,0,163187,[],"[""leaning_forward""]","[""동작 1 / 몸 / 기대다 / 몸을 앞으로 기대다""]"
leaning_on_object,snapshot_match,0,4142,[],"[""leaning_on_object""]","[""동작 1 / 몸 / 기대다 / 몸을 물건에 기대다""]"
leaning_on_person,snapshot_match,0,11014,[],"[""leaning_on_person""]","[""동작 1 / 몸 / 기대다 / 몸을 사람에게 기대다""]"
leather_gloves,snapshot_match,0,3113,[],"[""leather_gloves""]","[""장신구 / 손 장식 / 장갑 / 가죽 장갑""]"
lefiya_viridis,snapshot_match,4,150,[],"[""Lefiya_Viridis""]","[""작품 / 캐릭터 / 던전에서 만남을 추구하면 안 되는 걸까? / 레피야 비리디스""]"
left-to-right_manga,snapshot_match,0,2996,[],"[""left-to-right_manga""]","[""기본 / 연출 / 컷 / 왼쪽에서 오른쪽 컷 진행""]"
leg_grab,snapshot_match,0,13717,[],"[""Leg_grab""]","[""동작 1 / 팔 / 잡는다 / 강제로 다리를 잡는다""]"
leg_lift,snapshot_match,0,21463,[],"[""leg_lift""]","[""동작 1 / 다리 / 자세 / 다리를 들다"", ""동작 1 / 손 / 올리다 / 손으로 다리를 들어올리다""]"
leg_lock,snapshot_match,0,6324,[],"[""leg_lock""]","[""!섹스 / 섹스 / 체위 / 정상위(다이슈키 홀드)""]"
leg_up,snapshot_match,0,112203,[],"[""leg_up""]","[""동작 1 / 다리 / 올리다 / 다리 한쪽을 위로 올리다""]"
leg_wings,snapshot_match,0,286,[],"[""leg_wings""]","[""체형 / 날개 / 모양 / 날개가 다리에 있다""]"
leggings,snapshot_match,0,24334,[],"[""leggings""]","[""의상 / 속옷 / 양말 / 레깅스""]"
leglock,not_in_snapshot,,,[],"[""leglock""]","[""동작 1 / 몸 / 마주하다 / 다리를 잡는다""]"
legs_over_head,snapshot_match,0,1965,[],"[""legs_over_head""]","[""동작 1 / 다리 / 올리다 / 다리를 머리 위로 올리다""]"
legwear_bell,not_in_snapshot,,,[],"[""legwear_bell""]","[""의상 / 속옷 / 양말 / 종 장식이 달린 양말""]"
legwear_garter,snapshot_match,0,5310,[],"[""legwear_garter""]","[""의상 / 속옷 / 양말 / 레그웨어 가터""]"
leivinia_birdway,snapshot_match,4,126,[],"[""Leivinia_Birdway""]","[""작품 / 캐릭터 / 어떤 마술과학의 시리즈 / 레이비니아 버드웨이""]"
leonardo_da_vinci,not_in_snapshot,,,[],"[""Leonardo_Da_Vinci""]","[""작품 / 캐릭터 / Fate/Grand order / 레오나르도 다 빈치""]"
leonardo_da_vinci_(rider),not_in_snapshot,,,[],"[""Leonardo_Da_Vinci_(Rider)""]","[""작품 / 캐릭터 / Fate/Grand order / 레오나르도 다 빈치 라이더""]"
leonardo_da_vinci_(ruler),not_in_snapshot,,,[],"[""Leonardo_Da_Vinci_(Ruler)""]","[""작품 / 캐릭터 / Fate/Grand order / 레오나르도 다 빈치 룰러""]"
leone,not_in_snapshot,,,[],"[""Leone""]","[""작품 / 캐릭터 / 아카메가 벤다 / 레오네""]"
leonora_nakiri,not_in_snapshot,,,[],"[""Leonora_Nakiri""]","[""작품 / 캐릭터 / 식극의 소마 / 나키리 레오노라 ""]"
leopard_tail,snapshot_match,0,1189,[],"[""leopard_tail""]","[""체형 / 꼬리 / 종류 / 표범 꼬리""]"
leotard,snapshot_match,0,315832,[],"[""leotard""]","[""의상 / 의상 / 운동복 / 레오타드""]"
leotard_aside,snapshot_match,0,9062,[],"[""leotard_aside""]","[""동작 2 / 의상 / 행동 / 레오타드를 옆으로 넘기다""]"
leotard_pull,snapshot_match,0,4144,[],"[""leotard_pull""]","[""동작 2 / 의상 / 행동 / 레오타드를 위로 당기다""]"
lerche_inc.,not_in_snapshot,,,[],"[""Lerche_Inc.""]","[""작품 / 작품 / 제작 / Lerche""]"
letterman_jacket,snapshot_match,0,7105,[],"[""letterman_jacket""]","[""의상 / 상의 / 재킷 / 레터맨 재킷""]"
levi_kazama,not_in_snapshot,,,[],"[""Levi_Kazama""]","[""작품 / 캐릭터 / 트리니티 세븐 / 카자마 레비""]"
levy_mcgarden,snapshot_match,4,376,[],"[""Levy_McGarden""]","[""작품 / 캐릭터 / 페어리테일 / 레비 맥거딘""]"
leyte_jokin,not_in_snapshot,,,[],"[""Leyte_Jokin""]","[""작품 / 캐릭터 / 천원돌파 그렌라간 / 레이트 호킨""]"
librarian,snapshot_match,0,106,[],"[""librarian""]","[""인물 / 직업 / 일반 / 사서""]"
library,snapshot_match,0,7145,[],"[""library""]","[""기본 / 장소 / 시설 / 도서관""]"
licking,snapshot_match,0,59821,[],"[""licking""]","[""동작 1 / 혀 / 핥다 / 혀로 핥다""]"
licking_arm,not_in_snapshot,,,[],"[""licking_arm""]","[""동작 1 / 혀 / 핥다 / 혀로 팔을 핥다""]"
licking_armpit,snapshot_match,0,1916,[],"[""licking_armpit""]","[""동작 1 / 혀 / 핥다 / 혀로 겨드랑이를 핥다""]"
licking_ass,snapshot_match,0,152,[],"[""licking_ass""]","[""동작 1 / 혀 / 핥다 / 혀로 엉덩이를 핥다""]"
licking_belly,not_in_snapshot,,,[],"[""licking_belly""]","[""동작 1 / 혀 / 핥다 / 혀로 배를 핥다""]"
licking_breast,snapshot_match,0,1094,[],"[""licking_breast""]","[""동작 1 / 혀 / 핥다 / 혀로 가슴을 핥다""]"
licking_cheek,alias_candidate_unverified,,,"[""licking_another's_cheek""]","[""licking_cheek""]","[""동작 1 / 혀 / 핥다 / 혀로 뺨을 핥다""]"
licking_collarbone,not_in_snapshot,,,[],"[""licking_collarbone""]","[""동작 1 / 혀 / 핥다 / 혀로 쇄골을 핥다""]"
licking_ear,snapshot_match,0,1593,[],"[""licking_ear""]","[""동작 1 / 혀 / 핥다 / 혀로 귀를 핥다""]"
licking_face,alias_candidate_unverified,,,"[""licking_another's_face""]","[""licking_face""]","[""동작 1 / 혀 / 핥다 / 혀로 얼굴을 핥다""]"
licking_finger,snapshot_match,0,4969,[],"[""licking_finger""]","[""동작 1 / 혀 / 핥다 / 혀로 손가락을 핥다""]"
licking_foot,snapshot_match,0,1840,[],"[""licking_foot""]","[""동작 1 / 혀 / 핥다 / 혀로 발을 핥다""]"
licking_hand,snapshot_match,0,622,[],"[""licking_hand""]","[""동작 1 / 혀 / 핥다 / 혀로 손을 핥다""]"
licking_hip,not_in_snapshot,,,[],"[""licking_hip""]","[""동작 1 / 혀 / 핥다 / 혀로 엉덩이를 핥다""]"
licking_leg,snapshot_match,0,214,[],"[""licking_leg""]","[""동작 1 / 혀 / 핥다 / 혀로 다리를 핥다""]"
licking_lips,snapshot_match,0,31058,[],"[""Licking_lips"", ""licking_lips""]","[""동작 1 / 입 / 동작 / 입술을 핥다"", ""동작 1 / 혀 / 핥다 / 혀로 입술을 핥다""]"
licking_navel,snapshot_match,0,283,[],"[""licking_navel""]","[""동작 1 / 혀 / 핥다 / 혀로 배꼽을 핥다""]"
licking_neck,alias_candidate_unverified,,,"[""licking_another's_neck""]","[""licking_neck""]","[""동작 1 / 혀 / 핥다 / 혀로 목을 핥다""]"
licking_nipple,snapshot_match,0,4599,[],"[""licking_nipple""]","[""동작 1 / 혀 / 핥다 / 혀로 젖꼭지를 핥다""]"
licking_penis,snapshot_match,0,18076,[],"[""licking_penis""]","[""동작 1 / 혀 / 핥다 / 혀로 자지를 핥다""]"
licking_stomach,snapshot_match,0,350,[],"[""licking_stomach""]","[""동작 1 / 혀 / 동작 / 혀로 핥아먹다""]"
licking_testicle,snapshot_match,0,1146,[],"[""licking_testicle""]","[""!섹스 / 섹스 / 고환 / 고환을 핥는다"", ""동작 1 / 혀 / 핥다 / 혀로 고환을 핥다""]"
licking_thigh,snapshot_match,0,163,[],"[""licking_thigh""]","[""동작 1 / 혀 / 핥다 / 혀로 허벅지를 핥다""]"
licking_toe,not_in_snapshot,,,[],"[""licking_toe""]","[""동작 1 / 혀 / 핥다 / 혀로 발가락을 핥다""]"
lidenfilms,not_in_snapshot,,,[],"[""LIDENFILMS""]","[""작품 / 작품 / 제작 / 라이덴 필름""]"
lieselotte_sherlock,snapshot_match,4,90,[],"[""Lieselotte_Sherlock""]","[""작품 / 캐릭터 / 트리니티 세븐 / 리제로테 샬록""]"
lifeguard,snapshot_match,0,1547,[],"[""lifeguard""]","[""인물 / 직업 / 전문 / 근위대""]"
lifted_by_another,alias_candidate_unverified,,,"[""lifting_another's_clothes""]","[""lifted_by_another""]","[""동작 1 / 손 / 올리다 / 손으로 다른 사람의 옷을 들다""]"
lifted_by_self,alias_candidate_unverified,,,"[""lifting_own_clothes""]","[""lifted_by_self""]","[""동작 1 / 손 / 올리다 / 손으로 자기 옷을 들다""]"
lifting,snapshot_match,0,554,[],"[""lifting""]","[""동작 1 / 손 / 올리다 / 손으로 들어올리다""]"
lifting_covers,snapshot_match,0,600,[],"[""lifting_covers""]","[""동작 1 / 손 / 올리다 / 손으로 이불을 들어올리다""]"
lifting_person,snapshot_match,0,10381,[],"[""lifting_person""]","[""동작 1 / 손 / 올리다 / 손으로 사람을 들어올리다""]"
light*_black_particle,placeholder_review,,,[],"[""light*_black_particle""]","[""기본 / 연출 / 효과 / 검은색 입자가 반짝히는 효과""]"
light*_blue_particle,placeholder_review,,,[],"[""light*_blue_particle""]","[""기본 / 연출 / 효과 / 파란색 입자가 반짝히는 효과""]"
light*_brown_particle,placeholder_review,,,[],"[""light*_brown_particle""]","[""기본 / 연출 / 효과 / 갈색 입자가 반짝히는 효과""]"
light*_golden_particle,placeholder_review,,,[],"[""light*_golden_particle""]","[""기본 / 연출 / 효과 / 황금색 입자가 반짝히는 효과""]"
light*_gray_particle,placeholder_review,,,[],"[""light*_gray_particle""]","[""기본 / 연출 / 효과 / 회색 입자가 반짝히는 효과""]"
light*_green_particle,placeholder_review,,,[],"[""light*_green_particle""]","[""기본 / 연출 / 효과 / 초록색 입자가 반짝히는 효과""]"
light*_light_green_particle,placeholder_review,,,[],"[""light*_light_green_particle""]","[""기본 / 연출 / 효과 / 연두색 입자가 반짝히는 효과""]"
light*_orange_particle,placeholder_review,,,[],"[""light*_orange_particle""]","[""기본 / 연출 / 효과 / 주황색 입자가 반짝히는 효과""]"
light*_pink_particle,placeholder_review,,,[],"[""light*_pink_particle""]","[""기본 / 연출 / 효과 / 분홍색 입자가 반짝히는 효과""]"
light*_purple_particle,placeholder_review,,,[],"[""light*_Purple_particle""]","[""기본 / 연출 / 효과 / 보라색 입자가 반짝히는 효과""]"
light*_rainbow_particle,placeholder_review,,,[],"[""light*_rainbow_particle""]","[""기본 / 연출 / 효과 / 무지개색 입자가 반짝히는 효과""]"
light*_red_particle,placeholder_review,,,[],"[""light*_Red_particle""]","[""기본 / 연출 / 효과 / 빨강색 입자가 반짝히는 효과""]"
light*_sky_blue_particle,placeholder_review,,,[],"[""light*_sky_blue_particle""]","[""기본 / 연출 / 효과 / 하늘색 입자가 반짝히는 효과""]"
light*_white_particle,placeholder_review,,,[],"[""light*_white_particle""]","[""기본 / 연출 / 효과 / 흰색 입자가 반짝히는 효과""]"
light*_yellow_particle,placeholder_review,,,[],"[""light*_yellow_particle""]","[""기본 / 연출 / 효과 / 노란색 입자가 반짝히는 효과""]"
light_areolae,snapshot_match,0,1998,[],"[""light_areolae""]","[""체형 / 가슴 / 특징 / 유륜이 밝다""]"
light_armpit,not_in_snapshot,,,[],"[""light_armpit""]","[""체형 / 팔 / 모양 / 겨드랑이가 밝다""]"
light_face,not_in_snapshot,,,[],"[""Light_face""]","[""동작 1 / 얼굴 / 표정 / 가벼운 표정""]"
light_green,not_in_snapshot,,,[],"[""light_green""]","[""기본 / 배경 / 컬러 / 연두색""]"
light_green_eyes,not_in_snapshot,,,[],"[""light_green_eyes""]","[""외모 / 눈 / 색깔 / 연두색 눈""]"
light_green_hair,not_in_snapshot,,,[],"[""light green hair""]","[""외모 / 머리카락 / 색깔 / 연두색 머리카락""]"
light_green_hair_streak,not_in_snapshot,,,[],"[""light_green_hair_streak""]","[""외모 / 머리카락 / 스타일 / 연두색 브리지""]"
light_green_lips,not_in_snapshot,,,[],"[""light green lips""]","[""외모 / 입 / 색깔 / 연두색 입술""]"
light_green_tongue,not_in_snapshot,,,[],"[""light green tongue""]","[""외모 / 입 / 색깔 / 연두색 혀""]"
light_hawk_wings,not_in_snapshot,,,[],"[""light_hawk_wings""]","[""체형 / 날개 / 종류 / 얇은 천 날개""]"
light_nipples,snapshot_match,0,274,[],"[""light_nipples""]","[""체형 / 가슴 / 특징 / 젖꼭지가 밝다""]"
lighthouse,snapshot_match,0,2055,[],"[""lighthouse""]","[""기본 / 장소 / 건축물 / 등대""]"
lighting*_swirling_around_the_character,placeholder_review,,,[],"[""lighting*_swirling_around_the_character""]","[""기본 / 연출 / 효과 / 번개가 휘몰아치는 효과""]"
lightning*_effect,placeholder_review,,,[],"[""lightning*_effect""]","[""기본 / 연출 / 효과 / 번개 효과""]"
ligne_claire,snapshot_match,0,1097,[],"[""ligne_claire""]","[""기본 / 작화 / 화풍 / 선이 명확한""]"
lilith_asami,not_in_snapshot,,,[],"[""Lilith_Asami""]","[""작품 / 캐릭터 / 트리니티 세븐 / 아사미 리리스""]"
liltotto_lamperd,snapshot_match,4,162,[],"[""Liltotto_Lamperd""]","[""작품 / 캐릭터 / 블리치 / 릴토토 램퍼드""]"
lilynette_gingerbuck,snapshot_match,4,69,[],"[""Lilynette_Gingerbuck""]","[""작품 / 캐릭터 / 블리치 / 리리넷 진저벅""]"
lingyin_huang,not_in_snapshot,,,[],"[""Lingyin_Huang""]","[""작품 / 캐릭터 / 인피니트 스트라토스 / 황 링인""]"
lion,snapshot_match,0,3557,[],"[""lion""]","[""인물 / 종족 / 동물 / 사자""]"
lion_costume,snapshot_match,0,270,[],"[""lion_costume""]","[""의상 / 의상 / 코스튬 / 사자 코스튬""]"
lion_ears,snapshot_match,0,15010,[],"[""lion_ears""]","[""외모 / 귀 / 모양 / 사자 귀""]"
lion_furry,not_in_snapshot,,,[],"[""lion_furry""]","[""인물 / 종족 / 퍼리 / 사자 수인""]"
lion_human,not_in_snapshot,,,[],"[""lion_human""]","[""인물 / 종족 / 수인 / 사자 인간""]"
lion_tail,snapshot_match,0,8121,[],"[""lion_tail""]","[""체형 / 꼬리 / 종류 / 사자 꼬리""]"
lip_balm,snapshot_match,0,126,[],"[""lip_balm""]","[""동작 1 / 얼굴 / 화장하다 / 입술을 부드럽게 화장하다""]"
lip_biting,alias_candidate_unverified,,,"[""biting_own_lip""]","[""lip_biting""]","[""동작 1 / 입 / 깨물다 / 이빨로 입술을 깨물다""]"
lipgloss,snapshot_match,0,1637,[],"[""lipgloss""]","[""동작 1 / 얼굴 / 화장하다 / 입술을 광택나게 화장하다""]"
lips,snapshot_match,0,179231,[],"[""lips""]","[""외모 / 입 / 부위 / 입술""]"
lipstick,snapshot_match,0,74973,[],"[""lipstick""]","[""동작 1 / 얼굴 / 화장하다 / 입술을 화장하다""]"
lipstick_mark_on_anus,snapshot_match,0,82,[],"[""lipstick_mark_on_anus""]","[""동작 1 / 입 / 키스하다 / 립스틱 자국을 항문에 새기다""]"
lipstick_mark_on_areola,not_in_snapshot,,,[],"[""lipstick_mark_on_areola""]","[""동작 1 / 입 / 키스하다 / 립스틱 자국을 유륜에 새기다""]"
lipstick_mark_on_arm,snapshot_match,0,191,[],"[""lipstick_mark_on_arm""]","[""동작 1 / 입 / 키스하다 / 립스틱 자국을 팔에 새기다""]"
lipstick_mark_on_ass,snapshot_match,0,378,[],"[""lipstick_mark_on_ass""]","[""동작 1 / 입 / 키스하다 / 립스틱 자국을 엉덩이에 새기다""]"
lipstick_mark_on_breast,snapshot_match,0,620,[],"[""lipstick_mark_on_breast""]","[""동작 1 / 입 / 키스하다 / 립스틱 자국을 가슴에 새기다""]"
lipstick_mark_on_chest,snapshot_match,0,333,[],"[""lipstick_mark_on_chest""]","[""동작 1 / 입 / 키스하다 / 립스틱 자국을 가슴에 새기다""]"
lipstick_mark_on_crotch,not_in_snapshot,,,[],"[""lipstick_mark_on_crotch""]","[""동작 1 / 입 / 키스하다 / 립스틱 자국을 가랑이에 새기다""]"
lipstick_mark_on_leg,snapshot_match,0,474,[],"[""lipstick_mark_on_leg""]","[""동작 1 / 입 / 키스하다 / 립스틱 자국을 다리에 새기다""]"
lipstick_mark_on_neck,snapshot_match,0,645,[],"[""lipstick_mark_on_neck""]","[""동작 1 / 입 / 키스하다 / 립스틱 자국을 목에 새기다""]"
lipstick_mark_on_nipple,not_in_snapshot,,,[],"[""lipstick_mark_on_nipple""]","[""동작 1 / 입 / 키스하다 / 립스틱 자국을 젖꼭지에 새기다""]"
lipstick_mark_on_penis,snapshot_match,0,2026,[],"[""lipstick_mark_on_penis""]","[""동작 1 / 입 / 키스하다 / 립스틱 자국을 자지에 새긴다""]"
lipstick_mark_on_pussy,snapshot_match,0,86,[],"[""lipstick_mark_on_pussy""]","[""동작 1 / 입 / 키스하다 / 립스틱 자국을 보지에 새기다""]"
lipstick_mark_on_shoulder,snapshot_match,0,213,[],"[""lipstick_mark_on_shoulder""]","[""동작 1 / 입 / 키스하다 / 립스틱 자국을 어깨에 새기다""]"
lipstick_mark_on_stomach,snapshot_match,0,527,[],"[""lipstick_mark_on_stomach""]","[""동작 1 / 입 / 키스하다 / 립스틱 자국을 배에 새기다""]"
lipstick_mark_on_testicles,snapshot_match,0,926,[],"[""lipstick_mark_on_testicles""]","[""동작 1 / 입 / 키스하다 / 립스틱 자국을 고환에 새긴다""]"
lipstick_mark_on_thighs,not_in_snapshot,,,[],"[""lipstick_mark_on_thighs""]","[""동작 1 / 입 / 키스하다 / 립스틱 자국을 허벅지에 새기다""]"
liquid_wings,snapshot_match,0,131,[],"[""liquid_wings""]","[""체형 / 날개 / 종류 / 액체 날개""]"
lisa_lisa,snapshot_match,4,695,[],"[""Lisa_Lisa""]","[""작품 / 캐릭터 / 죠죠의 기묘한 모험 / 리사 리사""]"
lisa_yadōmaru,not_in_snapshot,,,[],"[""Lisa_Yadōmaru""]","[""작품 / 캐릭터 / 블리치 / 야도마루 리사""]"
lisanna_strauss,snapshot_match,4,78,[],"[""Lisanna_strauss""]","[""작품 / 캐릭터 / 페어리테일 / 리사나 스트라우스""]"
littleshort,not_in_snapshot,,,[],"[""littleshort""]","[""체형 / 몸 / 길이 / 키가 살짝 작다""]"
living_room,snapshot_match,0,1342,[],"[""living_room""]","[""기본 / 장소 / 가정 / 거실""]"
loafers,snapshot_match,0,84840,[],"[""loafers""]","[""의상 / 신발 / 신발 / 교복 신발""]"
locker_room,snapshot_match,0,5309,[],"[""locker_room""]","[""기본 / 장소 / 운동 / 라커룸""]"
locket,snapshot_match,0,680,[],"[""locket""]","[""장신구 / 목 장식 / 목걸이 / 로켓""]"
log_horizon,snapshot_match,3,794,[],"[""Log_Horizon""]","[""작품 / 작품 / 목록 / 로그 호라이즌""]"
loincloth,snapshot_match,0,9823,[],"[""loincloth""]","[""의상 / 의상 / 제복 / 원시 의복""]"
lois_lane,snapshot_match,4,398,[],"[""Lois_Lane""]","[""작품 / 캐릭터 / DC 코믹스 / 로이스 레인""]"
loki(dunmachi),not_in_snapshot,,,[],"[""Loki(DunMachi)""]","[""작품 / 캐릭터 / 던전에서 만남을 추구하면 안 되는 걸까? / 로키""]"
loli,snapshot_match,0,210674,[],"[""loli""]","[""체형 / 몸 / 나이 / 소녀""]"
lolita_hairband,snapshot_match,0,17839,[],"[""lolita_hairband""]","[""장신구 / 머리 장식 / 머리띠 / 로리타 머리띠""]"
lonely_face,not_in_snapshot,,,[],"[""Lonely_face""]","[""동작 1 / 얼굴 / 표정 / 외로운 표정""]"
long_arm,not_in_snapshot,,,[],"[""long_arm""]","[""체형 / 팔 / 모양 / 팔이 길다""]"
long_coat,snapshot_match,0,12061,[],"[""long_coat""]","[""의상 / 상의 / 코트 / 롱코트""]"
long_dress,snapshot_match,0,51475,[],"[""long_dress""]","[""의상 / 의상 / 드레스 / 긴 드레스""]"
long_earlobes,snapshot_match,0,1992,[],"[""long_earlobes""]","[""외모 / 귀 / 모양 / 귓불이 길다""]"
long_ears,alias_candidate_unverified,,,"[""pointy_ears""]","[""long_ears""]","[""외모 / 귀 / 모양 / 귀가 길다""]"
long_eyebrow,not_in_snapshot,,,[],"[""long_eyebrow""]","[""외모 / 눈 / 크기 / 눈썹이 길다""]"
long_eyelashes,snapshot_match,0,12835,[],"[""long_eyelashes""]","[""외모 / 눈 / 크기 / 속눈썹이 길다""]"
long_eyes,not_in_snapshot,,,[],"[""long_eyes""]","[""외모 / 눈 / 크기 / 눈이 크다""]"
long_fingers,snapshot_match,0,886,[],"[""long_fingers""]","[""체형 / 손 / 모양 / 손가락이 길다""]"
long_foot,not_in_snapshot,,,[],"[""long_foot""]","[""체형 / 발 / 모양 / 발이 길다""]"
long_hair,snapshot_match,0,6204456,[],"[""long_hair""]","[""외모 / 머리카락 / 모양 / 머리카락이 길다""]"
long_hand,not_in_snapshot,,,[],"[""long_hand""]","[""체형 / 손 / 모양 / 손이 길다""]"
long_leg,not_in_snapshot,,,[],"[""long_leg""]","[""체형 / 다리 / 모양 / 다리가 길다""]"
long_nail,not_in_snapshot,,,[],"[""long_nail""]","[""체형 / 손 / 모양 / 손톱이 길다""]"
long_nipples,snapshot_match,0,563,[],"[""long_nipples""]","[""체형 / 가슴 / 모양 / 젖꼭지가 길다""]"
long_nose,snapshot_match,0,2970,[],"[""long_nose""]","[""외모 / 코 / 모양 / 코가 길다""]"
long_pointy_ears,snapshot_match,0,39110,[],"[""long_pointy_ears""]","[""외모 / 귀 / 상태 / 귀가 길고 뾰족하다""]"
long_skirt,snapshot_match,0,55464,[],"[""Long_skirt""]","[""의상 / 하의 / 치마 / 긴 치마""]"
long_tail,alias_candidate_unverified,,,"[""very_long_tail""]","[""long_tail""]","[""체형 / 꼬리 / 모양 / 꼬리가 길다""]"
long_toe,not_in_snapshot,,,[],"[""long_toe""]","[""체형 / 발 / 모양 / 발가락이 길다""]"
long_toenail,not_in_snapshot,,,[],"[""long_toenail""]","[""체형 / 발 / 모양 / 발톱이 길다""]"
long_tongue,snapshot_match,0,9659,[],"[""long_tongue""]","[""외모 / 입 / 모양 / 혀가 길다""]"
looking_afar,snapshot_match,0,25715,[],"[""looking_afar""]","[""기본 / 초점 / 시점 / 먼 곳을 보고 있다""]"
looking_at_another,snapshot_match,0,437098,[],"[""looking_at_another""]","[""기본 / 초점 / 시점 / 다른 사람을 보고 있다""]"
looking_at_ass,snapshot_match,0,340,[],"[""looking_at_ass""]","[""기본 / 초점 / 시점 / 엉덩이를 보고 있다""]"
looking_at_breasts,snapshot_match,0,3155,[],"[""looking_at_breasts""]","[""기본 / 초점 / 시점 / 가슴을 보고 있다""]"
looking_at_hand,snapshot_match,0,1780,[],"[""looking_at_hand""]","[""기본 / 초점 / 시점 / 손을 보고 있다""]"
looking_at_mirror,snapshot_match,0,5576,[],"[""looking_at_mirror""]","[""기본 / 초점 / 시점 / 거울을 보고 있다""]"
looking_at_phone,snapshot_match,0,9047,[],"[""looking_at_phone""]","[""기본 / 초점 / 시점 / 휴대전화를 보고 있다""]"
looking_at_viewer,snapshot_match,0,4913186,[],"[""looking_at_viewer""]","[""기본 / 초점 / 시점 / 뷰어를 보고 있다""]"
looking_away,snapshot_match,0,34925,[],"[""looking_away""]","[""기본 / 초점 / 시점 / 옆을 보고 있다""]"
looking_back,snapshot_match,0,365145,[],"[""looking_back""]","[""기본 / 초점 / 시점 / 뒤를 보고 있다""]"
looking_down,snapshot_match,0,139321,[],"[""looking_down""]","[""기본 / 초점 / 시점 / 아래를 보고 있다""]"
looking_for_glasses,snapshot_match,0,134,[],"[""looking_for_glasses""]","[""동작 2 / 안경 / 행동 / 안경을 찾다""]"
looking_front,not_in_snapshot,,,[],"[""looking_front""]","[""기본 / 초점 / 시점 / 앞을 보고 있다""]"
looking_outside,snapshot_match,0,2558,[],"[""looking_outside""]","[""기본 / 초점 / 시점 / 밖을 보고 있다""]"
looking_over_eyewear,snapshot_match,0,6111,[],"[""looking_over_eyewear""]","[""기본 / 초점 / 시점 / 안경 밖을 보고 있다"", ""동작 2 / 안경 / 행동 / 안경을 끼고 엿본다""]"
looking_through_legs,alias_candidate_unverified,,,"[""looking_through_own_legs""]","[""looking_through_legs""]","[""기본 / 초점 / 시점 / 다리를 보고 있다""]"
looking_to_the_side,snapshot_match,0,281443,[],"[""looking_to_the_side""]","[""기본 / 초점 / 시점 / 측면을 보고 있다""]"
looking_up,snapshot_match,0,100539,[],"[""looking_up""]","[""기본 / 초점 / 시점 / 위를 보고 있다""]"
loose_panties,snapshot_match,0,101,[],"[""loose_panties""]","[""의상 / 속옷 / 팬티 / 느슨한 팬티""]"
loose_socks,snapshot_match,0,22793,[],"[""loose_socks""]","[""의상 / 속옷 / 양말 / 헐랑한 양말""]"
lorgnette,not_in_snapshot,,,[],"[""lorgnette""]","[""장신구 / 얼굴 장식 / 안경 / 손으로 잡는 안경""]"
lotion,snapshot_match,0,5405,[],"[""lotion""]","[""!섹스 / 도구 / 액체 / 로션""]"
lotion_bottle,snapshot_match,0,3033,[],"[""lotion_bottle""]","[""!섹스 / 도구 / 액체 / 로션병""]"
louise_de_la_vallière,not_in_snapshot,,,[],"[""Louise_de_La_Vallière""]","[""작품 / 캐릭터 / 제로의 사역마 / 루이즈 드 라 발리에르""]"
love_hotel,snapshot_match,0,789,[],"[""love hotel""]","[""기본 / 장소 / 시설 / 러브 호텔""]"
lovelover,not_in_snapshot,,,[],"[""lovelover""]","[""작품 / 캐릭터 / 나의 히어로 아카데미아 / 러브러버""]"
low-cut_armhole,snapshot_match,0,1265,[],"[""low-cut_armhole""]","[""의상 / 의상 / 특징 / 옷의 옆구리를 노출하다""]"
low_picture_anime,not_in_snapshot,,,[],"[""Low_picture_anime""]","[""기본 / 품질 / 해상도 / 저화질""]"
low_picture_quality,not_in_snapshot,,,[],"[""Low_picture_quality""]","[""기본 / 품질 / 해상도 / 저화질""]"
low_resolution,not_in_snapshot,,,[],"[""Low_resolution""]","[""기본 / 품질 / 해상도 / 낮은 해상도""]"
low_twintails,snapshot_match,0,164449,[],"[""low_twintails""]","[""외모 / 머리카락 / 스타일 / 낮은 트윈테일""]"
low_wings,snapshot_match,0,45803,[],"[""low_wings""]","[""체형 / 날개 / 모양 / 날개가 등에 있다""]"
lower_body,snapshot_match,0,8178,[],"[""lower_body""]","[""기본 / 초점 / 강조 / 하체에 집중한다""]"
lowleg_bikini,snapshot_match,0,6110,[],"[""lowleg_bikini""]","[""의상 / 의상 / 수영복 / 살짝 짧은 비키니""]"
lowleg_panties,snapshot_match,0,7726,[],"[""lowleg_panties""]","[""의상 / 속옷 / 팬티 / 매우 짧은 팬티""]"
lowleg_pants,snapshot_match,0,1796,[],"[""lowleg_pants""]","[""의상 / 하의 / 바지 / 엉덩이와 허벅지에 꽉 끼는 바지""]"
lowleg_shorts,snapshot_match,0,885,[],"[""lowleg_shorts""]","[""의상 / 하의 / 반바지 / 살짝 짧은 반바지""]"
lowleg_skirt,snapshot_match,0,1355,[],"[""lowleg_skirt""]","[""의상 / 하의 / 치마 / 살짝 짧은 치마""]"
lowres,snapshot_match,5,112781,[],"[""Lowres""]","[""기본 / 품질 / 해상도 / 낮은 해상도""]"
ltd.,not_in_snapshot,,,[],"[""LTD."", ""Ltd.""]","[""작품 / 작품 / 제작 / WHITE FOX"", ""작품 / 작품 / 제작 / 가이낙스"", ""작품 / 작품 / 제작 / 데즈카 프로덕션"", ""작품 / 작품 / 제작 / 스튜디오 피에로"", ""작품 / 작품 / 제작 / 토에이""]"
lube,snapshot_match,0,2793,[],"[""lube""]","[""!섹스 / 도구 / 액체 / 윤활유""]"
luchador_mask,snapshot_match,0,405,[],"[""luchador_mask""]","[""장신구 / 얼굴 장식 / 가면 / 루차도르 가면""]"
lucia,not_in_snapshot,,,[],"[""Lucia""]","[""작품 / 캐릭터 / 어떤 마술과학의 시리즈 / 루치아""]"
lucy_heartfilia,snapshot_match,4,1493,[],"[""Lucy_Heartfilia""]","[""작품 / 캐릭터 / 페어리테일 / 루시 하트필리아""]"
lulu_obsidian,alias_candidate_unverified,,,"[""kurosaki_ruri""]","[""Lulu_Obsidian""]","[""작품 / 캐릭터 / 유희왕 시리즈 / 쿠로사키 루리""]"
lumberjack,not_in_snapshot,,,[],"[""lumberjack""]","[""인물 / 직업 / 일반 / 나무꾼""]"
luminous_valentine,not_in_snapshot,,,[],"[""Luminous_Valentine""]","[""작품 / 캐릭터 / 전생했더니 슬라임이었던 건에 대하여 / 루미너스 발렌타인""]"
luna_snow,snapshot_match,4,694,[],"[""Luna_Snow""]","[""작품 / 캐릭터 / 마블 코믹스 / 루나 스노우""]"
lupusregina_beta,snapshot_match,4,200,[],"[""Lupusregina_Beta""]","[""작품 / 캐릭터 / 오버로드 / 루푸스레기나 베타""]"
lust,not_in_snapshot,,,[],"[""Lust""]","[""작품 / 캐릭터 / 강철의 연금술사 / 러스트""]"
lying,snapshot_match,0,623598,[],"[""lying""]","[""동작 1 / 몸 / 눕다 / 눕다""]"
mabui,not_in_snapshot,,,[],"[""Mabui""]","[""작품 / 캐릭터 / 나루토 / 마부이""]"
machi_komacine,snapshot_match,4,248,[],"[""Machi_Komacine""]","[""작품 / 캐릭터 / 헌터x헌터 / 마치 코마치네""]"
madhouse_inc.,not_in_snapshot,,,[],"[""MADHOUSE_Inc.""]","[""작품 / 작품 / 제작 / 매드하우스""]"
madoka_orimura,not_in_snapshot,,,[],"[""Madoka_Orimura""]","[""작품 / 캐릭터 / 인피니트 스트라토스 / 오리무라 마도카""]"
magatama,snapshot_match,0,14584,[],"[""magatama""]","[""장신구 / 목 장식 / 목걸이 / 마가타마(일본 옥 목걸이)""]"
magatama_earrings,snapshot_match,0,2240,[],"[""Magatama_earrings""]","[""장신구 / 귀 장식 / 귀걸이 / 곡옥 귀걸이""]"
magazine_cover,snapshot_match,0,6158,[],"[""magazine_cover""]","[""기본 / 테마 / 표지 / 잡지 표지""]"
magi:the_kingdom_of_magic,not_in_snapshot,,,[],"[""Magi:The_Kingdom_of_Magic""]","[""작품 / 작품 / 목록 / 마기""]"
magical*_effect,placeholder_review,,,[],"[""magical*_effect""]","[""기본 / 연출 / 효과 / 매지컬 효과""]"
magik,not_in_snapshot,,,[],"[""Magik""]","[""작품 / 캐릭터 / 마블 코믹스 / 매직""]"
mahiru_koizumi,not_in_snapshot,,,[],"[""Mahiru_Koizumi""]","[""작품 / 캐릭터 / 단간론파 / 코이즈미 마히루""]"
mahou_shoujo_lyrical_nanoha,snapshot_match,3,12142,[],"[""mahou_shoujo_lyrical_nanoha""]","[""작품 / 작품 / 목록 / 마법소녀 리리컬 나노하""]"
maid,snapshot_match,0,211372,[],"[""maid""]","[""인물 / 직업 / 메이드 / 메이드""]"
maid_headdress,snapshot_match,0,208576,[],"[""maid_headdress""]","[""장신구 / 머리 장식 / 머리띠 / 메이드 머리 장식""]"
maka_albarn,snapshot_match,4,1711,[],"[""Maka_Albarn""]","[""작품 / 캐릭터 / 소울 이터 / 마카 알반""]"
maki_harukawa,not_in_snapshot,,,[],"[""Maki_Harukawa""]","[""작품 / 캐릭터 / 단간론파 / 하라쿠와 마키""]"
makio,not_in_snapshot,,,[],"[""Makio""]","[""작품 / 캐릭터 / 귀멸의 칼날 / 마키오""]"
mako_mankanshoku,not_in_snapshot,,,[],"[""Mako_Mankanshoku""]","[""작품 / 캐릭터 / 킬 라 킬 / 만칸쇼쿠 마코""]"
male,alias_candidate_unverified,,,"[""male_focus""]","[""male""]","[""체형 / 몸 / 성별 / 남성""]"
male_focus,snapshot_match,0,1129131,[],"[""male_focus""]","[""기본 / 초점 / 집중 / 남자에게 집중한다""]"
males_only,not_in_snapshot,,,[],"[""males_only""]","[""!섹스 / 섹스 / 상황 / 남자만 나온다""]"
mall,snapshot_match,0,408,[],"[""mall""]","[""기본 / 장소 / 유흥 / 쇼핑센터""]"
malty_s_melromarc,snapshot_match,4,120,[],"[""Malty_S_Melromarc""]","[""작품 / 캐릭터 / 방패용사 성공담 / 마르티 메르로마르크""]"
manannán_mac_lir_(bazett),not_in_snapshot,,,[],"[""Manannán_mac_Lir_(Bazett)""]","[""작품 / 캐릭터 / Fate/Grand order / 마나난 막 리르""]"
mandalay,not_in_snapshot,,,[],"[""Mandalay""]","[""작품 / 캐릭터 / 나의 히어로 아카데미아 / 만달레이""]"
manga_cover,snapshot_match,0,3354,[],"[""manga_cover""]","[""기본 / 테마 / 표지 / 만화 표지""]"
manga_photorealistic,not_in_snapshot,,,[],"[""manga_photorealistic""]","[""기본 / 작화 / 화풍 / 일본풍 실사체""]"
manga_realistic,not_in_snapshot,,,[],"[""manga_realistic""]","[""기본 / 작화 / 화풍 / 일본풍 실사체""]"
mappa_corporation,not_in_snapshot,,,[],"[""MAPPA_Corporation""]","[""작품 / 작품 / 제작 / MAPPA""]"
mare_bello_fiore,snapshot_match,4,165,[],"[""Mare_Bello_Fiore""]","[""작품 / 캐릭터 / 오버로드 / 마레 벨로 피오레""]"
marguerite(one_piece),not_in_snapshot,,,[],"[""Marguerite(One_Piece)""]","[""작품 / 캐릭터 / 원피스 / 마가렛""]"
mari_makinami_illustrious,not_in_snapshot,,,[],"[""Mari_Makinami_Illustrious""]","[""작품 / 캐릭터 / 에반게리온 / 마키나미 마리 일러스트리어스""]"
maria_naruse,not_in_snapshot,,,[],"[""Maria_Naruse""]","[""작품 / 캐릭터 / 새여동생 마왕의 계약자 / 나루세 마리아""]"
maria_takayama,not_in_snapshot,,,[],"[""Maria_Takayama""]","[""작품 / 캐릭터 / 나는 친구가 적다 / 타카야마 마리아 ""]"
mariah,not_in_snapshot,,,[],"[""Mariah""]","[""작품 / 캐릭터 / 죠죠의 기묘한 모험 / 머라이어""]"
marianne_vi_britannia,snapshot_match,4,60,[],"[""Marianne_vi_Britannia""]","[""작품 / 캐릭터 / 코드 기어스 / 마리안느 비 브리타니아""]"
marie_antoinette,not_in_snapshot,,,[],"[""Marie_Antoinette""]","[""작품 / 캐릭터 / Fate/Grand order / 마리 앙투아네트""]"
marie_antoinette_(swimsuit_caster),not_in_snapshot,,,[],"[""Marie_Antoinette_(Swimsuit_Caster)""]","[""작품 / 캐릭터 / Fate/Grand order / 마리 앙투아네트 수영복""]"
marie_mjolnir,snapshot_match,4,161,[],"[""Marie_Mjolnir""]","[""작품 / 캐릭터 / 소울 이터 / 마리에 묠니르""]"
marker,snapshot_match,0,3702,[],"[""marker""]","[""기본 / 테마 / 도구 / 마커""]"
market,snapshot_match,0,674,[],"[""market""]","[""기본 / 장소 / 가게 / 시장""]"
market_stall,snapshot_match,0,1241,[],"[""market_stall""]","[""기본 / 장소 / 가게 / 시장""]"
maron,not_in_snapshot,,,[],"[""Maron""]","[""작품 / 캐릭터 / 드래곤볼 / 마론""]"
martha,not_in_snapshot,,,[],"[""Martha""]","[""작품 / 캐릭터 / Fate/Grand order / 마르타""]"
martha_(ruler),not_in_snapshot,,,[],"[""Martha_(Ruler)""]","[""작품 / 캐릭터 / Fate/Grand order / 마르타 수영복""]"
martha_(santa),not_in_snapshot,,,[],"[""Martha_(Santa)""]","[""작품 / 캐릭터 / Fate/Grand order / 마르타 산타""]"
martial_arts_gloves,not_in_snapshot,,,[],"[""martial_arts_gloves""]","[""장신구 / 손 장식 / 장갑 / 격투기 장갑""]"
marvel_comics,not_in_snapshot,,,[],"[""Marvel_Comics""]","[""기본 / 작화 / 스타일 / 마블 코믹스"", ""작품 / 작품 / 목록 / 마블 코믹스""]"
mary_jane,not_in_snapshot,,,[],"[""Mary_Jane""]","[""작품 / 캐릭터 / 마블 코믹스 / 메리 제인""]"
mary_janes,snapshot_match,0,57035,[],"[""mary_janes""]","[""의상 / 신발 / 신발 / 영국 신발""]"
mary_sue,not_in_snapshot,,,[],"[""Mary_Sue""]","[""작품 / 캐릭터 / 유녀전기 / 메어리 수""]"
mascara,snapshot_match,0,5722,[],"[""mascara""]","[""동작 1 / 얼굴 / 화장하다 / 속눈썹을 화장하다"", ""외모 / 눈 / 특징 / 속눈썹을 화장하다""]"
mascars_tears,not_in_snapshot,,,[],"[""mascars_tears""]","[""외모 / 눈 / 특징 / 눈물에 화장이 번졌다""]"
mashu_kyrielight,not_in_snapshot,,,[],"[""Mashu_Kyrielight""]","[""작품 / 캐릭터 / Fate/Grand order / 마슈 키리에라이트""]"
mask_around_neck,snapshot_match,0,3056,[],"[""mask_around_neck""]","[""동작 2 / 마스크 / 행동 / 마스크를 목에 걸다""]"
mask_lift,snapshot_match,0,1158,[],"[""mask_lift""]","[""동작 2 / 마스크 / 행동 / 마스크를 위로 올리다""]"
mask_on_head,snapshot_match,0,28376,[],"[""mask_on_head""]","[""동작 2 / 마스크 / 행동 / 마스크를 머리 위에 올리다""]"
mask_over_one_eye,snapshot_match,0,1407,[],"[""mask_over_one_eye""]","[""동작 2 / 마스크 / 행동 / 마스크를 눈 위에 올리다""]"
mask_pull,snapshot_match,0,8807,[],"[""mask_pull""]","[""동작 2 / 마스크 / 행동 / 마스크를 아래로 당기다""]"
mask_removed,alias_candidate_unverified,,,"[""unworn_mask""]","[""mask_removed""]","[""동작 2 / 마스크 / 행동 / 마스크를 벗었다""]"
masochism,snapshot_match,0,1833,[],"[""masochism""]","[""!섹스 / 섹스 / 설정 / 학대받다""]"
masterpiece,not_in_snapshot,,,[],"[""masterpiece""]","[""기본 / 품질 / 완성도 / 명작""]"
masterpiece_portrait,not_in_snapshot,,,[],"[""masterpiece_portrait""]","[""기본 / 품질 / 완성도 / 명작""]"
masturbation,snapshot_match,0,50967,[],"[""masturbation""]","[""!섹스 / 섹스 / 자위 / 자위한다""]"
mata_hari,not_in_snapshot,,,[],"[""Mata_Hari""]","[""작품 / 캐릭터 / Fate/Grand order / 마타 하리""]"
math_teacher,not_in_snapshot,,,[],"[""math_teacher""]","[""인물 / 직업 / 교육 / 수학 교사""]"
mating_press,snapshot_match,0,6325,[],"[""mating_press""]","[""!섹스 / 섹스 / 체위 / 정상위(교배 프레스)""]"
matsuri,not_in_snapshot,,,[],"[""Matsuri""]","[""작품 / 캐릭터 / 나루토 / 마츠이""]"
mature_female,snapshot_match,0,49749,[],"[""mature_female""]","[""체형 / 몸 / 나이 / 중년 여성""]"
mature_male,snapshot_match,0,45262,[],"[""mature_male""]","[""체형 / 몸 / 나이 / 중년 남성""]"
maya_yamada,not_in_snapshot,,,[],"[""Maya_Yamada""]","[""작품 / 캐릭터 / 인피니트 스트라토스 / 야마다 마야""]"
meadow,snapshot_match,0,1516,[],"[""meadow""]","[""기본 / 장소 / 자연 / 목초지""]"
measuring,snapshot_match,0,1327,[],"[""measuring""]","[""동작 1 / 손 / 측정하다 / 손으로 측정하다""]"
mecha_eli-chan,alias_candidate_unverified,,,"[""mecha_eli-chan_(fate)""]","[""Mecha_Eli-chan""]","[""작품 / 캐릭터 / Fate/Grand order / 메카 엘리자베트 1호""]"
mecha_eli-chan_mk.ii,alias_candidate_unverified,,,"[""mecha_eli-chan_mk.ii_(fate)""]","[""Mecha_Eli-chan_Mk.II""]","[""작품 / 캐릭터 / Fate/Grand order / 메카 엘리자베트 2호""]"
mechanic,snapshot_match,0,1055,[],"[""mechanic""]","[""인물 / 직업 / 일반 / 정비공""]"
mechanical_wings,snapshot_match,0,8706,[],"[""Mechanical_wings""]","[""체형 / 날개 / 종류 / 기계 날개""]"
medea,not_in_snapshot,,,[],"[""Medea""]","[""작품 / 캐릭터 / Fate/Grand order / 메두사""]"
medea_(lily),not_in_snapshot,,,[],"[""Medea_(Lily)""]","[""작품 / 캐릭터 / Fate/Grand order / 메데이아 릴리""]"
medium_ass,not_in_snapshot,,,[],"[""medium_ass""]","[""체형 / 몸 / 모양 / 엉덩이가 평범하다""]"
medium_breasts,snapshot_match,0,1215632,[],"[""medium_breasts""]","[""체형 / 가슴 / 모양 / 가슴이 평범하다""]"
medium_face,not_in_snapshot,,,[],"[""medium_face""]","[""외모 / 얼굴 / 모양 / 얼굴이 평범하다""]"
medium_hair,snapshot_match,0,641275,[],"[""medium_hair""]","[""외모 / 머리카락 / 모양 / 머리카락이 살짝 길다""]"
medusa,alias_candidate_unverified,,,"[""snake_hair""]","[""Medusa""]","[""작품 / 캐릭터 / 마블 코믹스 / 메두사""]"
medusa_(lancer),not_in_snapshot,,,[],"[""Medusa_(Lancer)""]","[""작품 / 캐릭터 / Fate/Grand order / 메두사 랜서""]"
medusa_gorgon,snapshot_match,4,175,[],"[""Medusa_Gorgon""]","[""작품 / 캐릭터 / 소울 이터 / 메두사 고르곤""]"
megadere,not_in_snapshot,,,[],"[""Megadere""]","[""인물 / 특징 / 데레 / 메가데레""]"
megastructure,snapshot_match,0,263,[],"[""megastructure""]","[""기본 / 장소 / 건축물 / 거대 구조물""]"
megumi_tadokoro,not_in_snapshot,,,[],"[""Megumi_Tadokoro""]","[""작품 / 캐릭터 / 식극의 소마 / 타도코로 메구미 ""]"
mei_hatsume,not_in_snapshot,,,[],"[""Mei_Hatsume""]","[""작품 / 캐릭터 / 나의 히어로 아카데미아 / 하츠메 메이""]"
mei_terumi,alias_candidate_unverified,,,"[""terumi_mei""]","[""Mei_Terumi""]","[""작품 / 캐릭터 / 나루토 / 테루미 메이""]"
meiji_schoolgirl_uniform,snapshot_match,0,3736,[],"[""meiji_schoolgirl_uniform""]","[""의상 / 의상 / 제복 / 메이지 여학생 교복""]"
melissa_shield,snapshot_match,4,64,[],"[""Melissa_Shield""]","[""작품 / 캐릭터 / 나의 히어로 아카데미아 / 멜리사 실드""]"
melting,snapshot_match,0,4591,[],"[""melting""]","[""행동 / 동명사 / 동명사 ㄴ / 무엇을 녹이다""]"
meltlilith,alias_candidate_unverified,,,"[""meltryllis_(fate)""]","[""Meltlilith""]","[""작품 / 캐릭터 / Fate/Grand order / 멜트릴리스""]"
melty_q_melromarc,snapshot_match,4,201,[],"[""Melty_Q_Melromarc""]","[""작품 / 캐릭터 / 방패용사 성공담 / 메르티 메르로마르크""]"
menhera,not_in_snapshot,,,[],"[""Menhera""]","[""인물 / 특징 / 데레 / 멘헤라""]"
meninas_mcallon,snapshot_match,4,159,[],"[""Meninas_McAllon""]","[""작품 / 캐릭터 / 블리치 / 미니냐 매컬론""]"
mera,not_in_snapshot,,,[],"[""Mera""]","[""작품 / 캐릭터 / DC 코믹스 / 메라""]"
merchant,snapshot_match,0,148,[],"[""merchant""]","[""인물 / 직업 / 일반 / 상인""]"
meredy,not_in_snapshot,,,[],"[""Meredy""]","[""작품 / 캐릭터 / 페어리테일 / 메르디""]"
mereoleona_vermillion,snapshot_match,4,73,[],"[""Mereoleona_Vermillion""]","[""작품 / 캐릭터 / 블랙 클로버 / 메레오레오나 버밀리온""]"
merlin,not_in_snapshot,,,[],"[""Merlin""]","[""작품 / 캐릭터 / 일곱 개의 대죄 / 멀린""]"
merlin_(prototype),not_in_snapshot,,,[],"[""Merlin_(Prototype)""]","[""작품 / 캐릭터 / Fate/Grand order / 멀린 프로토타입""]"
mermaid_skirt,not_in_snapshot,,,[],"[""mermaid_skirt""]","[""의상 / 하의 / 치마 / 머메이드 스커트""]"
messy_hair,snapshot_match,0,91926,[],"[""messy_hair""]","[""외모 / 머리카락 / 모양 / 머리카락이 헝클어졌다""]"
messy_room,snapshot_match,0,1873,[],"[""messy_room""]","[""기본 / 장소 / 가정 / 지저분한방""]"
metal_wings,snapshot_match,0,700,[],"[""metal_wings""]","[""체형 / 날개 / 종류 / 금속 날개""]"
mexicans,not_in_snapshot,,,[],"[""Mexicans""]","[""인물 / 인종 / 국가 / 멕시코인""]"
mexico,snapshot_match,0,681,[],"[""Mexico""]","[""기본 / 장소 / 국가 / 멕시코""]"
micro_bikini,snapshot_match,0,59886,[],"[""micro_bikini""]","[""의상 / 의상 / 수영복 / 매우 짧은 비키니""]"
micro_panties,snapshot_match,0,3175,[],"[""micro_panties""]","[""의상 / 속옷 / 팬티 / 매우 작은 팬티""]"
micro_shorts,snapshot_match,0,18509,[],"[""micro_shorts""]","[""의상 / 하의 / 반바지 / 매우 짧은 반바지""]"
micro_skirt,alias_candidate_unverified,,,"[""microskirt""]","[""micro_skirt""]","[""의상 / 하의 / 치마 / 매우 짦은 치마""]"
middle_finger,snapshot_match,0,8398,[],"[""middle_finger""]","[""동작 1 / 손가락 / 동작 / 가운데 손가락를 올리다""]"
middle_w,snapshot_match,0,907,[],"[""middle_w""]","[""동작 1 / 손가락 / 동작 / 검지, 중지, 약지를 올린다""]"
midnight,not_in_snapshot,,,[],"[""Midnight""]","[""작품 / 캐릭터 / 나의 히어로 아카데미아 / 미드나이트""]"
midriff,snapshot_match,0,403973,[],"[""midriff""]","[""의상 / 의상 / 특징 / 옷의 배를 노출하다""]"
midriff_sarashi,snapshot_match,0,1197,[],"[""Midriff_sarashi""]","[""의상 / 의상 / 복장 / 복부 사라시""]"
mikan_tsumiki,not_in_snapshot,,,[],"[""Mikan_Tsumiki""]","[""작품 / 캐릭터 / 단간론파 / 츠미키 미캉""]"
mikasa_ackermann,not_in_snapshot,,,[],"[""Mikasa_Ackermann""]","[""작품 / 캐릭터 / 진격의 거인 / 미사카 알반""]"
miko,snapshot_match,0,23020,[],"[""miko""]","[""의상 / 의상 / 복장 / 개조한 무녀복nontraditional"", ""의상 / 의상 / 복장 / 무녀복"", ""인물 / 직업 / 판타지 / 무녀""]"
mikoto_uchiha,not_in_snapshot,,,[],"[""Mikoto_Uchiha""]","[""작품 / 캐릭터 / 나루토 / 우치하 미코토""]"
milf,alias_candidate_unverified,,,"[""mature_female""]","[""milf""]","[""체형 / 몸 / 나이 / 중년 여성""]"
milim_nava,snapshot_match,4,481,[],"[""Milim_Nava""]","[""작품 / 캐릭터 / 전생했더니 슬라임이었던 건에 대하여 / 밀림 나바""]"
military_base,snapshot_match,0,106,[],"[""military_base""]","[""기본 / 장소 / 시설 / 군사 기지""]"
military_maid,not_in_snapshot,,,[],"[""Military_Maid""]","[""인물 / 직업 / 메이드 / 밀리터리 메이드""]"
military_maid_costume,not_in_snapshot,,,[],"[""Military_maid_costume""]","[""의상 / 의상 / 코스튬 / 밀리터리 메이드복""]"
military_uniform,snapshot_match,0,116053,[],"[""military_uniform""]","[""의상 / 의상 / 제복 / 군복""]"
millianna,not_in_snapshot,,,[],"[""Millianna""]","[""작품 / 캐릭터 / 페어리테일 / 밀리아나""]"
millipen,alias_candidate_unverified,,,"[""millipen_(medium)""]","[""millipen""]","[""기본 / 테마 / 도구 / 밀리펜""]"
milly_ashford,snapshot_match,4,439,[],"[""Milly_Ashford""]","[""작품 / 캐릭터 / 코드 기어스 / 밀리 애쉬포드""]"
mimosa_vermillion,snapshot_match,4,152,[],"[""Mimosa_Vermillion""]","[""작품 / 캐릭터 / 블랙 클로버 / 미모사 버밀리온""]"
mina_ashido,not_in_snapshot,,,[],"[""Mina_Ashido""]","[""작품 / 캐릭터 / 나의 히어로 아카데미아 / 아시도 미나""]"
minamoto_no_raikō,not_in_snapshot,,,[],"[""Minamoto_no_Raikō""]","[""작품 / 캐릭터 / Fate/Grand order / 미나모토노 라이코ō""]"
minamoto_no_raikō_(swimsuit_lancer),not_in_snapshot,,,[],"[""Minamoto_no_Raikō_(Swimsuit_Lancer)""]","[""작품 / 캐릭터 / Fate/Grand order / 미나모토노 라이코 수영복""]"
minaret,not_in_snapshot,,,[],"[""minaret""]","[""기본 / 장소 / 시설 / 건물 난간""]"
mind_break,snapshot_match,0,1509,[],"[""mind_break""]","[""!섹스 / 섹스 / 설정 / 정신을 붕괴하다""]"
mind_control,snapshot_match,0,14825,[],"[""mind_control""]","[""!섹스 / 섹스 / 설정 / 정신을 지배하다""]"
mind_rape,not_in_snapshot,,,[],"[""mind_rape""]","[""!섹스 / 섹스 / 설정 / 정신을 강간하다""]"
mindreading,not_in_snapshot,,,[],"[""mindreading""]","[""행동 / 동사 / 동사 ㅁ / 누구의 마음을 읽다""]"
mine,not_in_snapshot,,,[],"[""Mine""]","[""작품 / 캐릭터 / 아카메가 벤다 / 마인""]"
minene_uryuu,not_in_snapshot,,,[],"[""Minene_Uryuu""]","[""작품 / 캐릭터 / 미래일기 / 우류 미루네""]"
miner,not_in_snapshot,,,[],"[""miner""]","[""인물 / 직업 / 일반 / 광부""]"
minerva_orland,not_in_snapshot,,,[],"[""Minerva_Orland""]","[""작품 / 캐릭터 / 페어리테일 / 미네브라 올랜드""]"
mini_crown,snapshot_match,0,26829,[],"[""mini_crown""]","[""장신구 / 머리 장식 / 장신구 / 작은 왕관""]"
mini_santa_hat,snapshot_match,0,422,[],"[""mini_santa_hat""]","[""장신구 / 머리 장식 / 모자 / 미니 산타""]"
mini_top_hat,snapshot_match,0,14760,[],"[""mini_top_hat""]","[""장신구 / 머리 장식 / 모자 / 작은 마술사 모자""]"
mini_wings,snapshot_match,0,9374,[],"[""mini_wings""]","[""체형 / 날개 / 모양 / 날개가 작다""]"
mini_witch_hat,snapshot_match,0,963,[],"[""mini_witch_hat""]","[""장신구 / 머리 장식 / 모자 / 작은 마녀 모자""]"
minimalism,snapshot_match,0,502,[],"[""minimalism""]","[""기본 / 테마 / 미술 / 미니멀리즘""]"
miniskirt,snapshot_match,0,386121,[],"[""miniskirt""]","[""의상 / 하의 / 치마 / 짧은 치마""]"
mio_naruse,not_in_snapshot,,,[],"[""Mio_Naruse""]","[""작품 / 캐릭터 / 새여동생 마왕의 계약자 / 나루세 미오""]"
mira_yamana,not_in_snapshot,,,[],"[""Mira_Yamana""]","[""작품 / 캐릭터 / 트리니티 세븐 / 야마나 미라""]"
miracle_molly,not_in_snapshot,,,[],"[""Miracle_Molly""]","[""작품 / 캐릭터 / DC 코믹스 / 미라클 몰리""]"
mirai_nikki,snapshot_match,3,1184,[],"[""Mirai_Nikki""]","[""작품 / 작품 / 목록 / 미래일기""]"
mirajane_strauss,snapshot_match,4,197,[],"[""Mirajane_Strauss""]","[""작품 / 캐릭터 / 페어리테일 / 미라젠 스트라우스""]"
mirko,snapshot_match,4,6414,[],"[""Mirko""]","[""작품 / 캐릭터 / 나의 히어로 아카데미아 / 미르코""]"
misaka_mikoto,snapshot_match,4,10861,[],"[""Misaka_Mikoto""]","[""작품 / 캐릭터 / 어떤 마술과학의 시리즈 / 미사카 미코토""]"
misaka_misuzu,snapshot_match,4,89,[],"[""Misaka_Misuzu""]","[""작품 / 캐릭터 / 어떤 마술과학의 시리즈 / 미사카 미스즈""]"
misato_katsuragi,not_in_snapshot,,,[],"[""Misato_Katsuragi""]","[""작품 / 캐릭터 / 에반게리온 / 카츠라기 미사토""]"
miserable_face,not_in_snapshot,,,[],"[""miserable_face""]","[""동작 1 / 얼굴 / 표정 / 비참한 표정""]"
mishoujo,not_in_snapshot,,,[],"[""mishoujo""]","[""기본 / 작화 / 화풍 / 미소녀""]"
mismatched_legwear,snapshot_match,0,22927,[],"[""mismatched_legwear""]","[""동작 2 / 양말 / 행동 / 양말이 다른 걸 입다""]"
mismatched_pubic_hair,snapshot_match,0,4105,[],"[""mismatched_pubic_hair""]","[""!섹스 / 보지 / 특징 / 음모가 난잡하다""]"
miss_crane,not_in_snapshot,,,[],"[""Miss_Crane""]","[""작품 / 캐릭터 / Fate/Grand order / 미스 크레인""]"
missing_anatomy,not_in_snapshot,,,[],"[""missing_anatomy""]","[""기본 / 품질 / 완성도 / 잘못된 신체""]"
missing_arms,not_in_snapshot,,,[],"[""missing_arms""]","[""기본 / 품질 / 완성도 / 잘못된 신체""]"
missing_body,not_in_snapshot,,,[],"[""missing_body""]","[""기본 / 품질 / 완성도 / 잘못된 신체""]"
missing_chest,not_in_snapshot,,,[],"[""missing_chest""]","[""기본 / 품질 / 완성도 / 잘못된 신체""]"
missing_eyes,not_in_snapshot,,,[],"[""missing_eyes""]","[""기본 / 품질 / 완성도 / 잘못된 신체""]"
missing_face,not_in_snapshot,,,[],"[""missing_face""]","[""기본 / 품질 / 완성도 / 잘못된 신체""]"
missing_feet,not_in_snapshot,,,[],"[""missing_feet""]","[""기본 / 품질 / 완성도 / 잘못된 신체""]"
missing_fingers,not_in_snapshot,,,[],"[""missing_fingers""]","[""기본 / 품질 / 완성도 / 잘못된 신체""]"
missing_hands,not_in_snapshot,,,[],"[""missing_hands""]","[""기본 / 품질 / 완성도 / 잘못된 신체""]"
missing_hips,not_in_snapshot,,,[],"[""missing_hips""]","[""기본 / 품질 / 완성도 / 잘못된 신체""]"
missing_legs,not_in_snapshot,,,[],"[""missing_legs""]","[""기본 / 품질 / 완성도 / 잘못된 신체""]"
missing_navel,not_in_snapshot,,,[],"[""missing_navel""]","[""기본 / 품질 / 완성도 / 잘못된 신체""]"
missing_nipples,not_in_snapshot,,,[],"[""missing_nipples""]","[""기본 / 품질 / 완성도 / 잘못된 신체""]"
missing_toe,not_in_snapshot,,,[],"[""missing_toe""]","[""기본 / 품질 / 완성도 / 잘못된 신체""]"
missionary_position,alias_candidate_unverified,,,"[""missionary""]","[""missionary_position""]","[""!섹스 / 섹스 / 체위 / 정상위""]"
mito_uzumaki,not_in_snapshot,,,[],"[""Mito_Uzumaki""]","[""작품 / 캐릭터 / 나루토 / 우즈마키 미토""]"
mitre,snapshot_match,0,1772,[],"[""mitre""]","[""장신구 / 머리 장식 / 모자 / 사제 모자""]"
mitsuki_bakugo,not_in_snapshot,,,[],"[""Mitsuki_Bakugo""]","[""작품 / 캐릭터 / 나의 히어로 아카데미아 / 바쿠고 미츠키""]"
miu_iruma,not_in_snapshot,,,[],"[""Miu_Iruma""]","[""작품 / 캐릭터 / 단간론파 / 이루마 미우""]"
mixedbathing,not_in_snapshot,,,[],"[""mixedbathing""]","[""행동 / 동사 / 동사 ㅁ / 누군가 목욕을 같이 한다""]"
miyamoto_musashi,not_in_snapshot,,,[],"[""Miyamoto_Musashi""]","[""작품 / 캐릭터 / Fate/Grand order / 미야모토 무사시""]"
miyamoto_musashi_(swimsuit_berserker),not_in_snapshot,,,[],"[""Miyamoto_Musashi_(Swimsuit_Berserker)""]","[""작품 / 캐릭터 / Fate/Grand order / 미야모토 무사시 수영복""]"
mmf_threesome,snapshot_match,0,18464,[],"[""mmf_threesome""]","[""!섹스 / 섹스 / 상황 / 남자 2명과 여자 1명""]"
moaning,snapshot_match,0,18510,[],"[""moaning""]","[""행동 / 동사 / 동사 ㅅ / 누군가 신음하다""]"
mob_cap,snapshot_match,0,107548,[],"[""mob_cap""]","[""장신구 / 머리 장식 / 모자 / 머리카락을 덮는 모자""]"
mochizuki_chiyome,not_in_snapshot,,,[],"[""Mochizuki_Chiyome""]","[""작품 / 캐릭터 / Fate/Grand order / 모치즈키 치요메""]"
molestation,snapshot_match,0,3716,[],"[""molestation""]","[""!섹스 / 섹스 / 설정 / 성추행을 당하다""]"
momo_yaoyorozu,not_in_snapshot,,,[],"[""Momo_Yaoyorozu""]","[""작품 / 캐릭터 / 나의 히어로 아카데미아 / 야오요로즈 모모""]"
monaco,not_in_snapshot,,,[],"[""Monaco""]","[""기본 / 장소 / 국가 / 모나코""]"
money_gesture,snapshot_match,0,511,[],"[""money_gesture""]","[""동작 1 / 손가락 / 동작 / 돈 사인을 한다""]"
mongolia,snapshot_match,0,99,[],"[""Mongolia""]","[""기본 / 장소 / 국가 / 몽골""]"
mongolians,not_in_snapshot,,,[],"[""Mongolians""]","[""인물 / 인종 / 국가 / 몽골인""]"
monk,snapshot_match,0,1227,[],"[""monk""]","[""인물 / 직업 / 판타지 / 수도사""]"
monkey_costume,snapshot_match,0,127,[],"[""monkey_costume""]","[""의상 / 의상 / 코스튬 / 원숭이 코스튬""]"
monkey_ears,snapshot_match,0,2207,[],"[""monkey_ears""]","[""외모 / 귀 / 모양 / 원숭이 귀""]"
monkey_furry,not_in_snapshot,,,[],"[""monkey_furry""]","[""인물 / 종족 / 퍼리 / 원숭이 순인""]"
monkey_human,not_in_snapshot,,,[],"[""monkey_human""]","[""인물 / 종족 / 수인 / 원숭이 인간""]"
monkey_tail,snapshot_match,0,5843,[],"[""monkey_tail""]","[""체형 / 꼬리 / 종류 / 원숭이 꼬리""]"
monochrome,snapshot_match,0,853591,[],"[""Monochrome""]","[""기본 / 작화 / 스타일 / 흑백""]"
monocle,snapshot_match,0,13434,[],"[""monocle""]","[""장신구 / 얼굴 장식 / 안경 / 단안경""]"
monster,snapshot_match,0,43189,[],"[""Monster""]","[""인물 / 종족 / 판타지 / 요괴""]"
monster_princess_do-s,not_in_snapshot,,,[],"[""Monster_Princess_Do-S""]","[""작품 / 캐릭터 / 원펀맨 / 괴인공주 도S""]"
mordred,not_in_snapshot,,,[],"[""Mordred""]","[""작품 / 캐릭터 / Fate/Grand order / 모드레드""]"
mordred_(swimsuit_rider),not_in_snapshot,,,[],"[""Mordred_(Swimsuit_Rider)""]","[""작품 / 캐릭터 / Fate/Grand order / 모드레드 수영복""]"
morgan,not_in_snapshot,,,[],"[""Morgan""]","[""작품 / 캐릭터 / Fate/Grand order / 모르간""]"
morgiana,snapshot_match,4,681,[],"[""Morgiana""]","[""작품 / 캐릭터 / 마기 / 모르지아나""]"
mortarboard_collage_graduation_hat,not_in_snapshot,,,[],"[""mortarboard_collage_graduation_hat""]","[""장신구 / 머리 장식 / 모자 / 졸업 모자""]"
mosaic_censorship,not_in_snapshot,,,[],"[""mosaic_censorship""]","[""!섹스 / 섹스 / 설정 / 검열을 모자이크로 했다""]"
mosque,not_in_snapshot,,,[],"[""mosque""]","[""기본 / 장소 / 시설 / 사원""]"
mosquito_girl,snapshot_match,0,115,[],"[""Mosquito_Girl""]","[""작품 / 캐릭터 / 원펀맨 / 모스키토 걸""]"
moth_wings,snapshot_match,0,1024,[],"[""moth_wings""]","[""체형 / 날개 / 종류 / 나방 날개""]"
mother,not_in_snapshot,,,[],"[""mother""]","[""인물 / 인물 / 위치 / 어머니""]"
mother_and_daughter,snapshot_match,0,22219,[],"[""mother_and_daughter""]","[""인물 / 인물 / 관계 / 어머니와 딸""]"
mother_and_son,snapshot_match,0,9315,[],"[""mother_and_son""]","[""인물 / 인물 / 관계 / 어머니와 아들""]"
motorcycle_gloves,not_in_snapshot,,,[],"[""motorcycle_gloves""]","[""장신구 / 손 장식 / 장갑 / 오토바이 장갑""]"
motorcycle_helmet,snapshot_match,0,2491,[],"[""motorcycle_helmet""]","[""장신구 / 머리 장식 / 헬멧 / 오토바이 헬멧""]"
mountain,snapshot_match,0,32312,[],"[""mountain""]","[""기본 / 장소 / 자연 / 산""]"
mouse,alias_candidate_unverified,,,"[""mouse_(animal)""]","[""mouse""]","[""인물 / 종족 / 동물 / 쥐""]"
mouse_costume,snapshot_match,0,160,[],"[""mouse_costume""]","[""의상 / 의상 / 코스튬 / 쥐 코스튬""]"
mouse_ears,snapshot_match,0,35881,[],"[""mouse_ears""]","[""외모 / 귀 / 모양 / 쥐 귀""]"
mouse_furry,not_in_snapshot,,,[],"[""mouse_furry""]","[""인물 / 종족 / 퍼리 / 쥐 수인""]"
mouse_human,not_in_snapshot,,,[],"[""mouse_human""]","[""인물 / 종족 / 수인 / 쥐 인간""]"
mouse_tail,snapshot_match,0,22160,[],"[""mouse_tail""]","[""체형 / 꼬리 / 종류 / 쥐 꼬리""]"
mouth,not_in_snapshot,,,[],"[""mouth""]","[""외모 / 입 / 부위 / 입""]"
mouth_mask,snapshot_match,0,46285,[],"[""mouth_mask""]","[""장신구 / 얼굴 장식 / 마스크 / 입 가면""]"
mouth_veil,snapshot_match,0,5553,[],"[""mouth_veil""]","[""장신구 / 얼굴 장식 / 마스크 / 입 베일""]"
movie_theater,snapshot_match,0,1325,[],"[""movie_theater""]","[""기본 / 장소 / 유흥 / 영화관""]"
mozu_and_kiwi,not_in_snapshot,,,[],"[""Mozu_and_Kiwi""]","[""작품 / 캐릭터 / 원피스 / 모즈와 키위""]"
ms._marvel,not_in_snapshot,,,[],"[""Ms._Marvel""]","[""작품 / 캐릭터 / 마블 코믹스 / 미즈마블""]"
mt._lady,alias_candidate_unverified,,,"[""mount_lady""]","[""Mt._Lady""]","[""작품 / 캐릭터 / 나의 히어로 아카데미아 / 마운트 레이디""]"
mugino_shizuri,snapshot_match,4,509,[],"[""Mugino_Shizuri""]","[""작품 / 캐릭터 / 어떤 마술과학의 시리즈 / 무기노 시즈리""]"
mukuro_ikusaba,not_in_snapshot,,,[],"[""Mukuro_Ikusaba""]","[""작품 / 캐릭터 / 단간론파 / 이쿠사바 무쿠로""]"
multicolored,not_in_snapshot,,,[],"[""multicolored""]","[""기본 / 배경 / 컬러 / 여러 색깔""]"
multicolored_eye,not_in_snapshot,,,[],"[""multicolored_eye""]","[""외모 / 눈 / 색깔 / 다중""]"
multicolored_hair,snapshot_match,0,1188195,[],"[""multicolored hair""]","[""외모 / 머리카락 / 색깔 / 머리카락 색깔이 매우 다양하다""]"
multiple_4koma,snapshot_match,0,6514,[],"[""multiple_4koma""]","[""기본 / 연출 / 컷 / 다중 4컷""]"
multiple_births,not_in_snapshot,,,[],"[""multiple_births""]","[""인물 / 인물 / 위치 / 다태아""]"
multiple_braids,snapshot_match,0,6664,[],"[""multiple_braids""]","[""외모 / 머리카락 / 스타일 / 여러 브레이드""]"
multiple_earrings,snapshot_match,0,9695,[],"[""Multiple_earrings""]","[""장신구 / 기타 / 피어싱 / 귀걸이 여러 개""]"
multiple_penis_fellatio,snapshot_match,0,167,[],"[""multiple_penis_fellatio""]","[""!섹스 / 섹스 / 펠라치오 / 여러 자지를 펠라치오한다""]"
multiplewings,not_in_snapshot,,,[],"[""multiplewings""]","[""체형 / 날개 / 모양 / 날개가 매우 많다""]"
murasaki_shikibu,not_in_snapshot,,,[],"[""Murasaki_Shikibu""]","[""작품 / 캐릭터 / Fate/Grand order / 무라사키 시키부""]"
murasaki_shikibu_(swimsuit_rider),not_in_snapshot,,,[],"[""Murasaki_Shikibu_(Swimsuit_Rider)""]","[""작품 / 캐릭터 / Fate/Grand order / 무라사키 시키부 수영복""]"
museum,snapshot_match,0,401,[],"[""museum""]","[""기본 / 장소 / 유흥 / 박물관""]"
musician,not_in_snapshot,,,[],"[""musician""]","[""인물 / 직업 / 예술 / 음악가""]"
mutual_breast_sucking,snapshot_match,0,103,[],"[""mutual_breast_sucking""]","[""동작 1 / 가슴 / 애무하다 / 남의 가슴을 빨다"", ""동작 1 / 입 / 빨다 / 입으로 서로 가슴을 빨다""]"
mutual_masturbation,snapshot_match,0,1165,[],"[""mutual_masturbation""]","[""!섹스 / 섹스 / 자위 / 자위할 때 돕는다""]"
muzzleflash,not_in_snapshot,,,[],"[""muzzleflash""]","[""행동 / 동사 / 동사 ㅊ / 누군가 총을 쏘자 빛나다""]"
my_hero_academia,alias_candidate_unverified,,,"[""boku_no_hero_academia""]","[""My_Hero_Academia""]","[""작품 / 작품 / 목록 / 나의 히어로 아카데미아""]"
mysterious_alter_ego_λ,not_in_snapshot,,,[],"[""Mysterious_Alter_Ego_Λ""]","[""작품 / 캐릭터 / Fate/Grand order / 멜트릴리스 수영복""]"
mystic,not_in_snapshot,,,[],"[""Mystic""]","[""작품 / 캐릭터 / 마블 코믹스 / 미스틱""]"
mélusine,not_in_snapshot,,,[],"[""Mélusine""]","[""작품 / 캐릭터 / Fate/Grand order / 멜뤼진""]"
nagao_kagetora,not_in_snapshot,,,[],"[""Nagao_Kagetora""]","[""작품 / 캐릭터 / Fate/Grand order / 나가오 카케토라""]"
nagisa_akatsuki,not_in_snapshot,,,[],"[""Nagisa_Akatsuki""]","[""작품 / 캐릭터 / 스트라이크 더 블러드 / 아카츠키 나기사""]"
nail_biting,snapshot_match,0,243,[],"[""nail_biting""]","[""동작 1 / 입 / 깨물다 / 이빨로 손톱을 깨물다""]"
naizuri,snapshot_match,0,986,[],"[""naizuri""]","[""!섹스 / 섹스 / 파이즈리 / 파이즈리를 실패한다""]"
najenda,not_in_snapshot,,,[],"[""Najenda""]","[""작품 / 캐릭터 / 아카메가 벤다 / 나젠다""]"
nakadashi,alias_candidate_unverified,,,"[""cum_in_pussy""]","[""nakadashi""]","[""!섹스 / 섹스 / 사정 / 정액을 보지 안에 사정한다""]"
naked_apron,snapshot_match,0,13262,[],"[""naked_apron""]","[""의상 / 의상 / 알몸 / 알몸 에이프런""]"
naked_bandage,snapshot_match,0,4050,[],"[""naked_bandage""]","[""의상 / 의상 / 알몸 / 알몸 붕대""]"
naked_cape,snapshot_match,0,2704,[],"[""naked_cape""]","[""의상 / 의상 / 알몸 / 알몸 망토""]"
naked_capelet,snapshot_match,0,797,[],"[""naked_capelet""]","[""의상 / 의상 / 알몸 / 알몸 후드 망토""]"
naked_chocolate,snapshot_match,0,638,[],"[""naked_chocolate""]","[""의상 / 의상 / 알몸 / 알몸 초콜릿""]"
naked_cloak,snapshot_match,0,1215,[],"[""naked_cloak""]","[""의상 / 의상 / 알몸 / 알몸 망토""]"
naked_coat,snapshot_match,0,3776,[],"[""naked_coat""]","[""의상 / 의상 / 알몸 / 알몸 코트""]"
naked_hoodie,snapshot_match,0,2236,[],"[""naked_hoodie""]","[""의상 / 의상 / 알몸 / 알몸 후드""]"
naked_jacket,snapshot_match,0,5301,"[""naked_coat""]","[""naked_jacket""]","[""의상 / 의상 / 알몸 / 알몸 재킷""]"
naked_overalls,snapshot_match,0,1638,[],"[""naked_overalls""]","[""의상 / 의상 / 알몸 / 알몸 작업복""]"
naked_ribbon,snapshot_match,0,8280,[],"[""naked_ribbon""]","[""의상 / 의상 / 알몸 / 알몸 리본""]"
naked_robe,snapshot_match,0,803,[],"[""naked_robe""]","[""의상 / 의상 / 알몸 / 알몸 가운""]"
naked_scarf,snapshot_match,0,1324,[],"[""naked_scarf""]","[""의상 / 의상 / 알몸 / 알몸 스카프""]"
naked_sheet,snapshot_match,0,3062,[],"[""naked_sheet""]","[""의상 / 의상 / 알몸 / 알몸 이불""]"
naked_shirt,snapshot_match,0,20539,[],"[""naked_shirt""]","[""의상 / 의상 / 알몸 / 알몸 셔츠""]"
naked_suspenders,snapshot_match,0,537,[],"[""naked_suspenders""]","[""의상 / 의상 / 알몸 / 알몸 멜빵""]"
naked_tabard,snapshot_match,0,1153,[],"[""naked_tabard""]","[""의상 / 의상 / 알몸 / 알몸 가슴천막""]"
naked_towel,snapshot_match,0,18375,[],"[""naked_towel""]","[""의상 / 의상 / 알몸 / 알몸 타올""]"
nami(one_piece),not_in_snapshot,,,[],"[""Nami(One_Piece)""]","[""작품 / 캐릭터 / 원피스 / 나미""]"
nana_shimura,not_in_snapshot,,,[],"[""Nana_Shimura""]","[""작품 / 캐릭터 / 나의 히어로 아카데미아 / 시무라 나나""]"
nanao_ise,not_in_snapshot,,,[],"[""Nanao_Ise""]","[""작품 / 캐릭터 / 블리치 / 이세 나아오""]"
nanatsu_no_taizai,snapshot_match,3,1353,[],"[""Nanatsu_no_taizai""]","[""작품 / 작품 / 목록 / 일곱 개의 대죄""]"
naruto,alias_candidate_unverified,,,"[""naruto_(classic)""]","[""Naruto""]","[""작품 / 작품 / 목록 / 나루토""]"
natsuki_minamiya,not_in_snapshot,,,[],"[""Natsuki_Minamiya""]","[""작품 / 캐릭터 / 스트라이크 더 블러드 / 미나미야 나츠키""]"
nature,snapshot_match,0,67048,[],"[""nature""]","[""기본 / 장소 / 자연 / 자연""]"
naughty_face,snapshot_match,0,36016,[],"[""naughty_face""]","[""!섹스 / 섹스 / 상황 / 여자가 비웃는 얼굴을 한다""]"
navel_cutout,snapshot_match,0,20950,[],"[""navel_cutout""]","[""의상 / 의상 / 특징 / 옷의 배꼽을 노출하다""]"
navel_focus,snapshot_match,0,820,[],"[""navel_focus""]","[""기본 / 초점 / 집중 / 배꼽에 집중한다""]"
nazuna,alias_candidate_unverified,,,"[""nazuna_(hidamari_sketch)""]","[""Nazuna""]","[""작품 / 캐릭터 / 로그 호라이즌 / 나즈나""]"
nearly_naked_apron,snapshot_match,0,1911,[],"[""nearly_naked_apron""]","[""의상 / 의상 / 알몸 / 알몸 에이프런""]"
neck_biting,alias_candidate_unverified,,,"[""biting_neck""]","[""neck_biting""]","[""동작 1 / 목 / 애무하다 / 목을 물어 뜯다""]"
neck_ribbon,snapshot_match,0,214110,[],"[""neck_ribbon""]","[""장신구 / 목 장식 / 넥타이 / 리본 타이""]"
neckerchief,snapshot_match,0,256495,[],"[""neckerchief""]","[""장신구 / 목 장식 / 장신구 / 목도리""]"
necking,not_in_snapshot,,,[],"[""necking""]","[""동작 1 / 목 / 애무하다 / 목을 빨다""]"
necklace,snapshot_match,0,377389,[],"[""necklace""]","[""장신구 / 목 장식 / 목걸이 / 목걸이""]"
necktie_grab,snapshot_match,0,3460,[],"[""necktie_grab""]","[""동작 2 / 넥타이 / 행동 / 넥타이를 잡다""]"
neckwear_between_breasts,not_in_snapshot,,,[],"[""neckwear_between_breasts""]","[""동작 1 / 가슴 / 끼우다 / 가슴 사이에 목장식을 끼우다""]"
neferpitou,snapshot_match,4,794,[],"[""Neferpitou""]","[""작품 / 캐릭터 / 헌터x헌터 / 네페르피트""]"
negligee,snapshot_match,0,4453,[],"[""negligee""]","[""의상 / 의상 / 드레스 / 네글리제""]"
nejire_hado,not_in_snapshot,,,[],"[""Nejire_Hado""]","[""작품 / 캐릭터 / 나의 히어로 아카데미아 / 하도 네지레""]"
nelliel_tu_odelschwanck,snapshot_match,4,752,[],"[""Nelliel_Tu_Odelschwanck""]","[""작품 / 캐릭터 / 블리치 / 네리엘 투 오델슈방크""]"
nemu_kurotsuchi,not_in_snapshot,,,[],"[""Nemu_Kurotsuchi""]","[""작품 / 캐릭터 / 블리치 / 쿠로츠지 네무""]"
nero_claudius,not_in_snapshot,,,[],"[""Nero_Claudius""]","[""작품 / 캐릭터 / Fate/Grand order / 네로 클라디우스""]"
nero_claudius_(bride),not_in_snapshot,,,[],"[""Nero_Claudius_(Bride)""]","[""작품 / 캐릭터 / Fate/Grand order / 네로 클라디우스 브라이드""]"
nero_claudius_(caster),not_in_snapshot,,,[],"[""Nero_Claudius_(Caster)""]","[""작품 / 캐릭터 / Fate/Grand order / 네로 클라디우스 캐스터""]"
nervous_face,not_in_snapshot,,,[],"[""Nervous_face""]","[""동작 1 / 얼굴 / 표정 / 초조한 표정""]"
netherlands,snapshot_match,0,125,[],"[""Netherlands""]","[""기본 / 장소 / 국가 / 네덜란드""]"
netorare,snapshot_match,0,11767,[],"[""netorare""]","[""!섹스 / 섹스 / 설정 / 네토라레""]"
netorase,snapshot_match,0,574,[],"[""netorase""]","[""!섹스 / 섹스 / 설정 / 네토라세""]"
neutral_evil,not_in_snapshot,,,[],"[""Neutral_Evil""]","[""인물 / 특징 / 성향 / 중립 악""]"
neutral_good,not_in_snapshot,,,[],"[""Neutral_Good""]","[""인물 / 특징 / 성향 / 중립 선""]"
new_age_music,not_in_snapshot,,,[],"[""New_Age_music""]","[""기본 / 테마 / 음악 / 뉴에이지 음악""]"
new_music,not_in_snapshot,,,[],"[""New_Music""]","[""기본 / 테마 / 음악 / 뉴뮤직""]"
nezha,not_in_snapshot,,,[],"[""Nezha""]","[""작품 / 캐릭터 / Fate/Grand order / 나타""]"
nezuko_kamado,not_in_snapshot,,,[],"[""Nezuko_Kamado""]","[""작품 / 캐릭터 / 귀멸의 칼날 / 카마도 네지로""]"
nia_teppelin,snapshot_match,4,3189,[],"[""Nia_Teppelin""]","[""작품 / 캐릭터 / 천원돌파 그렌라간 / 니아 텟페린""]"
nib_pen,alias_candidate_unverified,,,"[""nib_pen_(medium)""]","[""nib_pen""]","[""기본 / 테마 / 도구 / 펜촉""]"
nico_olvia,snapshot_match,4,61,[],"[""Nico_Olvia""]","[""작품 / 캐릭터 / 원피스 / 니코 올리바""]"
nico_robin,snapshot_match,4,7709,[],"[""Nico_Robin""]","[""작품 / 캐릭터 / 원피스 / 니코 로빈""]"
nightcap,snapshot_match,0,5728,[],"[""nightcap""]","[""장신구 / 머리 장식 / 모자 / 수면 모자""]"
nightclub,snapshot_match,0,353,[],"[""nightclub""]","[""기본 / 장소 / 유흥 / 클럽""]"
nightgown,snapshot_match,0,12925,[],"[""nightgown""]","[""의상 / 의상 / 드레스 / 잠옷 드레스""]"
nightingale,not_in_snapshot,,,[],"[""Nightingale""]","[""작품 / 캐릭터 / Fate/Grand order / 나이팅게일""]"
nightingale_(santa),not_in_snapshot,,,[],"[""Nightingale_(Santa)""]","[""작품 / 캐릭터 / Fate/Grand order / 나이팅게일 산타""]"
nihonga,snapshot_match,0,1244,[],"[""nihonga""]","[""기본 / 테마 / 미술 / 일본화""]"
ninja,snapshot_match,0,21794,[],"[""ninja""]","[""인물 / 직업 / 판타지 / 닌자""]"
ninja_mask,snapshot_match,0,2667,[],"[""ninja_mask""]","[""장신구 / 얼굴 장식 / 가면 / 닌자 가면""]"
nipple_bar,snapshot_match,0,5852,[],"[""nipple_bar""]","[""!섹스 / 도구 / 성기 / 젖꼭지 피어싱""]"
nipple_bells,snapshot_match,0,479,[],"[""nipple_bells""]","[""!섹스 / 도구 / 성기 / 젖꼭지를 묶는 종""]"
nipple_chain,snapshot_match,0,1445,[],"[""nipple_chain""]","[""!섹스 / 도구 / 성기 / 젖꼭지를 묶는 사슬""]"
nipple_clamps,snapshot_match,0,1921,[],"[""nipple_clamps""]","[""!섹스 / 도구 / 성기 / 젖꽂기를 묶는 집게""]"
nipple_flick,snapshot_match,0,205,[],"[""nipple_flick""]","[""동작 1 / 가슴 / 애무하다 / 젖꼭지를 만진다""]"
nipple_leash,snapshot_match,0,76,[],"[""nipple_leash""]","[""!섹스 / 도구 / 성기 / 젖꼭지를 묶는 끈""]"
nipple_lock,not_in_snapshot,,,[],"[""nipple_lock""]","[""!섹스 / 도구 / 성기 / 젖꼭지를 묶는 자물쇠""]"
nipple_patch,not_in_snapshot,,,[],"[""nipple_patch""]","[""!섹스 / 도구 / 성기 / 젖꼭지 패치""]"
nipple_penetration,snapshot_match,0,740,[],"[""nipple_penetration""]","[""!섹스 / 섹스 / 자지 / 자지를 젖꼭지에 삽입하다""]"
nipple_piercing,snapshot_match,0,24065,[],"[""nipple_piercing""]","[""!섹스 / 도구 / 성기 / 젖꼭지 피어싱""]"
nipple_plug,not_in_snapshot,,,[],"[""nipple_plug""]","[""!섹스 / 도구 / 성기 / 젖꼭지 플러그""]"
nipple_press,snapshot_match,0,382,[],"[""nipple_press""]","[""동작 1 / 가슴 / 애무하다 / 젖꼭지를 누른다""]"
nipple_pull,snapshot_match,0,1704,[],"[""nipple_pull""]","[""동작 1 / 가슴 / 애무하다 / 젖꼭지를 당기다""]"
nipple_push,snapshot_match,0,55,[],"[""nipple_push""]","[""동작 1 / 가슴 / 애무하다 / 젖꼭지를 찌르다""]"
nipple_ribbon,snapshot_match,0,102,[],"[""nipple_ribbon""]","[""!섹스 / 도구 / 성기 / 젖꼭지를 묶는 리본""]"
nipple_rings,snapshot_match,0,6260,[],"[""nipple_rings""]","[""!섹스 / 도구 / 성기 / 젖꼭지를 묶는 고리""]"
nipple_rub,snapshot_match,0,2079,[],"[""nipple_rub""]","[""동작 1 / 가슴 / 애무하다 / 젖꼭지를 문지르다""]"
nipple_sleeves,snapshot_match,0,209,[],"[""nipple_sleeves""]","[""!섹스 / 도구 / 성기 / 젖꼭지를 묶는 끈""]"
nipple_slip,snapshot_match,0,22299,[],"[""nipple_slip""]","[""동작 1 / 가슴 / 애무하다 / 젖꼭지를 옷 밖으로 빼내다"", ""의상 / 의상 / 특징 / 옷의 젖꼭지를 노출하다""]"
nipple_tweak,snapshot_match,0,24068,[],"[""nipple_tweak""]","[""!섹스 / 섹스 / 애무 / 손으로 젖꼭지를 잡는다"", ""동작 1 / 가슴 / 애무하다 / 젖꼭지를 비틀다""]"
nitocris,not_in_snapshot,,,[],"[""Nitocris""]","[""작품 / 캐릭터 / Fate/Grand order / 니토크리스""]"
nitocris_(assassin),not_in_snapshot,,,[],"[""Nitocris_(Assassin)""]","[""작품 / 캐릭터 / Fate/Grand order / 니토크리스 수영복""]"
no_bra,snapshot_match,0,124461,[],"[""no_bra""]","[""동작 2 / 브래지어 / 행동 / 브래지어를 입지 않다""]"
noelle_silva,snapshot_match,4,572,[],"[""Noelle_Silva""]","[""작품 / 캐릭터 / 블랙 클로버 / 노엘 실버""]"
nonon_jakuzure,not_in_snapshot,,,[],"[""Nonon_Jakuzure""]","[""작품 / 캐릭터 / 킬 라 킬 / 자쿠즈레 노논""]"
noogie,snapshot_match,0,99,[],"[""noogie""]","[""동작 1 / 손 / 동작 / 손으로 누르다""]"
nordic_mythology,not_in_snapshot,,,[],"[""Nordic_mythology""]","[""기본 / 테마 / 신화 / 북유럽 신화""]"
north_korea,snapshot_match,0,97,[],"[""North_Korea""]","[""기본 / 장소 / 국가 / 북한""]"
north_korean,not_in_snapshot,,,[],"[""North_Korean""]","[""인물 / 인종 / 국가 / 북한인""]"
norway,snapshot_match,0,135,[],"[""Norway""]","[""기본 / 장소 / 국가 / 노르웨이""]"
norwegian_people,not_in_snapshot,,,[],"[""Norwegian_people""]","[""인물 / 인종 / 국가 / 노르웨이인""]"
nose_piercing,snapshot_match,0,5571,[],"[""Nose_piercing""]","[""장신구 / 기타 / 피어싱 / 코 피어싱""]"
nosepicking,not_in_snapshot,,,[],"[""nosepicking""]","[""행동 / 동사 / 동사 ㅋ / 누군가 코를 파다""]"
nuclear_powerplant,not_in_snapshot,,,[],"[""nuclear_powerplant""]","[""기본 / 장소 / 현장 / 원자력 발전소""]"
nude_cover,snapshot_match,0,6632,[],"[""nude_cover""]","[""동작 1 / 손 / 숨기다 / 손으로 알몸을 숨기다""]"
nui_harime,not_in_snapshot,,,[],"[""Nui_Harime""]","[""작품 / 캐릭터 / 킬 라 킬 / 하리메 누이""]"
nun,snapshot_match,0,34466,[],"[""nun""]","[""인물 / 직업 / 판타지 / 수녀""]"
nunnally_vi_britannia,snapshot_match,4,738,[],"[""Nunnally_vi_Britannia""]","[""작품 / 캐릭터 / 코드 기어스 / 나나리 비 브리타니아""]"
nureha,not_in_snapshot,,,[],"[""Nureha""]","[""작품 / 캐릭터 / 로그 호라이즌 / 누레하""]"
nurse,snapshot_match,0,22681,[],"[""nurse""]","[""인물 / 직업 / 의료 / 간호사""]"
nurse_cap,snapshot_match,0,34687,[],"[""nurse_cap""]","[""장신구 / 머리 장식 / 모자 / 간호사 모자""]"
nurse_maid,not_in_snapshot,,,[],"[""Nurse_Maid""]","[""인물 / 직업 / 메이드 / 너스 메이드""]"
nursing_handjob,snapshot_match,0,2378,[],"[""nursing_handjob""]","[""!섹스 / 섹스 / 핸드잡 / 손으로 자지를 간호하며 흔들다""]"
nuss_maid_costume,not_in_snapshot,,,[],"[""Nuss_maid_costume""]","[""의상 / 의상 / 코스튬 / 너스 메이드복""]"
o-ring_bikini,snapshot_match,0,17144,[],"[""o-ring_bikini""]","[""의상 / 의상 / 수영복 / 고리가 달린 비키니""]"
o-ring_bottom,snapshot_match,0,5393,[],"[""o-ring_bottom""]","[""의상 / 의상 / 수영복 / 고리가 아래쪽과 연결한 비키니""]"
o-ring_legwear,snapshot_match,0,267,[],"[""o-ring_legwear""]","[""의상 / 속옷 / 양말 / 고리 장식 달린 양말""]"
o-ring_top,snapshot_match,0,15012,[],"[""o-ring_top""]","[""의상 / 의상 / 수영복 / 고리가 위쪽과 연결한 비키니""]"
oasis,snapshot_match,0,157,[],"[""oasis""]","[""기본 / 장소 / 자연 / 오아시스""]"
object_hug,alias_candidate_unverified,,,"[""hugging_object""]","[""object_hug""]","[""동작 1 / 몸 / 껴안다 / 물건을 껴안다""]"
ocean,snapshot_match,0,145148,[],"[""ocean""]","[""기본 / 장소 / 자연 / 대양""]"
ocean_bottom,alias_candidate_unverified,,,"[""seafloor""]","[""ocean_bottom""]","[""기본 / 장소 / 자연 / 해저""]"
ochaco_uraraka,not_in_snapshot,,,[],"[""Ochaco_Uraraka""]","[""작품 / 캐릭터 / 나의 히어로 아카데미아 / 우라라카 오챠코""]"
oda_nobunaga,not_in_snapshot,,,[],"[""Oda_Nobunaga""]","[""작품 / 캐릭터 / Fate/Grand order / 오다 노부나가""]"
oda_nobunaga_(avenger),not_in_snapshot,,,[],"[""Oda_Nobunaga_(Avenger)""]","[""작품 / 캐릭터 / Fate/Grand order / 오다 노부가나 어벤저""]"
oda_nobunaga_(swimsuit_berserker),not_in_snapshot,,,[],"[""Oda_Nobunaga_(Swimsuit_Berserker)""]","[""작품 / 캐릭터 / Fate/Grand order / 오다 노부나가 수영복""]"
odd_eye,alias_candidate_unverified,,,"[""heterochromia""]","[""Odd_Eye""]","[""외모 / 눈 / 색깔 / 다름""]"
off-shoulder_dress,snapshot_match,0,45687,[],"[""off-shoulder_dress""]","[""의상 / 의상 / 드레스 / 어깨가 보이는드레스""]"
off-shoulder_shirt,snapshot_match,0,36485,[],"[""off-shoulder_shirt""]","[""의상 / 상의 / 셔츠 / 오픈숄더 셔츠""]"
office,snapshot_match,0,4244,[],"[""office""]","[""기본 / 장소 / 시설 / 사무실""]"
office_lady,snapshot_match,0,22711,[],"[""office_lady""]","[""인물 / 직업 / 일반 / 회사원(여성)""]"
officer,not_in_snapshot,,,[],"[""officer""]","[""인물 / 직업 / 전문 / 군인(장교)""]"
ohikaenasutte,not_in_snapshot,,,[],"[""ohikaenasutte""]","[""동작 1 / 손가락 / 동작 / 손가락으로 인사하다""]"
oil_painting,alias_candidate_unverified,,,"[""oil_painting_(medium)""]","[""oil_painting""]","[""기본 / 테마 / 도구 / 유화""]"
oiledwet,not_in_snapshot,,,[],"[""oiledwet""]","[""체형 / 몸 / 특징 / 몸에 오일에 젖었다""]"
ok_sign,snapshot_match,0,6105,[],"[""ok_sign""]","[""동작 1 / 손가락 / 동작 / OK 사인을 한다""]"
okita_sōji,not_in_snapshot,,,[],"[""Okita_Sōji""]","[""작품 / 캐릭터 / Fate/Grand order / 오키타 소지""]"
okita_sōji_(alter),not_in_snapshot,,,[],"[""Okita_Sōji_(Alter)""]","[""작품 / 캐릭터 / Fate/Grand order / 오키타 소지 얼터""]"
okobo,snapshot_match,0,8016,[],"[""okobo""]","[""의상 / 신발 / 샌들 / 오코보(일본 게이샤 샌들)""]"
old-fashioned_swimsuit,snapshot_match,0,87,[],"[""old-fashioned_swimsuit""]","[""의상 / 의상 / 수영복 / 옛날 수영복""]"
older_sister,not_in_snapshot,,,[],"[""older_sister""]","[""인물 / 인물 / 위치 / 누나""]"
olivier_mira_armstrong,snapshot_match,4,281,[],"[""Olivier_Mira_Armstrong""]","[""작품 / 캐릭터 / 강철의 연금술사 / 올리비에 밀라 암스트롱""]"
ombre,not_in_snapshot,,,[],"[""ombre""]","[""외모 / 머리카락 / 색깔 / 머리카락을 아래→위로 염색하다""]"
on_back,snapshot_match,0,358201,[],"[""on_back""]","[""동작 1 / 몸 / 눕다 / 뒤로 눕다""]"
on_side,snapshot_match,0,124396,[],"[""on_side""]","[""동작 1 / 몸 / 눕다 / 옆으로 눕다""]"
on_stomach,snapshot_match,0,92171,[],"[""on_stomach""]","[""동작 1 / 몸 / 눕다 / 엎드려 눕다""]"
one-piece_swimsuit,snapshot_match,0,187262,[],"[""one-piece_swimsuit""]","[""의상 / 의상 / 수영복 / 원피스 수영복""]"
one_breast_out,snapshot_match,0,19176,[],"[""one_breast_out""]","[""동작 2 / 상의 / 행동 / 셔츠를 내려 가슴 한쪽을 노출하다""]"
one_eye_closed,snapshot_match,0,620948,[],"[""one_eye_closed""]","[""외모 / 눈 / 특징 / 눈을 한쪽만 감았다""]"
one_knee,alias_candidate_unverified,,,"[""on_one_knee""]","[""one_knee""]","[""동작 1 / 다리 / 꿇다 / 무릎 한쪽을 꿇다""]"
one_open_finger,not_in_snapshot,,,[],"[""One_open_finger""]","[""동작 1 / 손가락 / 동작 / 손가락 하나를 올리다""]"
one_piece,snapshot_match,3,55151,[],"[""One_Piece""]","[""작품 / 작품 / 목록 / 원피스""]"
one_punch_man,alias_candidate_unverified,,,"[""one-punch_man""]","[""One_Punch_Man""]","[""작품 / 작품 / 목록 / 원펀맨""]"
one_side_up,snapshot_match,0,151286,[],"[""one_side_up""]","[""외모 / 머리카락 / 스타일 / 원 사이드 업""]"
oni_mask,snapshot_match,0,3845,[],"[""oni_mask""]","[""장신구 / 얼굴 장식 / 가면 / 오니 마스크""]"
onsen,snapshot_match,0,24851,[],"[""onsen""]","[""기본 / 장소 / 유흥 / 온천""]"
opaque_glasses,snapshot_match,0,8145,[],"[""opaque_glasses""]","[""장신구 / 얼굴 장식 / 안경 / 불투명한 안경""]"
open_bikini,not_in_snapshot,,,[],"[""open_bikini""]","[""동작 2 / 수영복 / 행동 / 수영복을 풀었다""]"
open_bra,snapshot_match,0,3731,[],"[""open_bra""]","[""동작 2 / 브래지어 / 행동 / 브래지어를 풀었다""]"
open_clothes,snapshot_match,0,754389,[],"[""open_clothes""]","[""동작 2 / 의상 / 행동 / 옷을 풀었다""]"
open_coat,snapshot_match,0,79781,[],"[""open_coat""]","[""동작 2 / 상의 / 행동 / 코트를 풀었다""]"
open_collar,snapshot_match,0,15086,[],"[""open_collar""]","[""동작 2 / 상의 / 행동 / 셔츠의 옷깃을 풀었다""]"
open_hand,snapshot_match,0,25517,[],"[""open_hand""]","[""동작 1 / 손가락 / 동작 / 손가락으로 열다""]"
open_hoodie,snapshot_match,0,10523,[],"[""open_hoodie""]","[""동작 2 / 의상 / 행동 / 옷을 옆으로 내리다""]"
open_jacket,snapshot_match,0,380987,[],"[""open_jacket""]","[""동작 2 / 상의 / 행동 / 재킷를 풀었다""]"
open_kimono,snapshot_match,0,20017,[],"[""open_kimono""]","[""동작 2 / 의상 / 행동 / 기모노를 벗다""]"
open_mouth,snapshot_match,0,3512113,[],"[""Open_mouth"", ""open_mouth""]","[""동작 1 / 입 / 동작 / 입을 벌리다"", ""외모 / 입 / 상태 / 입을 열다""]"
open_pants,snapshot_match,0,3551,[],"[""open_pants""]","[""동작 2 / 하의 / 행동 / 바지를 풀었다""]"
open_robe,snapshot_match,0,4916,[],"[""open_robe""]","[""동작 2 / 상의 / 행동 / 로브를 풀었다"", ""의상 / 상의 / 겉옷 / 열린 로브""]"
open_shirt,snapshot_match,0,150887,[],"[""open_shirt""]","[""동작 2 / 상의 / 행동 / 셔츠를 풀었다""]"
open_shorts,snapshot_match,0,5431,[],"[""open_shorts""]","[""동작 2 / 하의 / 행동 / 반바지를 풀었다""]"
open_skirt,snapshot_match,0,3341,[],"[""open_skirt""]","[""동작 2 / 하의 / 행동 / 치마를 풀었다""]"
open_towel,snapshot_match,0,352,[],"[""open_towel""]","[""동작 2 / 의상 / 행동 / 수건을 풀었다""]"
opening,snapshot_match,0,369,[],"[""opening""]","[""행동 / 동명사 / 동명사 ㄱ / 무엇을 개봉하다""]"
opera_glasses,snapshot_match,0,110,[],"[""opera_glasses""]","[""장신구 / 얼굴 장식 / 안경 / 오페라 안경""]"
opera_glove,not_in_snapshot,,,[],"[""opera_glove""]","[""장신구 / 손 장식 / 장갑 / 오페라 글러브""]"
oral,snapshot_match,0,120234,[],"[""oral""]","[""!섹스 / 섹스 / 오랄 / 입으로 자지를 빨다""]"
oral_invitation,snapshot_match,0,2673,[],"[""oral_invitation""]","[""!섹스 / 섹스 / 오랄 / 입으로 자지를 빠는 흉내를 낸다""]"
oral_penetration,not_in_snapshot,,,[],"[""oral_penetration""]","[""!섹스 / 섹스 / 자지 / 자지를 입에 삽입하다""]"
orange,alias_candidate_unverified,,,"[""orange_(fruit)""]","[""orange""]","[""기본 / 배경 / 컬러 / 주황색""]"
orange_eyes,snapshot_match,0,256079,[],"[""orange_eyes""]","[""외모 / 눈 / 색깔 / 주황색 눈""]"
orange_hair,snapshot_match,0,351247,[],"[""orange hair""]","[""외모 / 머리카락 / 색깔 / 주황색 머리카락""]"
orange_hair_streak,not_in_snapshot,,,[],"[""orange_hair_streak""]","[""외모 / 머리카락 / 스타일 / 주황색 브리지""]"
orange_lips,snapshot_match,0,781,[],"[""orange lips""]","[""외모 / 입 / 색깔 / 주황색 입술""]"
orange_tongue,snapshot_match,0,328,[],"[""orange tongue""]","[""외모 / 입 / 색깔 / 주황색 혀""]"
orc,snapshot_match,0,5173,[],"[""Orc""]","[""인물 / 종족 / 판타지 / 오크""]"
orgasm,snapshot_match,0,25686,[],"[""orgasm""]","[""!섹스 / 섹스 / 상황 / 여자가 오르가즘을 느낀다""]"
oriana_thomson,not_in_snapshot,,,[],"[""Oriana_Thomson""]","[""작품 / 캐릭터 / 어떤 마술과학의 시리즈 / 올리비아 톰슨""]"
orihime_inoue,alias_candidate_unverified,,,"[""inoue_orihime""]","[""Orihime_Inoue""]","[""작품 / 캐릭터 / 블리치 / 이노우에 오히리메""]"
orsola_aquinas,snapshot_match,4,164,[],"[""Orsola_Aquinas""]","[""작품 / 캐릭터 / 어떤 마술과학의 시리즈 / 올소라 아퀴나스""]"
osakabehime,not_in_snapshot,,,[],"[""Osakabehime""]","[""작품 / 캐릭터 / Fate/Grand order / 오사카베히메""]"
osakabehime_(archer),not_in_snapshot,,,[],"[""Osakabehime_(Archer)""]","[""작품 / 캐릭터 / Fate/Grand order / 오사카베히메 수영복""]"
otaku_room,snapshot_match,0,543,[],"[""otaku_room""]","[""기본 / 장소 / 가정 / 오타쿠방""]"
other_focus,snapshot_match,0,33381,[],"[""other_focus""]","[""기본 / 초점 / 집중 / 밖에 집중한다""]"
othinus,snapshot_match,4,323,[],"[""Othinus""]","[""작품 / 캐릭터 / 어떤 마술과학의 시리즈 / 오티누스""]"
ouroboros_dragon_ophis,not_in_snapshot,,,[],"[""Ouroboros_Dragon_Ophis""]","[""작품 / 캐릭터 / 하이스쿨 dxd / 오피스""]"
outraged_face,not_in_snapshot,,,[],"[""outraged_face""]","[""동작 1 / 얼굴 / 표정 / 분노한 표정""]"
outstretched_hand,snapshot_match,0,32665,[],"[""outstretched_hand""]","[""동작 1 / 손 / 손짓하다 / 아래를 향해 손짓하다""]"
outstretched_leg,snapshot_match,0,2320,[],"[""outstretched_leg""]","[""동작 1 / 다리 / 뻗다 / 다리를 길게 뻗다""]"
over-kneehighs,snapshot_match,0,9892,[],"[""over-kneehighs""]","[""의상 / 속옷 / 양말 / 오버 니 삭스(무릎 위)""]"
over-rim_eyewear,snapshot_match,0,5082,[],"[""over-rim_eyewear""]","[""장신구 / 얼굴 장식 / 안경 / 안경테가 두꺼운 안경""]"
overall_skirt,snapshot_match,0,1606,[],"[""overall_skirt""]","[""의상 / 하의 / 치마 / 멜빵 치마"", ""의상 / 하의 / 치마 / 멜빵과 연결된 치마""]"
overalls,snapshot_match,0,32850,[],"[""overalls""]","[""의상 / 의상 / 제복 / 작업복""]"
overcoat,snapshot_match,0,2355,[],"[""overcoat""]","[""의상 / 상의 / 코트 / 외투""]"
overing_face,not_in_snapshot,,,[],"[""overing_face""]","[""동작 1 / 손 / 숨기다 / 손으로 얼굴을 숨기다""]"
overlord,not_in_snapshot,,,[],"[""Overlord""]","[""작품 / 작품 / 목록 / 오버로드""]"
own_hands_clasped,snapshot_match,0,22496,[],"[""own_hands_clasped""]","[""동작 1 / 손 / 동작 / 손을 얽는다""]"
own_hands_together,snapshot_match,0,116611,[],"[""own_hands_together""]","[""동작 1 / 손 / 동작 / 손을 겹치다""]"
oxygen_mask,snapshot_match,0,907,[],"[""oxygen_mask""]","[""장신구 / 얼굴 장식 / 마스크 / 산소 마스크""]"
"p.a.works_co.,ltd.",not_in_snapshot,,,[],"[""P.A.WORKS_Co.,Ltd.""]","[""작품 / 작품 / 제작 / P.A. WORKS""]"
pagoda,snapshot_match,0,1309,[],"[""pagoda""]","[""기본 / 장소 / 건축물 / 탑""]"
paint_splatteron_face,not_in_snapshot,,,[],"[""paint_splatteron_face""]","[""동작 1 / 얼굴 / 화장하다 / 얼굴에 페인트가 튀다""]"
painter,not_in_snapshot,,,[],"[""painter""]","[""인물 / 직업 / 예술 / 화가""]"
painting,alias_candidate_unverified,,,"[""painting_(action)""]","[""painting""]","[""기본 / 테마 / 도구 / 회화""]"
paizuri_(tittyfuck),not_in_snapshot,,,[],"[""paizuri_(tittyfuck)""]","[""!섹스 / 섹스 / 파이즈리 / 파이즈리한다""]"
paizuri_on_lap,snapshot_match,0,589,[],"[""paizuri_on_lap""]","[""!섹스 / 섹스 / 파이즈리 / 무릎 꿇고 파이즈리한다""]"
paizuri_over_clothes,snapshot_match,0,406,[],"[""paizuri_over_clothes""]","[""!섹스 / 섹스 / 파이즈리 / 옷 위로 파이즈리한다""]"
paizuri_under_clothes,snapshot_match,0,7587,[],"[""paizuri_under_clothes""]","[""!섹스 / 섹스 / 파이즈리 / 옷 속으로 파이즈리한다""]"
pajamas,snapshot_match,0,40849,[],"[""pajamas""]","[""의상 / 의상 / 제복 / 잠옷""]"
pajamas_pull,snapshot_match,0,436,[],"[""pajamas_pull""]","[""동작 2 / 의상 / 행동 / 잠옷을 아래로 내렸다""]"
pakunoda,snapshot_match,4,89,[],"[""Pakunoda""]","[""작품 / 캐릭터 / 헌터x헌터 / 파크노다""]"
pakura,not_in_snapshot,,,[],"[""Pakura""]","[""작품 / 캐릭터 / 나루토 / 파쿠라""]"
pale_face,alias_candidate_unverified,,,"[""turn_pale""]","[""pale_face""]","[""동작 1 / 얼굴 / 표정 / 창백한 표정""]"
palm-fist_greeting,snapshot_match,0,312,[],"[""palm-fist_greeting""]","[""동작 1 / 손 / 동작 / 손으로 인사하다""]"
palm-fist_tap,snapshot_match,0,106,[],"[""palm-fist_tap""]","[""동작 1 / 손 / 동작 / 손으로 탭하다""]"
panda,snapshot_match,0,4837,[],"[""panda""]","[""인물 / 종족 / 동물 / 팬더""]"
panda_costume,snapshot_match,0,537,[],"[""panda_costume""]","[""의상 / 의상 / 코스튬 / 팬더 코스튬""]"
panda_ears,snapshot_match,0,3220,[],"[""panda_ears""]","[""외모 / 귀 / 모양 / 팬더 귀""]"
panda_furry,not_in_snapshot,,,[],"[""panda_furry""]","[""인물 / 종족 / 퍼리 / 팬더 수인""]"
panda_human,not_in_snapshot,,,[],"[""panda_human""]","[""인물 / 종족 / 수인 / 팬더 인간""]"
pannier_skirt,not_in_snapshot,,,[],"[""pannier_skirt""]","[""의상 / 하의 / 치마 / 파니에 스커트""]"
pant_suit,snapshot_match,0,4161,[],"[""pant_suit""]","[""의상 / 의상 / 정장 / 정장 바지""]"
panties_around_ankles,snapshot_match,0,689,[],"[""panties_around_ankles""]","[""동작 2 / 팬티 / 행동 / 팬티를 발목에 걸다""]"
panties_around_one_leg,snapshot_match,0,27329,[],"[""panties_around_one_leg""]","[""동작 2 / 팬티 / 행동 / 팬티를 다리에 걸다""]"
panties_aside,snapshot_match,0,33356,[],"[""panties_aside""]","[""동작 2 / 팬티 / 행동 / 팬티를 옆으로 넘기다""]"
panties_in_mouth,snapshot_match,0,330,[],"[""panties_in_mouth""]","[""동작 2 / 팬티 / 행동 / 팬티를 입 안에 넣다""]"
panties_on_breasts,snapshot_match,0,107,[],"[""panties_on_breasts""]","[""동작 2 / 팬티 / 행동 / 팬티를 가슴에 씌우다""]"
panties_on_head,snapshot_match,0,1651,[],"[""panties_on_head""]","[""동작 2 / 팬티 / 행동 / 팬티를 머리에 씌우다""]"
panties_on_penis,snapshot_match,0,653,[],"[""panties_on_penis""]","[""!섹스 / 섹스 / 자지 / 자지를 팬티로 감싸다""]"
pants_pull,snapshot_match,0,16085,[],"[""pants_pull""]","[""동작 2 / 하의 / 행동 / 바지를 아래로 내렸다""]"
pants_rolled_up,snapshot_match,0,2883,[],"[""pants_rolled_up""]","[""의상 / 하의 / 바지 / 발목과 무릎 사이가 접힌 바지""]"
panty_anarchy,not_in_snapshot,,,[],"[""Panty_Anarchy""]","[""작품 / 캐릭터 / 팬티&스타킹 / 야나기 팬티""]"
panty_gag,snapshot_match,0,199,[],"[""panty_gag""]","[""!섹스 / 도구 / 개그 / 팬티 개그""]"
panty_lift,snapshot_match,0,1036,[],"[""panty_lift""]","[""동작 2 / 팬티 / 행동 / 팬티를 위로 올리다""]"
panty_pull,snapshot_match,0,59288,[],"[""panty_pull""]","[""동작 2 / 팬티 / 행동 / 팬티를 아래로 내리다""]"
pantyhose,snapshot_match,0,737765,[],"[""pantyhose""]","[""의상 / 속옷 / 양말 / 팬티 스타킹""]"
pantyhose_pull,snapshot_match,0,14367,[],"[""pantyhose_pull""]","[""동작 2 / 양말 / 행동 / 팬티 스타킹을 내리다""]"
paraguay,not_in_snapshot,,,[],"[""Paraguay""]","[""기본 / 장소 / 국가 / 파라과이""]"
paraguayan_people,not_in_snapshot,,,[],"[""Paraguayan_people""]","[""인물 / 인종 / 국가 / 파라과이인""]"
park,snapshot_match,0,3054,[],"[""park""]","[""기본 / 장소 / 시설 / 공원""]"
parking_lot,snapshot_match,0,698,[],"[""parking_lot""]","[""기본 / 장소 / 이동 / 주차장""]"
parted_bangs,snapshot_match,0,312802,[],"[""parted_bangs""]","[""외모 / 머리카락 / 특징 / 앞머리가 양쪽으로 갈라진다""]"
parted_lips,snapshot_match,0,744722,[],"[""Parted_lips""]","[""동작 1 / 입 / 동작 / 입술이 갈라지다""]"
party_hat,snapshot_match,0,5521,[],"[""party_hat""]","[""장신구 / 머리 장식 / 모자 / 파티 모자""]"
parvati,not_in_snapshot,,,[],"[""Parvati""]","[""작품 / 캐릭터 / Fate/Grand order / 파르바티""]"
passionlip,alias_candidate_unverified,,,"[""passionlip_(fate)""]","[""Passionlip""]","[""작품 / 캐릭터 / Fate/Grand order / 패션립""]"
pastel,not_in_snapshot,,,[],"[""pastel""]","[""기본 / 테마 / 도구 / 파스텔""]"
path,snapshot_match,0,5662,[],"[""path""]","[""기본 / 장소 / 이동 / 길""]"
pathetic_face,not_in_snapshot,,,[],"[""pathetic_face""]","[""동작 1 / 얼굴 / 표정 / 한심한 표정""]"
patricia_thompson,snapshot_match,4,211,[],"[""Patricia_Thompson""]","[""작품 / 캐릭터 / 소울 이터 / 패트리시아 톰슨""]"
patting,snapshot_match,0,515,[],"[""patting""]","[""행동 / 동명사 / 동명사 ㅅ / 무엇을 쓰다듬다""]"
paul_bunyan,not_in_snapshot,,,[],"[""Paul_Bunyan""]","[""작품 / 캐릭터 / Fate/Grand order / 풀 바니""]"
peacoat,snapshot_match,0,119,[],"[""peacoat""]","[""의상 / 상의 / 코트 / 피코트""]"
peaked_cap,snapshot_match,0,61507,[],"[""peaked_cap""]","[""장신구 / 머리 장식 / 모자 / 뾰족한 모자""]"
peanut_face,not_in_snapshot,,,[],"[""peanut_face""]","[""외모 / 얼굴 / 모양 / 얼굴이 땅콩형이다""]"
pectoral_focus,snapshot_match,0,1245,[],"[""pectoral_focus""]","[""기본 / 초점 / 집중 / 가슴에 집중한다""]"
peeing,snapshot_match,0,15067,[],"[""peeing""]","[""행동 / 동사 / 동사 ㅎ / 누군가를 쓰다듬다""]"
peeking,snapshot_match,0,4612,[],"[""peeking""]","[""동작 1 / 눈 / 엿보다 / 엿보다""]"
peeking_out,snapshot_match,0,8476,[],"[""peeking_out""]","[""동작 1 / 눈 / 엿보다 / 숨어서 엿보다""]"
peeking_through_fingers,snapshot_match,0,766,[],"[""peeking_through_fingers""]","[""동작 1 / 눈 / 엿보다 / 손가락 사이로 엿보다""]"
peephole,snapshot_match,0,170,[],"[""peephole""]","[""동작 1 / 눈 / 엿보다 / 구멍을 엿보다""]"
peeping,alias_candidate_unverified,,,"[""peeking""]","[""peeping""]","[""!섹스 / 섹스 / 상황 / 여자가 섹스를 엿보다""]"
peko_pekoyama,not_in_snapshot,,,[],"[""Peko_Pekoyama""]","[""작품 / 캐릭터 / 단간론파 / 페코야마 페코""]"
pencil_dress,snapshot_match,0,4392,[],"[""pencil_dress""]","[""의상 / 의상 / 드레스 / 몸에 꼭 맞는 드레스""]"
pendant,snapshot_match,0,48124,[],"[""pendant""]","[""장신구 / 목 장식 / 목걸이 / 진주 목걸이""]"
penetration_gesture,snapshot_match,0,792,[],"[""penetration_gesture""]","[""!섹스 / 섹스 / 핸드잡 / 손으로 삽입을 흉내낸다""]"
penis_awe,snapshot_match,0,8298,[],"[""penis_awe""]","[""!섹스 / 섹스 / 자지 / 자지를 경외한다""]"
penis_biting,alias_candidate_unverified,,,"[""biting_penis""]","[""penis_biting""]","[""동작 1 / 입 / 깨물다 / 이빨로 자지를 깨물다""]"
penis_grab,alias_candidate_unverified,,,"[""grabbing_another's_penis""]","[""penis_grab""]","[""!섹스 / 섹스 / 자지 / 자지를 잡다""]"
penis_in_ass,not_in_snapshot,,,[],"[""penis_in_ass""]","[""!섹스 / 섹스 / 자지 / 자지를 엉덩이 안에 넣다""]"
penis_in_bikini,not_in_snapshot,,,[],"[""penis_in_bikini""]","[""!섹스 / 섹스 / 자지 / 자지를 비키니 안에 넣다""]"
penis_in_panties,snapshot_match,0,1076,[],"[""penis_in_panties""]","[""!섹스 / 섹스 / 자지 / 자지를 팬티 안에 넣다"", ""!섹스 / 섹스 / 자지 / 자지를 팬티에 걸다""]"
penis_in_pantyhose,not_in_snapshot,,,[],"[""penis_in_pantyhose""]","[""!섹스 / 섹스 / 자지 / 자지를 팬티 스타킹 안에 넣다""]"
penis_in_pussy,not_in_snapshot,,,[],"[""penis_in_pussy""]","[""!섹스 / 섹스 / 자지 / 자지를 보지 안에 넣다""]"
penis_in_swimsuit,snapshot_match,0,78,[],"[""penis_in_swimsuit""]","[""!섹스 / 섹스 / 자지 / 자지를 수영복 안에 넣다""]"
penis_in_thighhigh,not_in_snapshot,,,[],"[""penis_in_thighhigh""]","[""!섹스 / 섹스 / 자지 / 자지를 허벅지 안에 넣다""]"
penis_measuring,snapshot_match,0,1127,[],"[""penis_measuring""]","[""!섹스 / 섹스 / 자지 / 자지를 측정하다"", ""동작 1 / 손 / 측정하다 / 손으로 자지를 측정하다""]"
penis_milking,snapshot_match,0,442,[],"[""penis_milking""]","[""!섹스 / 섹스 / 자지 / 자지를 착정하다""]"
penis_on_ass,snapshot_match,0,1834,[],"[""penis_on_ass""]","[""!섹스 / 섹스 / 자지 / 자지를 엉덩이 위에 올리다""]"
penis_on_face,snapshot_match,0,8618,[],"[""penis_on_face""]","[""!섹스 / 섹스 / 자지 / 자지를 얼굴 위에 올리다""]"
penis_on_head,snapshot_match,0,882,[],"[""penis_on_head""]","[""!섹스 / 섹스 / 자지 / 자지를 머리 위에 올리다""]"
penis_on_pussy,snapshot_match,0,1388,[],"[""penis_on_pussy""]","[""!섹스 / 섹스 / 자지 / 자지를 보지 위에 올리다""]"
penis_on_shoulder,snapshot_match,0,159,[],"[""penis_on_shoulder""]","[""!섹스 / 섹스 / 자지 / 자지를 어깨 위에 올리다""]"
penis_on_stomach,snapshot_match,0,1009,[],"[""penis_on_stomach""]","[""!섹스 / 섹스 / 자지 / 자지를 배 위에 올리다""]"
penis_over_eyes,snapshot_match,0,1958,[],"[""penis_over_eyes""]","[""!섹스 / 섹스 / 자지 / 자지를 눈 양쪽 위에 올리다""]"
penis_over_one_eye,snapshot_match,0,824,[],"[""penis_over_one_eye""]","[""!섹스 / 섹스 / 자지 / 자지를 눈 한쪽 위에 올리다""]"
penis_penetration,not_in_snapshot,,,[],"[""penis_penetration""]","[""!섹스 / 섹스 / 자지 / 자지를 삽입하다""]"
penis_shadow,snapshot_match,0,1282,[],"[""penis_shadow""]","[""!섹스 / 섹스 / 자지 / 자지의 그림자가 생긴다""]"
penis_size_difference,snapshot_match,0,3923,[],"[""penis_size_difference""]","[""!섹스 / 섹스 / 자지 / 자지의 크기가 차이난다""]"
penis_to_breast,snapshot_match,0,1265,[],"[""penis_to_breast""]","[""!섹스 / 섹스 / 자지 / 자지를 가슴 위에 올리다""]"
penis_to_navel,snapshot_match,0,91,[],"[""penis_to_navel""]","[""!섹스 / 섹스 / 자지 / 자지를 배꼽 위에 올리다""]"
penspinning,not_in_snapshot,,,[],"[""penspinning""]","[""행동 / 동사 / 동사 ㅍ / 누군가 펜을 회전하다""]"
pentacle,snapshot_match,0,2054,[],"[""pentacle""]","[""장신구 / 목 장식 / 목걸이 / 팬타클""]"
penthesilea,not_in_snapshot,,,[],"[""Penthesilea""]","[""작품 / 캐릭터 / Fate/Grand order / 펜테실레이아""]"
people_of_monaco,not_in_snapshot,,,[],"[""People_of_Monaco""]","[""인물 / 인종 / 국가 / 모나코인""]"
perfect_anatomy,not_in_snapshot,,,[],"[""perfect_anatomy""]","[""기본 / 품질 / 완성도 / 완벽한 신체""]"
perfect_arms,not_in_snapshot,,,[],"[""perfect_arms""]","[""기본 / 품질 / 완성도 / 완벽한 신체""]"
perfect_body,not_in_snapshot,,,[],"[""perfect_body""]","[""기본 / 품질 / 완성도 / 완벽한 신체""]"
perfect_chest,not_in_snapshot,,,[],"[""perfect_chest""]","[""기본 / 품질 / 완성도 / 완벽한 신체""]"
perfect_eyes,not_in_snapshot,,,[],"[""perfect_eyes""]","[""기본 / 품질 / 완성도 / 완벽한 신체""]"
perfect_face,not_in_snapshot,,,[],"[""perfect_face""]","[""기본 / 품질 / 완성도 / 완벽한 신체""]"
perfect_feet,not_in_snapshot,,,[],"[""perfect_feet""]","[""기본 / 품질 / 완성도 / 완벽한 신체""]"
perfect_fingers,not_in_snapshot,,,[],"[""perfect_fingers""]","[""기본 / 품질 / 완성도 / 완벽한 신체""]"
perfect_hands,not_in_snapshot,,,[],"[""perfect_hands""]","[""기본 / 품질 / 완성도 / 완벽한 신체""]"
perfect_hips,not_in_snapshot,,,[],"[""perfect_hips""]","[""기본 / 품질 / 완성도 / 완벽한 신체""]"
perfect_legs,not_in_snapshot,,,[],"[""perfect_legs""]","[""기본 / 품질 / 완성도 / 완벽한 신체""]"
perfect_navel,not_in_snapshot,,,[],"[""perfect_navel""]","[""기본 / 품질 / 완성도 / 완벽한 신체""]"
perfect_nipples,not_in_snapshot,,,[],"[""perfect_nipples""]","[""기본 / 품질 / 완성도 / 완벽한 신체""]"
perfect_toe,not_in_snapshot,,,[],"[""perfect_toe""]","[""기본 / 품질 / 완성도 / 완벽한 신체""]"
perky_breasts,snapshot_match,0,5448,[],"[""perky_breasts""]","[""동작 1 / 가슴 / 동작 / 가슴을 바짝 세우다""]"
perona,snapshot_match,4,1592,[],"[""Perona""]","[""작품 / 캐릭터 / 원피스 / 페로나""]"
person_between_breasts,snapshot_match,0,558,[],"[""person_between_breasts""]","[""동작 1 / 가슴 / 끼우다 / 가슴 사이에 사람을 끼우다""]"
pharmacy,not_in_snapshot,,,[],"[""pharmacy""]","[""기본 / 장소 / 가게 / 야외""]"
phone_booth,snapshot_match,0,896,[],"[""phone_booth""]","[""기본 / 장소 / 시설 / 전화 부스""]"
pickelhaube,snapshot_match,0,805,[],"[""pickelhaube""]","[""장신구 / 머리 장식 / 헬멧 / 독일군 헬맷""]"
pieck_finger,snapshot_match,4,309,[],"[""Pieck_Finger""]","[""작품 / 캐릭터 / 진격의 거인 / 피크 핑거""]"
pier,snapshot_match,0,1630,[],"[""pier""]","[""기본 / 장소 / 이동 / 교각""]"
pierrot_co.,not_in_snapshot,,,[],"[""Pierrot_Co.""]","[""작품 / 작품 / 제작 / 스튜디오 피에로""]"
pig,snapshot_match,0,4695,[],"[""pig""]","[""인물 / 종족 / 동물 / 돼지""]"
pig_costume,snapshot_match,0,119,[],"[""pig_costume""]","[""의상 / 의상 / 코스튬 / 돼지 코스튬""]"
pig_ears,snapshot_match,0,1446,[],"[""pig_ears""]","[""외모 / 귀 / 모양 / 돼지 귀""]"
pig_furry,not_in_snapshot,,,[],"[""pig_furry""]","[""인물 / 종족 / 퍼리 / 돼지 수인""]"
pig_human,not_in_snapshot,,,[],"[""Pig_human""]","[""인물 / 종족 / 수인 / 돼지 인간""]"
pig_penis,snapshot_match,0,106,[],"[""pig_penis""]","[""!섹스 / 자지 / 특징 / 자지가 돼지 모양이다""]"
pig_tail,snapshot_match,0,594,[],"[""pig_tail""]","[""체형 / 꼬리 / 종류 / 돼지 꼬리""]"
pigeon-toed,snapshot_match,0,14941,[],"[""pigeon-toed""]","[""동작 1 / 발 / 동작 / 발가락이 위를 향하다""]"
pigeon_pose,snapshot_match,0,202,[],"[""pigeon_pose""]","[""동작 1 / 다리 / 뻗다 / 다리를 뒤로 뻗다""]"
piggyback,snapshot_match,0,7058,[],"[""piggyback""]","[""동작 1 / 몸 / 올리다 / 등에 엎고 나르다""]"
piledriver,not_in_snapshot,,,[],"[""piledriver""]","[""!섹스 / 섹스 / 체위 / 정상위(파일 드라이버)""]"
pill_earrings,snapshot_match,0,1488,[],"[""Pill_earrings""]","[""장신구 / 귀 장식 / 귀걸이 / 알약 귀걸이""]"
pillow_fight,snapshot_match,0,290,[],"[""pillow_fight""]","[""행동 / 동사 / 동사 ㅅ / 누군가 베개로 싸운다""]"
pillow_sex,alias_candidate_unverified,,,"[""pillow_humping""]","[""pillow_sex""]","[""!섹스 / 섹스 / 자위 / 자위할 때 베개를 쓴다""]"
pilot,snapshot_match,0,1565,[],"[""pilot""]","[""인물 / 직업 / 이동 / 조종사""]"
pilot_suit,snapshot_match,0,931,[],"[""pilot_suit""]","[""의상 / 의상 / 슈트 / 파일럿 슈트""]"
pinapo_dress,not_in_snapshot,,,[],"[""pinapo_dress""]","[""의상 / 하의 / 치마 / 피나포 드레스""]"
pince-nez,snapshot_match,0,7160,[],"[""pince-nez""]","[""장신구 / 얼굴 장식 / 안경 / 콧대에 지지하는 안경""]"
pinching,snapshot_match,0,5547,[],"[""pinching""]","[""동작 1 / 손가락 / 꼬집다 / 손가락으로 꼬집다""]"
pink,not_in_snapshot,,,[],"[""pink""]","[""기본 / 배경 / 컬러 / 분홍색""]"
pink_eyes,snapshot_match,0,431130,[],"[""pink_eyes""]","[""외모 / 눈 / 색깔 / 분홍색 눈""]"
pink_hair,snapshot_match,0,1062018,[],"[""pink hair""]","[""외모 / 머리카락 / 색깔 / 분홍색 머리카락""]"
pink_hair_streak,not_in_snapshot,,,[],"[""pink_hair_streak""]","[""외모 / 머리카락 / 스타일 / 분홍색 브리지""]"
pink_lips,snapshot_match,0,48015,[],"[""pink lips""]","[""외모 / 입 / 색깔 / 분홍색 입술""]"
pink_tongue,not_in_snapshot,,,[],"[""pink tongue""]","[""외모 / 입 / 색깔 / 분홍색 혀""]"
pinky_out,snapshot_match,0,9634,[],"[""pinky_out""]","[""동작 1 / 손가락 / 동작 / 새끼 손가락을 올리다""]"
pinky_swear,snapshot_match,0,770,[],"[""pinky_swear""]","[""동작 1 / 손 / 동작 / 손으로 약속하다""]"
pirate_hat,snapshot_match,0,8335,[],"[""pirate_hat""]","[""장신구 / 머리 장식 / 모자 / 해적 모자""]"
pitching,snapshot_match,0,858,[],"[""pitching""]","[""행동 / 동명사 / 동명사 ㄷ / 무엇을 던지다""]"
pith_helmet,snapshot_match,0,3322,[],"[""pith_helmet""]","[""장신구 / 머리 장식 / 모자 / 탐험가 모자""]"
pixel_art,snapshot_match,0,31782,[],"[""pixel_art""]","[""기본 / 작화 / 화풍 / 픽셀""]"
pixie-bob,not_in_snapshot,,,[],"[""Pixie-Bob""]","[""작품 / 캐릭터 / 나의 히어로 아카데미아 / 픽시 팝""]"
pixie_cut,snapshot_match,0,1801,[],"[""pixie_cut""]","[""외모 / 머리카락 / 스타일 / 픽시컷""]"
pixiv,snapshot_match,3,1180,[],"[""pixiv""]","[""기본 / 작화 / 스타일 / 픽시브""]"
plague_doctor_mask,snapshot_match,0,944,[],"[""plague_doctor_mask""]","[""장신구 / 얼굴 장식 / 가면 / 역병의사 가면""]"
plaid,not_in_snapshot,,,[],"[""plaid""]","[""기본 / 배경 / 무늬 / 격자 무늬""]"
planet_earrings,snapshot_match,0,633,[],"[""Planet_earrings""]","[""장신구 / 귀 장식 / 귀걸이 / 행성 귀걸이""]"
plant_wings,snapshot_match,0,215,[],"[""Plant_wings""]","[""체형 / 날개 / 종류 / 식물 날개""]"
plantar_flexion,snapshot_match,0,5006,[],"[""plantar_flexion""]","[""동작 1 / 발 / 동작 / 발바닥이 아래로 향하다""]"
plastic_gloves,not_in_snapshot,,,[],"[""plastic_gloves""]","[""장신구 / 손 장식 / 장갑 / 비닐 장갑""]"
platform_footwear,not_in_snapshot,,,[],"[""platform_footwear""]","[""의상 / 신발 / 신발 / 두꺼운 굽 있는 신발""]"
playground,snapshot_match,0,1224,[],"[""playground""]","[""기본 / 장소 / 운동 / 운동장""]"
playing,snapshot_match,0,1613,[],"[""playing""]","[""행동 / 동사 / 동사 ㄴ / 누군가 놀다""]"
pleated_dress,snapshot_match,0,32703,[],"[""pleated_dress""]","[""의상 / 의상 / 드레스 / 세로로 주름진 드레스""]"
pleated_skirt,snapshot_match,0,710210,[],"[""pleated_skirt""]","[""의상 / 하의 / 치마 / 플리츠 스커트""]"
plug_gag,snapshot_match,0,387,[],"[""plug_gag""]","[""!섹스 / 도구 / 개그 / 플러그 개그""]"
plugsuit,alias_candidate_unverified,,,"[""plugsuit_(evangelion)""]","[""plugsuit""]","[""의상 / 의상 / 슈트 / 플러그 슈트""]"
plunging_neckline_dress,not_in_snapshot,,,[],"[""plunging_neckline_dress""]","[""의상 / 의상 / 드레스 / 길게 V자로 갈라진 드레스""]"
pointed_elbow,not_in_snapshot,,,[],"[""pointed_elbow""]","[""체형 / 팔 / 모양 / 팔꿈치가 뾰족하다""]"
pointed_face,not_in_snapshot,,,[],"[""pointed_face""]","[""외모 / 얼굴 / 모양 / 얼굴이 뾰족하다""]"
pointing,snapshot_match,0,93976,[],"[""pointing""]","[""동작 1 / 손가락 / 가리키다 / 손가락으로 가리키다""]"
pointing_at_self,snapshot_match,0,10428,[],"[""pointing_at_self""]","[""동작 1 / 손가락 / 가리키다 / 손가락으로 가리키다""]"
pointing_at_viewer,snapshot_match,0,17780,[],"[""pointing_at_viewer""]","[""동작 1 / 손가락 / 가리키다 / 손가락으로 뷰어를 가리키다""]"
pointing_down,snapshot_match,0,971,[],"[""pointing_down""]","[""동작 1 / 손가락 / 가리키다 / 손가락으로 아래를 가리키다""]"
pointing_forward,snapshot_match,0,1941,[],"[""pointing_forward""]","[""동작 1 / 손가락 / 가리키다 / 손가락으로 앞을 가리키다""]"
pointing_up,snapshot_match,0,9037,[],"[""pointing_up""]","[""동작 1 / 손가락 / 가리키다 / 손가락으로 가리키다""]"
pointing_weapon,alias_candidate_unverified,,,"[""pointing_melee_weapon""]","[""pointing_weapon""]","[""행동 / 동명사 / 동명사 ㅁ / 무엇을 무기로 조준하다""]"
pointless_condom,snapshot_match,0,3246,[],"[""pointless_condom""]","[""!섹스 / 섹스 / 콘돔 / 콘돔이 쓸모없다""]"
pointy_breasts,snapshot_match,0,2291,[],"[""pointy_breasts""]","[""체형 / 가슴 / 특징 / 가슴이 뾰족하다""]"
pointy_ears,snapshot_match,0,601568,[],"[""pointy_ears""]","[""외모 / 귀 / 상태 / 귀가 뾰족하다""]"
pointy_footwear,not_in_snapshot,,,[],"[""pointy_footwear""]","[""의상 / 신발 / 신발 / 뾰족한 신발""]"
pointy_hair,snapshot_match,0,8801,[],"[""pointy_hair""]","[""외모 / 머리카락 / 모양 / 머리카락이 뾰족하다""]"
poison_ivy,snapshot_match,4,613,[],"[""Poison_Ivy""]","[""작품 / 캐릭터 / DC 코믹스 / 포이즌 아이비""]"
pokemon,snapshot_match,3,410662,[],"[""Pokemon""]","[""작품 / 작품 / 목록 / 포켓몬 시리즈""]"
poking,snapshot_match,0,8165,[],"[""poking""]","[""행동 / 동명사 / 동명사 ㅈ / 무엇을 찌르다""]"
poking_with_penis,snapshot_match,0,162,[],"[""poking_with_penis""]","[""!섹스 / 섹스 / 자지 / 자지로 찌르다"", ""!섹스 / 섹스 / 자지 / 자지로 찌른다""]"
poledancing,not_in_snapshot,,,[],"[""poledancing""]","[""행동 / 동사 / 동사 ㅊ / 누군가 춤추며 봉을 타다""]"
police,snapshot_match,0,17127,[],"[""police""]","[""인물 / 직업 / 전문 / 경찰""]"
polifonia_rihavein,not_in_snapshot,,,[],"[""Polifonia_Rihavein""]","[""작품 / 캐릭터 / 스트라이크 더 블러드 / 포리포니아 리하바인""]"
polishing,snapshot_match,0,186,[],"[""polishing""]","[""행동 / 동명사 / 동명사 ㄱ / 무엇을 광택내다""]"
politician,snapshot_match,0,294,[],"[""politician""]","[""인물 / 직업 / 일반 / 정치가""]"
polka_dot,snapshot_match,0,84809,[],"[""polka_dot""]","[""기본 / 배경 / 무늬 / 물방울 무늬""]"
polka_dot_hoodie,snapshot_match,0,158,[],"[""polka_dot_hoodie""]","[""의상 / 상의 / 후드 / 폴카 무늬""]"
pom_pom_earrings,snapshot_match,0,1720,[],"[""Pom_pom_earrings""]","[""장신구 / 귀 장식 / 귀걸이 / 털 장식 귀걸이""]"
pond,snapshot_match,0,3937,[],"[""pond""]","[""기본 / 장소 / 자연 / 연못""]"
ponytail,snapshot_match,0,965578,[],"[""ponytail""]","[""외모 / 머리카락 / 스타일 / 포니테일""]"
pool,snapshot_match,0,26486,[],"[""pool""]","[""기본 / 장소 / 운동 / 수영장""]"
poolside,snapshot_match,0,12640,[],"[""poolside""]","[""기본 / 장소 / 운동 / 풀사이드""]"
pop,not_in_snapshot,,,[],"[""Pop""]","[""기본 / 테마 / 음악 / 팝""]"
popsicle_in_mouth,snapshot_match,0,6708,[],"[""popsicle_in_mouth""]","[""동작 1 / 입 / 먹다 / 아이스크림을 빨다""]"
porn,not_in_snapshot,,,[],"[""porn""]","[""기본 / 테마 / 포르노 / 포르노""]"
porno_actor,not_in_snapshot,,,[],"[""Porno_Actor""]","[""인물 / 직업 / 성인 / 포르노 배우""]"
portrait,snapshot_match,0,143570,[],"[""portrait""]","[""기본 / 초점 / 강조 / 초상화""]"
portugal,snapshot_match,0,62,[],"[""Portugal""]","[""기본 / 장소 / 국가 / 포르투갈""]"
portuguese_people,not_in_snapshot,,,[],"[""Portuguese_people""]","[""인물 / 인종 / 국가 / 포르투갈인""]"
pouncing,snapshot_match,0,337,[],"[""pouncing""]","[""행동 / 동사 / 동사 ㅈ / 누군가 강하게 점프하다""]"
pouring,snapshot_match,0,9007,[],"[""pouring""]","[""행동 / 동사 / 동사 ㅁ / 누군가 물을 잔에 붓다""]"
power_fist,snapshot_match,0,519,[],"[""power_fist""]","[""동작 1 / 손 / 동작 / 손으로 주먹쥐다""]"
power_girl,snapshot_match,4,625,[],"[""Power_Girl""]","[""작품 / 캐릭터 / DC 코믹스 / 파워걸""]"
powerplant,not_in_snapshot,,,[],"[""powerplant""]","[""기본 / 장소 / 현장 / 발전소""]"
praying,snapshot_match,0,6087,[],"[""praying""]","[""행동 / 동사 / 동사 ㄱ / 누군가 기도하다""]"
pregnant,snapshot_match,0,13926,[],"[""pregnant""]","[""!섹스 / 섹스 / 설정 / 임신하다""]"
presenting,alias_candidate_unverified,,,"[""presenting_own_body""]","[""presenting""]","[""!섹스 / 섹스 / 상황 / 여자가 몸으로 유혹하다""]"
pretentious_face,not_in_snapshot,,,[],"[""pretentious_face""]","[""동작 1 / 얼굴 / 표정 / 잘난척한 표정""]"
priest,snapshot_match,0,3449,[],"[""priest""]","[""인물 / 직업 / 판타지 / 성직자""]"
priestess(goblin_slayer),not_in_snapshot,,,[],"[""Priestess(Goblin_Slayer)""]","[""작품 / 캐릭터 / 고블린 슬레이어 / 여신관""]"
princess_carry,snapshot_match,0,19547,[],"[""princess_carry""]","[""동작 1 / 몸 / 올리다 / 공주님 안기""]"
print,not_in_snapshot,,,[],"[""print""]","[""기본 / 배경 / 무늬 / 인쇄한 무늬""]"
print_hoodie,snapshot_match,0,2292,[],"[""print_hoodie""]","[""의상 / 상의 / 후드 / 인쇄한 후드""]"
prison,snapshot_match,0,1288,[],"[""prison""]","[""기본 / 장소 / 시설 / 감옥""]"
prison_cell,snapshot_match,0,1303,[],"[""prison_cell""]","[""기본 / 장소 / 시설 / 감방""]"
prisoner,snapshot_match,0,637,[],"[""prisoner""]","[""인물 / 직업 / 신분 / 죄인""]"
production_i.g,not_in_snapshot,,,[],"[""Production_I.G""]","[""작품 / 작품 / 제작 / Production I.G""]"
project_no.9_inc.,not_in_snapshot,,,[],"[""project_No.9_Inc.""]","[""작품 / 작품 / 제작 / Project No.9""]"
projectile_cum,snapshot_match,0,11985,[],"[""projectile_cum""]","[""!섹스 / 섹스 / 사정 / 정액을 뿌리듯이 사정한다""]"
prone_bone,snapshot_match,0,6603,[],"[""prone_bone""]","[""!섹스 / 섹스 / 체위 / 후배위(바닥에 엎드렸다)""]"
prostitution,snapshot_match,0,3901,[],"[""prostitution""]","[""!섹스 / 섹스 / 설정 / 매춘하다"", ""인물 / 직업 / 성인 / 매춘부""]"
prostration,snapshot_match,0,1127,[],"[""prostration""]","[""동작 1 / 몸 / 동작 / 네 발을 들고 복종하다""]"
protecting,snapshot_match,0,1482,[],"[""protecting""]","[""행동 / 동명사 / 동명사 ㅂ / 무엇을 보호하다""]"
psykos,not_in_snapshot,,,[],"[""Psykos""]","[""작품 / 캐릭터 / 원펀맨 / 사이코스""]"
public_indecency,snapshot_match,0,20012,[],"[""public_indecency""]","[""!섹스 / 섹스 / 상황 / 공공장소에서 외설행위를 한다""]"
public_masturbation,snapshot_match,0,609,[],"[""public_masturbation""]","[""!섹스 / 섹스 / 상황 / 공공장소에서 자위한다""]"
public_nudity,snapshot_match,0,5841,[],"[""public_nudity""]","[""!섹스 / 섹스 / 상황 / 공공장소에서 알몸을 노출하다""]"
public_use,snapshot_match,0,1614,[],"[""public_use""]","[""!섹스 / 섹스 / 상황 / 공공장소에서 몸을 굴리다""]"
public_vibrator,snapshot_match,0,844,[],"[""public_vibrator""]","[""!섹스 / 섹스 / 상황 / 공공장소에서 바이브를 사용하다""]"
puckered_lips,snapshot_match,0,7269,[],"[""Puckered_lips""]","[""동작 1 / 입 / 동작 / 입술을 오므리다""]"
puffy_nipples,snapshot_match,0,48593,[],"[""puffy_nipples""]","[""동작 1 / 가슴 / 애무하다 / 젖꼭지를 부풀리다""]"
pull_out,snapshot_match,0,374,[],"[""pull_out""]","[""!섹스 / 섹스 / 사정 / 정액을 보지 밖에 사정한다""]"
pulling,snapshot_match,0,3529,[],"[""pulling""]","[""행동 / 동명사 / 동명사 ㄷ / 무엇을 당기다""]"
pulling_off_legwear,not_in_snapshot,,,[],"[""pulling_off_legwear""]","[""동작 2 / 양말 / 행동 / 양말을 벗다""]"
pullover,not_in_snapshot,,,[],"[""pullover""]","[""의상 / 상의 / 스웨터 / 풀오버""]"
pumps,snapshot_match,0,10178,[],"[""pumps""]","[""의상 / 신발 / 신발 / 정장 신발""]"
punching,snapshot_match,0,11651,[],"[""punching""]","[""동작 1 / 손 / 때리다 / 주먹으로 때리다"", ""행동 / 동명사 / 동명사 ㄷ / 무엇을 때리다""]"
punchline,not_in_snapshot,,,[],"[""Punchline""]","[""작품 / 캐릭터 / DC 코믹스 / 펀치라인""]"
purple,not_in_snapshot,,,[],"[""Purple""]","[""기본 / 배경 / 컬러 / 보라색""]"
purple_eyes,snapshot_match,0,1200018,[],"[""purple_eyes""]","[""외모 / 눈 / 색깔 / 보라색 눈""]"
purple_hair,snapshot_match,0,915236,[],"[""purple hair""]","[""외모 / 머리카락 / 색깔 / 보라색 머리카락""]"
purple_hair_streak,not_in_snapshot,,,[],"[""Purple_hair_streak""]","[""외모 / 머리카락 / 스타일 / 보라색 브리지""]"
purple_lips,snapshot_match,0,12480,[],"[""purple lips""]","[""외모 / 입 / 색깔 / 보라색 입술""]"
purple_tongue,snapshot_match,0,2562,[],"[""purple tongue""]","[""외모 / 입 / 색깔 / 보라색 혀""]"
pursed_lips,snapshot_match,0,2012,[],"[""Pursed_lips""]","[""동작 1 / 입 / 동작 / 입술을 내밀다""]"
pushing,snapshot_match,0,1846,[],"[""pushing""]","[""행동 / 동명사 / 동명사 ㅎ / 무엇을 한쪽으로 밀다""]"
pussy_juice_drip_through_clothes,snapshot_match,0,2132,[],"[""pussy_juice_drip_through_clothes""]","[""!섹스 / 보지 / 특징 / 애액이 옷 위로 스며들다""]"
pussy_juice_puddle,snapshot_match,0,3366,[],"[""pussy_juice_puddle""]","[""!섹스 / 보지 / 특징 / 애액이 고였다""]"
pussy_juice_trail,snapshot_match,0,7194,[],"[""pussy_juice_trail""]","[""!섹스 / 보지 / 특징 / 애액이 실처럼 늘어진다""]"
pussy_peek,snapshot_match,0,8836,[],"[""pussy_peek""]","[""!섹스 / 섹스 / 보지 / 보지를 노출하다""]"
putting_on_condom,snapshot_match,0,90,[],"[""putting_on_condom""]","[""!섹스 / 섹스 / 콘돔 / 콘돔을 끼다""]"
putting_on_headwear,snapshot_match,0,459,[],"[""putting_on_headwear""]","[""동작 2 / 모자 / 행동 / 모자를 씌우다""]"
putting_on_legwear,snapshot_match,0,346,[],"[""putting_on_legwear""]","[""동작 2 / 양말 / 행동 / 양말을 입다""]"
q_suzie_q,not_in_snapshot,,,[],"[""Q_Suzie_Q""]","[""작품 / 캐릭터 / 죠죠의 기묘한 모험 / 수지""]"
qin_liangyu,not_in_snapshot,,,[],"[""Qin_Liangyu""]","[""작품 / 캐릭터 / Fate/Grand order / 진양옥""]"
quad_braids,snapshot_match,0,1137,[],"[""quad_braids""]","[""외모 / 머리카락 / 스타일 / 퀴드 브레이드""]"
quad_tails,snapshot_match,0,7879,[],"[""quad_tails""]","[""외모 / 머리카락 / 스타일 / 퀴드 테일""]"
quadruple_wielding,snapshot_match,0,230,[],"[""quadruple_wielding""]","[""동작 1 / 손 / 들다 / 양손에 네 개를 휘두르다""]"
quadruplets,snapshot_match,0,63,[],"[""quadruplets""]","[""인물 / 인물 / 위치 / 네 쌍둥이""]"
queen,snapshot_match,0,939,[],"[""queen""]","[""인물 / 직업 / 신분 / 여왕""]"
queen_medb,not_in_snapshot,,,[],"[""Queen_Medb""]","[""작품 / 캐릭터 / Fate/Grand order / 메이브""]"
queen_medb_(swimsuit_saber),not_in_snapshot,,,[],"[""Queen_Medb_(Swimsuit_Saber)""]","[""작품 / 캐릭터 / Fate/Grand order / 메이브 수영복""]"
queen_of_sheba,not_in_snapshot,,,[],"[""Queen_of_Sheba""]","[""작품 / 캐릭터 / Fate/Grand order / 시바의 여왕""]"
quetzalcoatl,not_in_snapshot,,,[],"[""Quetzalcoatl""]","[""작품 / 캐릭터 / Fate/Grand order / 케찰코아틀"", ""작품 / 캐릭터 / 코바야시네 메이드래곤 / 케찰코아틀 ""]"
quetzalcoatl_(samba/santa),not_in_snapshot,,,[],"[""Quetzalcoatl_(Samba/Santa)""]","[""작품 / 캐릭터 / Fate/Grand order / 케찰코아틀 산타""]"
quin_tails,not_in_snapshot,,,[],"[""quin_tails""]","[""외모 / 머리카락 / 스타일 / 퀸테일""]"
rabbit,snapshot_match,0,38650,[],"[""rabbit""]","[""인물 / 종족 / 동물 / 토끼""]"
rabbit_costume,snapshot_match,0,1495,[],"[""rabbit_costume""]","[""의상 / 의상 / 코스튬 / 토끼 코스튬""]"
rabbit_ears,snapshot_match,0,326172,[],"[""rabbit_ears""]","[""외모 / 귀 / 모양 / 토끼 귀""]"
rabbit_furry,not_in_snapshot,,,[],"[""rabbit_furry""]","[""인물 / 종족 / 퍼리 / 토끼 수인""]"
rabbit_human,not_in_snapshot,,,[],"[""rabbit_human""]","[""인물 / 종족 / 수인 / 토끼 인간""]"
rabbit_tail,snapshot_match,0,87565,[],"[""rabbit_tail""]","[""체형 / 꼬리 / 종류 / 토끼 꼬리""]"
raccoon,snapshot_match,0,2201,[],"[""raccoon""]","[""인물 / 종족 / 동물 / 너구리""]"
raccoon_costume,snapshot_match,0,105,[],"[""raccoon_costume""]","[""의상 / 의상 / 코스튬 / 너구리 코스튬""]"
raccoon_ears,snapshot_match,0,20502,[],"[""raccoon_ears""]","[""외모 / 귀 / 모양 / 너구리 귀""]"
raccoon_furry,not_in_snapshot,,,[],"[""raccoon_furry""]","[""인물 / 종족 / 퍼리 / 너구리 수인""]"
raccoon_human,not_in_snapshot,,,[],"[""raccoon_human""]","[""인물 / 종족 / 수인 / 너구리 인간""]"
racing_gloves,not_in_snapshot,,,[],"[""racing_gloves""]","[""장신구 / 손 장식 / 장갑 / 레이싱 글러브""]"
racing_suit,snapshot_match,0,1214,[],"[""racing_suit""]","[""의상 / 의상 / 슈트 / 레이싱 슈트""]"
ragdoll,snapshot_match,0,62,[],"[""Ragdoll""]","[""작품 / 캐릭터 / 나의 히어로 아카데미아 / 렉돌""]"
ragyō_kiryūin,not_in_snapshot,,,[],"[""Ragyō_Kiryūin""]","[""작품 / 캐릭터 / 킬 라 킬 / 키류인 라교""]"
railroad_crossing,snapshot_match,0,1135,[],"[""railroad_crossing""]","[""기본 / 장소 / 이동 / 교차로""]"
railroad_tracks,snapshot_match,0,3591,[],"[""railroad_tracks""]","[""기본 / 장소 / 이동 / 철도 선로""]"
rainbow,snapshot_match,0,13855,[],"[""rainbow""]","[""기본 / 배경 / 무늬 / 무지개 무늬"", ""기본 / 배경 / 컬러 / 무지개색""]"
rainbow_hair,snapshot_match,0,2430,[],"[""rainbow hair""]","[""외모 / 머리카락 / 색깔 / 무지개색 머리카락""]"
rainbow_hair_streak,not_in_snapshot,,,[],"[""rainbow_hair_streak""]","[""외모 / 머리카락 / 스타일 / 무지개색 브리지""]"
raincoat,snapshot_match,0,6479,[],"[""raincoat""]","[""의상 / 상의 / 코트 / 우비""]"
raised_fist,snapshot_match,0,2830,[],"[""raised_fist""]","[""동작 1 / 손 / 동작 / 손을 뻗다""]"
rakshata_chawla,snapshot_match,4,52,[],"[""Rakshata_Chawla""]","[""작품 / 캐릭터 / 코드 기어스 / 락샤타 챠우라""]"
rakudai_kishi_no_cavalry,snapshot_match,3,454,[],"[""Rakudai_Kishi_no_Cavalry""]","[""작품 / 작품 / 목록 / 낙제기사의 영웅담""]"
rangiku_matsumoto,not_in_snapshot,,,[],"[""Rangiku_Matsumoto""]","[""작품 / 캐릭터 / 블리치 / 마츠모토 란기쿠""]"
rape,snapshot_match,0,47772,[],"[""rape""]","[""!섹스 / 섹스 / 설정 / 강간하다""]"
raphtalia,snapshot_match,4,2910,[],"[""Raphtalia""]","[""작품 / 캐릭터 / 방패용사 성공담 / 라프타리아""]"
rapidpunches,not_in_snapshot,,,[],"[""rapidpunches""]","[""행동 / 동명사 / 동명사 ㄷ / 무엇을 때리다 빠르게""]"
rappelling,snapshot_match,0,152,[],"[""rappelling""]","[""행동 / 동사 / 동사 ㄹ / 누군가 로프를 타고 내려온다""]"
rash_guard_(swim_shirt),not_in_snapshot,,,[],"[""rash_guard_(swim_shirt)""]","[""의상 / 의상 / 수영복 / 레쉬 가드""]"
ravel_phoenix,not_in_snapshot,,,[],"[""Ravel_Phoenix""]","[""작품 / 캐릭터 / 하이스쿨 dxd / 레이벨 피닉스""]"
raven,not_in_snapshot,,,[],"[""Raven""]","[""작품 / 캐릭터 / DC 코믹스 / 레이븐""]"
reach-around,snapshot_match,0,4722,[],"[""reach-around""]","[""!섹스 / 섹스 / 애무 / 손으로 뒤에서 잡는다""]"
reaching,snapshot_match,0,49791,[],"[""reaching""]","[""동작 1 / 손가락 / 동작 / 손가락을 뻗다"", ""행동 / 동사 / 동사 ㅎ / 누군가 하강하다""]"
reaching_out,alias_candidate_unverified,,,"[""reaching_towards_viewer""]","[""reaching_out""]","[""동작 1 / 손 / 손짓하다 / 화면 밖을 향해 손짓하다""]"
reading,snapshot_match,0,23807,[],"[""reading""]","[""행동 / 동사 / 동사 ㅊ / 누군가 책을 읽다""]"
realistic,snapshot_match,0,32673,[],"[""realistic""]","[""기본 / 작화 / 화풍 / 실사체""]"
rear_naked_choke,snapshot_match,0,701,[],"[""rear_naked_choke""]","[""동작 1 / 팔 / 잡는다 / 강제로 등 뒤에서 목을 조르다""]"
rebecca(one_piece),not_in_snapshot,,,[],"[""Rebecca(One_Piece)""]","[""작품 / 캐릭터 / 원피스 / 레베카""]"
reclining,snapshot_match,0,11141,[],"[""reclining""]","[""동작 1 / 몸 / 기대다 / 기대다""]"
rectangular_eyewear,snapshot_match,0,10943,[],"[""rectangular_eyewear""]","[""장신구 / 얼굴 장식 / 안경 / 직사각형 안경""]"
red,not_in_snapshot,,,[],"[""Red""]","[""기본 / 배경 / 컬러 / 빨강색""]"
red_eyes,snapshot_match,0,1778194,[],"[""red_eyes""]","[""외모 / 눈 / 색깔 / 빨강색 눈""]"
red_hair,snapshot_match,0,735876,[],"[""red hair""]","[""외모 / 머리카락 / 색깔 / 빨강색 머리카락""]"
red_hair_streak,not_in_snapshot,,,[],"[""Red_hair_streak""]","[""외모 / 머리카락 / 스타일 / 빨강색 브리지""]"
red_lips,snapshot_match,0,40179,[],"[""red lips""]","[""외모 / 입 / 색깔 / 빨강색 입술""]"
red_tongue,snapshot_match,0,51,[],"[""red tongue""]","[""외모 / 입 / 색깔 / 빨강색 혀""]"
refinery,not_in_snapshot,,,[],"[""refinery""]","[""기본 / 장소 / 현장 / 정련소""]"
reggae,not_in_snapshot,,,[],"[""Reggae""]","[""기본 / 테마 / 음악 / 레게""]"
rei_ayanami,not_in_snapshot,,,[],"[""Rei_Ayanami""]","[""작품 / 캐릭터 / 에반게리온 / 아야나미 레이""]"
rei_miyamoto,not_in_snapshot,,,[],"[""Rei_Miyamoto""]","[""작품 / 캐릭터 / 하이스쿨 오브 더 데드 / 미야모토 레이""]"
rei_todoroki,not_in_snapshot,,,[],"[""Rei_Todoroki""]","[""작품 / 캐릭터 / 나의 히어로 아카데미아 / 토도로키 레이""]"
reiko_yanagi,not_in_snapshot,,,[],"[""Reiko_Yanagi""]","[""작품 / 캐릭터 / 나의 히어로 아카데미아 / 야나기 레이코""]"
reina_akatsuki,not_in_snapshot,,,[],"[""Reina_Akatsuki""]","[""작품 / 캐릭터 / 스트라이크 더 블러드 / 아카츠키 레이나""]"
reloading,snapshot_match,0,1061,[],"[""reloading""]","[""행동 / 동사 / 동사 ㅊ / 누군가 총을 재장전하다""]"
remote_control_vibrator,snapshot_match,0,12290,[],"[""remote_control_vibrator""]","[""!섹스 / 도구 / 자위 / 원격 제어 바이브레이터""]"
removing_eyewear,snapshot_match,0,964,[],"[""removing_eyewear""]","[""동작 2 / 안경 / 행동 / 안경을 벗다""]"
removing_legwear,not_in_snapshot,,,[],"[""removing_legwear""]","[""동작 2 / 양말 / 행동 / 양말을 벗었다""]"
removing_mask,snapshot_match,0,447,[],"[""removing_mask""]","[""동작 2 / 마스크 / 행동 / 마스크를 벗다""]"
renaissance,snapshot_match,0,81,[],"[""Renaissance""]","[""기본 / 테마 / 미술 / 르네상스""]"
renner_theiere_chardelon_ryle_vaiself,not_in_snapshot,,,[],"[""Renner_Theiere_Chardelon_Ryle_Vaiself""]","[""작품 / 캐릭터 / 오버로드 / 라나 티엘 샬드론 라일 바이셀프""]"
repairing,snapshot_match,0,381,[],"[""repairing""]","[""행동 / 동명사 / 동명사 ㄱ / 무엇을 고치다""]"
resisting,snapshot_match,0,134,[],"[""resisting""]","[""행동 / 동사 / 동사 ㅁ / 누군가 매우 저항하다""]"
restaurant,snapshot_match,0,5391,[],"[""restaurant""]","[""기본 / 장소 / 가게 / 레스토랑""]"
resting,snapshot_match,0,768,[],"[""resting""]","[""행동 / 동사 / 동사 ㅎ / 누군가 휴식하다""]"
retsu_unohana,not_in_snapshot,,,[],"[""Retsu_Unohana""]","[""작품 / 캐릭터 / 블리치 / 우노하나 레츠""]"
revealing_clothes,snapshot_match,0,71011,[],"[""revealing_clothes""]","[""의상 / 의상 / 특징 / 옷의 노출이 심하다""]"
revenge_porn,not_in_snapshot,,,[],"[""Revenge_Porn""]","[""기본 / 테마 / 포르노 / 리벤지 포르노 ""]"
reverse_cowgirl_position,snapshot_match,0,12291,[],"[""reverse_cowgirl_position""]","[""!섹스 / 섹스 / 체위 / 역 기승위""]"
reverse_doggy_sex_position,not_in_snapshot,,,[],"[""reverse_doggy_sex_position""]","[""!섹스 / 섹스 / 체위 / 역 후배위""]"
reverse_missionary,not_in_snapshot,,,[],"[""reverse_missionary""]","[""!섹스 / 섹스 / 체위 / 역 정상위""]"
reverse_rape,not_in_snapshot,,,[],"[""reverse_rape""]","[""!섹스 / 섹스 / 설정 / 역강간하다""]"
reverse_spitroast,snapshot_match,0,1198,[],"[""reverse_spitroast""]","[""!섹스 / 섹스 / 상황 / 여자가 남자 주위로 모였다""]"
reverse_standing_position,not_in_snapshot,,,[],"[""reverse_standing_position""]","[""!섹스 / 섹스 / 체위 / 역 입위""]"
reverse_suspended_congress,snapshot_match,0,9168,[],"[""reverse_suspended_congress""]","[""!섹스 / 섹스 / 체위 / 입위(여자의 들어 매단다)""]"
reverse_upright_straddle',not_in_snapshot,,,[],"[""reverse_upright_straddle'""]","[""!섹스 / 섹스 / 체위 / 역 좌위""]"
revis,not_in_snapshot,,,[],"[""Revis""]","[""작품 / 캐릭터 / 던전에서 만남을 추구하면 안 되는 걸까? / 레비스""]"
revy(black_lagoon),not_in_snapshot,,,[],"[""Revy(Black_Lagoon)""]","[""작품 / 캐릭터 / 블랙 라군 / 레비""]"
rias_gremory,snapshot_match,4,1752,[],"[""Rias_Gremory""]","[""작품 / 캐릭터 / 하이스쿨 dxd / 리아스 그레모리""]"
ribbed_sweater,snapshot_match,0,48293,[],"[""ribbed_sweater""]","[""의상 / 상의 / 스웨터 / 선 그인 스웨터""]"
ribbon-trimmed_dress,snapshot_match,0,3005,[],"[""ribbon-trimmed_dress""]","[""의상 / 의상 / 드레스 / 리본 장식 드레스""]"
ribbon-trimmed_legwear,not_in_snapshot,,,[],"[""ribbon-trimmed_legwear""]","[""의상 / 속옷 / 양말 / 리본 장식 다린 양말""]"
ribbon_choker,snapshot_match,0,16435,[],"[""ribbon_choker""]","[""장신구 / 목 장식 / 넥타이 / 리본 쵸커""]"
ribbon_legwear,snapshot_match,0,335,[],"[""ribbon_legwear""]","[""의상 / 속옷 / 양말 / 리본이 달린 양말""]"
rice_hat,snapshot_match,0,1575,[],"[""rice_hat""]","[""장신구 / 머리 장식 / 모자 / 밀짚모자(도사)""]"
rice_paddy,snapshot_match,0,1189,[],"[""rice_paddy""]","[""기본 / 장소 / 현장 / 쌀밭""]"
riding,snapshot_match,0,23476,[],"[""riding""]","[""행동 / 동명사 / 동명사 ㅌ / 무엇을 타다""]"
riding_machine,snapshot_match,0,106,[],"[""riding_machine""]","[""!섹스 / 도구 / 자위 / 승마 기계""]"
right-to-left_comic,snapshot_match,0,1625,[],"[""right-to-left_comic""]","[""기본 / 연출 / 컷 / 오른쪽에서 왼쪽 컷 진행""]"
rika_minami,not_in_snapshot,,,[],"[""Rika_Minami""]","[""작품 / 캐릭터 / 하이스쿨 오브 더 데드 / 미나미 리카""]"
rika_shiguma,not_in_snapshot,,,[],"[""Rika_Shiguma""]","[""작품 / 캐릭터 / 나는 친구가 적다 / 시구마 리카 ""]"
rimless_eyewear,snapshot_match,0,11981,[],"[""rimless_eyewear""]","[""장신구 / 얼굴 장식 / 안경 / 안경테가 없는 안경""]"
rin(inuyasha),not_in_snapshot,,,[],"[""Rin(InuYasha)""]","[""작품 / 캐릭터 / 이누야샤 / 린""]"
rin(yu_gi_oh),not_in_snapshot,,,[],"[""Rin(Yu_Gi_Oh)""]","[""작품 / 캐릭터 / 유희왕 시리즈 / 린""]"
rin_nohara,not_in_snapshot,,,[],"[""Rin_Nohara""]","[""작품 / 캐릭터 / 나루토 / 노하라 린""]"
rin_tohsaka_(fate/stay_night),not_in_snapshot,,,[],"[""Rin_Tohsaka_(Fate/stay_night)""]","[""작품 / 캐릭터 / Fate/stay night / 토오사카 린 ""]"
rindō_kobayashi,not_in_snapshot,,,[],"[""Rindō_Kobayashi""]","[""작품 / 캐릭터 / 식극의 소마 / 코바야시 린도 ""]"
ring_gag,snapshot_match,0,1815,[],"[""ring_gag""]","[""!섹스 / 도구 / 개그 / 고리형 개그""]"
rip_van_winkle,not_in_snapshot,,,[],"[""Rip_Van_Winkle""]","[""작품 / 캐릭터 / 헬싱 / 립 반 윙클""]"
ripping,snapshot_match,0,479,[],"[""ripping""]","[""행동 / 동명사 / 동명사 ㅈ / 무엇을 찢다""]"
riruka_dokugamine,not_in_snapshot,,,[],"[""Riruka_Dokugamine""]","[""작품 / 캐릭터 / 블리치 / 도쿠가미네 리루카""]"
ritsuko_akagi,not_in_snapshot,,,[],"[""Ritsuko_Akagi""]","[""작품 / 캐릭터 / 에반게리온 / 아카기 리츠코""]"
river,snapshot_match,0,10895,[],"[""river""]","[""기본 / 장소 / 자연 / 강""]"
riveria_ljos_alf,snapshot_match,4,94,[],"[""Riveria_Ljos_Alf""]","[""작품 / 캐릭터 / 던전에서 만남을 추구하면 안 되는 걸까? / 리베리아 리요스 알브""]"
riza_hawkeye,snapshot_match,4,998,[],"[""Riza_Hawkeye""]","[""작품 / 캐릭터 / 강철의 연금술사 / 리자 호크아이""]"
rize_kamishiro,not_in_snapshot,,,[],"[""Rize_Kamishiro""]","[""작품 / 캐릭터 / 도쿄 구울 / 카미시로 리제""]"
road,snapshot_match,0,24182,[],"[""road""]","[""기본 / 장소 / 이동 / 도로""]"
roaring,snapshot_match,0,571,[],"[""roaring""]","[""행동 / 동사 / 동사 ㅇ / 누구를 위협하다""]"
roasting,snapshot_match,0,276,[],"[""roasting""]","[""행동 / 동사 / 동사 ㅇ / 누군가 음식을 데우다""]"
robe,snapshot_match,0,68300,[],"[""robe""]","[""의상 / 상의 / 겉옷 / 로브""]"
robe_slip,snapshot_match,0,54,[],"[""robe_slip""]","[""동작 2 / 상의 / 행동 / 가운을 옆으로 넘겼다""]"
roberta(black_lagoon),not_in_snapshot,,,[],"[""Roberta(Black_Lagoon)""]","[""작품 / 캐릭터 / 블랙 라군 / 로베르타""]"
rock,snapshot_match,0,37419,[],"[""Rock""]","[""기본 / 테마 / 음악 / 록""]"
rock_and_roll,not_in_snapshot,,,[],"[""Rock_and_roll""]","[""기본 / 테마 / 음악 / 로큰롤""]"
rococo,alias_candidate_unverified,,,"[""toeri_(rococo)""]","[""Rococo""]","[""기본 / 테마 / 미술 / 로코코""]"
rogue,not_in_snapshot,,,[],"[""Rogue""]","[""작품 / 캐릭터 / 마블 코믹스 / 로그""]"
roller_coaster,snapshot_match,0,755,[],"[""roller_coaster""]","[""기본 / 장소 / 유흥 / 롤러코스터""]"
rolling,snapshot_match,0,847,[],"[""rolling""]","[""행동 / 동명사 / 동명사 ㄱ / 무엇을 굴리며 이동하다""]"
roma_hoito,not_in_snapshot,,,[],"[""Roma_Hoito""]","[""작품 / 캐릭터 / 도쿄 구울 / 호이토 로마""]"
romance_fantasy,not_in_snapshot,,,[],"[""Romance_Fantasy""]","[""기본 / 테마 / 장르 / 로맨스 판타지""]"
romania,not_in_snapshot,,,[],"[""Romania""]","[""기본 / 장소 / 국가 / 루마니아""]"
romanian_people,not_in_snapshot,,,[],"[""Romanian_people""]","[""인물 / 인종 / 국가 / 루마니아인""]"
romanticism,not_in_snapshot,,,[],"[""Romanticism""]","[""기본 / 테마 / 미술 / 낭만주의""]"
rooftop,snapshot_match,0,6356,[],"[""rooftop""]","[""기본 / 장소 / 시설 / 건물 옥상""]"
rope_bridge,snapshot_match,0,86,[],"[""rope_bridge""]","[""기본 / 장소 / 이동 / 밧줄 다리""]"
rose_wilson,not_in_snapshot,,,[],"[""Rose_Wilson""]","[""작품 / 캐릭터 / DC 코믹스 / 로즈 윌슨""]"
rouge=(makeup),placeholder_review,,,[],"[""rouge=(makeup)""]","[""동작 1 / 얼굴 / 화장하다 / 뺨(볼)을 화장하다""]"
round_elbow,not_in_snapshot,,,[],"[""round_elbow""]","[""체형 / 팔 / 모양 / 팔꿈치가 둥글다""]"
round_eyewear,snapshot_match,0,77676,[],"[""round_eyewear""]","[""장신구 / 얼굴 장식 / 안경 / 둥근 모양 안경""]"
round_face,not_in_snapshot,,,[],"[""round_face""]","[""외모 / 얼굴 / 모양 / 얼굴이 타원형이다""]"
rubber_boots,snapshot_match,0,5148,[],"[""rubber_boots""]","[""의상 / 신발 / 부츠 / 고무 장화""]"
rubber_gloves,snapshot_match,0,1766,[],"[""rubber_gloves""]","[""장신구 / 손 장식 / 장갑 / 고무 장갑""]"
rubbing,snapshot_match,0,815,[],"[""rubbing""]","[""!섹스 / 섹스 / 상황 / 여자가 몸으로 마찰하다""]"
ruins,snapshot_match,0,15032,[],"[""ruins""]","[""기본 / 장소 / 시설 / 유적""]"
rukia_kuchiki,not_in_snapshot,,,[],"[""Rukia_Kuchiki""]","[""작품 / 캐릭터 / 블리치 / 쿠치키 루키아""]"
running,snapshot_match,0,45011,[],"[""running""]","[""동작 1 / 몸 / 동작 / 두 발로 달리다"", ""행동 / 동사 / 동사 ㄷ / 누군가 도주하다""]"
running_track,snapshot_match,0,1627,[],"[""running_track""]","[""기본 / 장소 / 운동 / 육상경기장""]"
running_uniform,not_in_snapshot,,,[],"[""running_uniform""]","[""의상 / 의상 / 운동복 / 육상복""]"
runway,snapshot_match,0,286,[],"[""runway""]","[""기본 / 장소 / 이동 / 활주로""]"
rural,snapshot_match,0,1322,[],"[""rural""]","[""기본 / 장소 / 시설 / 시골""]"
russia,snapshot_match,0,831,[],"[""Russia""]","[""기본 / 장소 / 국가 / 러시아""]"
russian_people_of_russia,not_in_snapshot,,,[],"[""Russian_people_of_Russia""]","[""인물 / 인종 / 국가 / 러시아인""]"
ryona,snapshot_match,0,3635,[],"[""Ryona""]","[""!섹스 / 섹스 / 설정 / 괴롭히다""]"
ryouko_fueguchi,not_in_snapshot,,,[],"[""Ryouko_Fueguchi""]","[""작품 / 캐릭터 / 도쿄 구울 / 후에구치 류코""]"
ryukyu,not_in_snapshot,,,[],"[""Ryukyu""]","[""작품 / 캐릭터 / 나의 히어로 아카데미아 / 류쿠""]"
ryuu_lion,not_in_snapshot,,,[],"[""Ryuu_Lion""]","[""작품 / 캐릭터 / 던전에서 만남을 추구하면 안 되는 걸까? / 류 리온""]"
ryōgi_shiki_(assassin),not_in_snapshot,,,[],"[""Ryōgi_Shiki_(Assassin)""]","[""작품 / 캐릭터 / Fate/Grand order / 료우기 시키""]"
ryōgi_shiki_(saber),not_in_snapshot,,,[],"[""Ryōgi_Shiki_(Saber)""]","[""작품 / 캐릭터 / Fate/Grand order / 료우기 시키 기모노""]"
ryōko_sakaki,not_in_snapshot,,,[],"[""Ryōko_Sakaki""]","[""작품 / 캐릭터 / 식극의 소마 / 사사키 료코 ""]"
ryūko_matoi,not_in_snapshot,,,[],"[""Ryūko_Matoi""]","[""작품 / 캐릭터 / 킬 라 킬 / 마토이 류코""]"
sabotaged_condom,snapshot_match,0,266,[],"[""sabotaged_condom""]","[""!섹스 / 섹스 / 콘돔 / 콘돔이 찢었다""]"
sacred_face,not_in_snapshot,,,[],"[""sacred_face""]","[""동작 1 / 얼굴 / 표정 / 신성한 표정""]"
sad_face,not_in_snapshot,,,[],"[""Sad_face""]","[""동작 1 / 얼굴 / 표정 / 슬픈 표정""]"
sadism,snapshot_match,0,1807,[],"[""sadism""]","[""!섹스 / 섹스 / 설정 / 학대받다""]"
saeko_busujima,not_in_snapshot,,,[],"[""Saeko_Busujima""]","[""작품 / 캐릭터 / 하이스쿨 오브 더 데드 / 부스지마 사에코""]"
safari_jacket,snapshot_match,0,477,[],"[""safari_jacket""]","[""의상 / 상의 / 재킷 / 사파리 재킷""]"
safety_glasses,snapshot_match,0,1210,[],"[""safety_glasses""]","[""장신구 / 얼굴 장식 / 안경 / 보호 안결""]"
safety_gloves,not_in_snapshot,,,[],"[""safety_gloves""]","[""장신구 / 손 장식 / 장갑 / 안전 장갑""]"
sagging_breasts,snapshot_match,0,10140,[],"[""sagging_breasts""]","[""체형 / 가슴 / 특징 / 가슴이 늘어졌다""]"
sagging_testicles,snapshot_match,0,391,[],"[""sagging_testicles""]","[""!섹스 / 자지 / 특징 / 고환이 늘어졌다""]"
saiko_yonebayashi,not_in_snapshot,,,[],"[""Saiko_Yonebayashi""]","[""작품 / 캐릭터 / 도쿄 구울 / 요네바야시 사이코""]"
sailor,snapshot_match,0,6688,[],"[""sailor""]","[""인물 / 직업 / 전문 / 선원""]"
sailor_(naval_uniform),not_in_snapshot,,,[],"[""sailor_(naval_uniform)""]","[""의상 / 의상 / 제복 / 선원복""]"
sailor_hat,snapshot_match,0,22616,[],"[""sailor_hat""]","[""장신구 / 머리 장식 / 모자 / 선원 모자""]"
sakura_haruno,not_in_snapshot,,,[],"[""Sakura_Haruno""]","[""작품 / 캐릭터 / 나루토 / 하루노 사쿠라""]"
sakura_matou_(fate/stay_night),not_in_snapshot,,,[],"[""Sakura_Matou_(Fate/stay_night)""]","[""작품 / 캐릭터 / Fate/stay night / 마토 사쿠라 ""]"
salaryman,snapshot_match,0,2260,[],"[""salaryman""]","[""인물 / 직업 / 일반 / 회사원(남성)""]"
salome,not_in_snapshot,,,[],"[""Salome""]","[""작품 / 캐릭터 / Fate/Grand order / 살로메""]"
salon,not_in_snapshot,,,[],"[""salon""]","[""기본 / 장소 / 가게 / 샬롱""]"
salute,snapshot_match,0,20839,[],"[""salute""]","[""동작 1 / 손 / 동작 / 손으로 경례한다"", ""동작 1 / 손가락 / 동작 / 손가락으로 경례하다""]"
samui,not_in_snapshot,,,[],"[""Samui""]","[""작품 / 캐릭터 / 나루토 / 사무이""]"
samurai,snapshot_match,0,3891,[],"[""samurai""]","[""인물 / 직업 / 판타지 / 사무라이""]"
sandals,snapshot_match,0,152055,[],"[""sandals""]","[""의상 / 신발 / 샌들 / 샌들""]"
sango(inuyasha),not_in_snapshot,,,[],"[""Sango(InuYasha)""]","[""작품 / 캐릭터 / 이누야샤 / 산고""]"
sanjouno_haruhime,snapshot_match,4,138,[],"[""Sanjouno_Haruhime""]","[""작품 / 캐릭터 / 던전에서 만남을 추구하면 안 되는 걸까? / 산죠노 하루히메""]"
santa_costume,snapshot_match,0,45420,[],"[""santa_costume""]","[""의상 / 의상 / 코스튬 / 산타 복장""]"
santa_dress,snapshot_match,0,9397,[],"[""santa_dress""]","[""의상 / 의상 / 코스튬 / 산타 드레스""]"
santa_hat,snapshot_match,0,48709,[],"[""santa_hat""]","[""장신구 / 머리 장식 / 모자 / 산타""]"
sanzigen_inc.,not_in_snapshot,,,[],"[""SANZIGEN_Inc.""]","[""작품 / 작품 / 제작 / 산지겐""]"
sarashi,snapshot_match,0,34365,[],"[""sarashi""]","[""의상 / 의상 / 복장 / 사라시""]"
sarutobi_ayame,snapshot_match,4,159,[],"[""Sarutobi_Ayame""]","[""작품 / 캐릭터 / 은혼 / 사루토비 아야메""]"
sasamiya_saya,not_in_snapshot,,,[],"[""Sasamiya_Saya""]","[""작품 / 캐릭터 / 학전도시 아스터리스크 / 사사미야 사야""]"
sasha_braus,alias_candidate_unverified,,,"[""sasha_blouse""]","[""Sasha_Braus""]","[""작품 / 캐릭터 / 진격의 거인 / 사샤 브라우스""]"
sasha_kreutzev,not_in_snapshot,,,[],"[""Sasha_Kreutzev""]","[""작품 / 캐릭터 / 어떤 마술과학의 시리즈 / 사샤 크로이체프""]"
satelight_inc.,not_in_snapshot,,,[],"[""SATELIGHT_Inc.""]","[""작품 / 작품 / 제작 / SATELIGHT""]"
satsuki_kiryūin,not_in_snapshot,,,[],"[""Satsuki_Kiryūin""]","[""작품 / 캐릭터 / 킬 라 킬 / 키류인 사츠키""]"
saturday_night_fever,snapshot_match,3,472,[],"[""saturday_night_fever""]","[""동작 1 / 손가락 / 가리키다 / 손가락으로 높이 가리키다""]"
savannah,snapshot_match,0,381,[],"[""savannah""]","[""기본 / 장소 / 자연 / 사바나""]"
saya_takagi,not_in_snapshot,,,[],"[""Saya_Takagi""]","[""작품 / 캐릭터 / 하이스쿨 오브 더 데드 / 타카기 사야""]"
sayaka_kirasaka,not_in_snapshot,,,[],"[""Sayaka_Kirasaka""]","[""작품 / 캐릭터 / 스트라이크 더 블러드 / 키라사카 사야카""]"
sayaka_maizono,not_in_snapshot,,,[],"[""Sayaka_Maizono""]","[""작품 / 캐릭터 / 단간론파 / 마이조노 사야카""]"
scanty_daemon,not_in_snapshot,,,[],"[""Scanty_Daemon""]","[""작품 / 캐릭터 / 팬티&스타킹 / 스캔티 데이먼""]"
scarf,snapshot_match,0,282943,[],"[""scarf""]","[""장신구 / 목 장식 / 넥타이 / 스카프""]"
scarftying,not_in_snapshot,,,[],"[""scarftying""]","[""행동 / 동사 / 동사 ㅁ / 누군가 매다 목도리를 매다""]"
scarlet_witch,snapshot_match,4,531,[],"[""Scarlet_Witch""]","[""작품 / 캐릭터 / 마블 코믹스 / 스칼렛 위치""]"
scary_face,not_in_snapshot,,,[],"[""Scary_face""]","[""동작 1 / 얼굴 / 표정 / 무서운 표정""]"
scheherazade,not_in_snapshot,,,[],"[""Scheherazade""]","[""작품 / 캐릭터 / Fate/Grand order / 셰헤라자데"", ""작품 / 캐릭터 / 마기 / 셰헤라자데""]"
school,snapshot_match,0,8913,[],"[""school""]","[""기본 / 장소 / 시설 / 학교""]"
school_nurse,snapshot_match,0,441,[],"[""school_nurse""]","[""인물 / 직업 / 교육 / 보건 교사""]"
school_swimsuit,snapshot_match,0,75826,[],"[""school_swimsuit""]","[""의상 / 의상 / 수영복 / 학생용 수영복""]"
school_uniform,snapshot_match,0,1056599,[],"[""school_uniform""]","[""의상 / 의상 / 제복 / 교복""]"
science_teacher,not_in_snapshot,,,[],"[""science_teacher""]","[""인물 / 직업 / 교육 / 과학 교사""]"
scientist,snapshot_match,0,672,[],"[""scientist""]","[""인물 / 직업 / 과학 / 과학자""]"
scissored_cowgirl_position,not_in_snapshot,,,[],"[""scissored_cowgirl_position""]","[""!섹스 / 섹스 / 체위 / 교차 기승위""]"
scoffing_face,not_in_snapshot,,,[],"[""scoffing_face""]","[""동작 1 / 얼굴 / 표정 / 비웃는 표정""]"
sconstricted_pupils,not_in_snapshot,,,[],"[""sconstricted_pupils""]","[""외모 / 눈 / 모양 / 수축된 눈"", ""외모 / 눈 / 특징 / 눈이 수축된다""]"
scornful_face,not_in_snapshot,,,[],"[""scornful_face""]","[""동작 1 / 얼굴 / 표정 / 경멸한 표정""]"
scratching,snapshot_match,0,860,[],"[""scratching""]","[""행동 / 동명사 / 동명사 ㅅ / 무엇을 상처 입힌다""]"
screaming,snapshot_match,0,5689,[],"[""screaming""]","[""행동 / 동사 / 동사 ㅅ / 누군가 소리를 크게 낸다""]"
scáthach,not_in_snapshot,,,[],"[""Scáthach""]","[""작품 / 캐릭터 / Fate/Grand order / 스카사하""]"
scáthach-skaði,not_in_snapshot,,,[],"[""Scáthach-Skaði""]","[""작품 / 캐릭터 / Fate/Grand order / 스카디""]"
scáthach-skaði_(swimsuit_ruler),not_in_snapshot,,,[],"[""Scáthach-Skaði_(Swimsuit_Ruler)""]","[""작품 / 캐릭터 / Fate/Grand order / 스카디 수영복""]"
scáthach_(swimsuit_assassin),not_in_snapshot,,,[],"[""Scáthach_(Swimsuit_Assassin)""]","[""작품 / 캐릭터 / Fate/Grand order / 스카사하 수영복""]"
seamed_legwear,snapshot_match,0,4017,[],"[""seamed_legwear""]","[""의상 / 속옷 / 양말 / 선이 있는 양말""]"
searching,snapshot_match,0,467,[],"[""searching""]","[""행동 / 동사 / 동사 ㅈ / 누군가 주위를 둘러본다""]"
seduced_face,not_in_snapshot,,,[],"[""seduced_face""]","[""동작 1 / 얼굴 / 표정 / 유혹한 표정""]"
see-through,alias_candidate_unverified,,,"[""see-through_clothes""]","[""see-through""]","[""의상 / 의상 / 특징 / 옷이 비쳐 보인다""]"
see-through_dress,snapshot_match,0,9451,[],"[""see-through_dress""]","[""의상 / 의상 / 드레스 / 비쳐 보이는 드레스""]"
see-through_legwear,snapshot_match,0,3663,[],"[""see-through_legwear""]","[""의상 / 속옷 / 양말 / 비쳐 보이는 양말""]"
sei_shōnagon,not_in_snapshot,,,[],"[""Sei_Shōnagon""]","[""작품 / 캐릭터 / Fate/Grand order / 세이 쇼나곤""]"
sei_shōnagon_(swimsuit_berserker),not_in_snapshot,,,[],"[""Sei_Shōnagon_(Swimsuit_Berserker)""]","[""작품 / 캐릭터 / Fate/Grand order / 세이 쇼나곤 수영복""]"
seilah,not_in_snapshot,,,[],"[""Seilah""]","[""작품 / 캐릭터 / 페어리테일 / 세이라""]"
seitenshi,not_in_snapshot,,,[],"[""Seitenshi""]","[""작품 / 캐릭터 / 블랙 불릿 / 성천자""]"
seiza,snapshot_match,0,50178,[],"[""seiza""]","[""동작 1 / 몸 / 앉다 / 일본식으로 앉다""]"
self_anal_fisting,not_in_snapshot,,,[],"[""self_anal_fisting""]","[""!섹스 / 섹스 / 애무 / 주먹을 스스로 항문에 넣다""]"
self_breast_sucking,alias_candidate_unverified,,,"[""sucking_own_breasts""]","[""self_breast_sucking""]","[""동작 1 / 가슴 / 애무하다 / 내 가슴을 빨다""]"
self_fisting,snapshot_match,0,60,[],"[""self_fisting""]","[""!섹스 / 섹스 / 애무 / 주먹을 스스로 보지에 넣다""]"
semi-rimless_eyewear,snapshot_match,0,64887,[],"[""semi-rimless_eyewear""]","[""장신구 / 얼굴 장식 / 안경 / 안경테가 하단만 있는 안경""]"
semi_realistic,not_in_snapshot,,,[],"[""semi_realistic""]","[""기본 / 작화 / 화풍 / 빈실사체""]"
semiramis,not_in_snapshot,,,[],"[""Semiramis""]","[""작품 / 캐릭터 / Fate/Grand order / 세미라미스""]"
sen_no_rikyū,not_in_snapshot,,,[],"[""Sen_no_Rikyū""]","[""작품 / 캐릭터 / Fate/Grand order / 세노 리큐""]"
sena_kashiwazaki,not_in_snapshot,,,[],"[""Sena_Kashiwazaki""]","[""작품 / 캐릭터 / 나는 친구가 적다 / 카시와자키 세나 ""]"
separated_arms,alias_candidate_unverified,,,"[""arms_bound_apart""]","[""separated_arms""]","[""동작 1 / 몸 / 묶다 / 팔을 묶어 떨어뜨리다""]"
separated_legs,alias_candidate_unverified,,,"[""legs_bound_apart""]","[""separated_legs""]","[""동작 1 / 몸 / 묶다 / 다리를 묶어 떨어뜨리다""]"
separated_wrists,alias_candidate_unverified,,,"[""wrists_bound_apart""]","[""separated_wrists""]","[""동작 1 / 몸 / 묶다 / 손목을 묶어 떨어뜨리다""]"
septuplets,not_in_snapshot,,,[],"[""septuplets""]","[""인물 / 인물 / 위치 / 일곱 쌍둥이""]"
serafuku_(sailor_uniform),not_in_snapshot,,,[],"[""serafuku_(sailor_uniform)""]","[""의상 / 의상 / 제복 / 세일러복""]"
seras_victoria,snapshot_match,4,523,[],"[""Seras_Victoria""]","[""작품 / 캐릭터 / 헬싱 / 세라스 빅토리아""]"
serena(yu_gi_oh),not_in_snapshot,,,[],"[""Serena(Yu_Gi_Oh)""]","[""작품 / 캐릭터 / 유희왕 시리즈 / 세레나""]"
serious_face,not_in_snapshot,,,[],"[""Serious_face""]","[""동작 1 / 얼굴 / 표정 / 심각한 표정""]"
sesshomaru's_mother(inuyasha),not_in_snapshot,,,[],"[""Sesshomaru's_mother(InuYasha)""]","[""작품 / 캐릭터 / 이누야샤 / 셋쇼마루의 어머니""]"
sesshōin_kiara,not_in_snapshot,,,[],"[""Sesshōin_Kiara""]","[""작품 / 캐릭터 / Fate/Grand order / 셋쇼인 키아라""]"
sesshōin_kiara_(swimsuit_moon_cancer),not_in_snapshot,,,[],"[""Sesshōin_Kiara_(Swimsuit_Moon_Cancer)""]","[""작품 / 캐릭터 / Fate/Grand order / 셋쇼인 키아라 수영복""]"
setsuna_tokage,not_in_snapshot,,,[],"[""Setsuna_Tokage""]","[""작품 / 캐릭터 / 나의 히어로 아카데미아 / 토카게 세츠나""]"
sex_machine,snapshot_match,0,3376,[],"[""sex_machine""]","[""!섹스 / 도구 / 자위 / 섹스 기계""]"
sex_shop,not_in_snapshot,,,[],"[""sex_shop""]","[""기본 / 장소 / 가게 / 성인 도구가게""]"
sex_video,not_in_snapshot,,,[],"[""Sex_Video""]","[""기본 / 테마 / 포르노 / 섹스 비디오 ""]"
sextuplets,snapshot_match,0,944,[],"[""sextuplets""]","[""인물 / 인물 / 위치 / 다섯 쌍둥이""]"
shack,snapshot_match,0,192,[],"[""shack""]","[""기본 / 장소 / 가정 / 오두막집""]"
shackles,snapshot_match,0,15628,[],"[""shackles""]","[""!섹스 / 도구 / 구속 / 족쇄""]"
shading_eyes,snapshot_match,0,4411,[],"[""shading_eyes""]","[""동작 1 / 눈 / 동작 / 눈 위를 손으로 가리다""]"
shaft_inc.,not_in_snapshot,,,[],"[""SHAFT_Inc.""]","[""작품 / 작품 / 제작 / 샤프트""]"
shaka_sign,snapshot_match,0,553,[],"[""shaka_sign""]","[""동작 1 / 손가락 / 동작 / 엄지와 새끼를 올리다""]"
shaking,snapshot_match,0,2519,[],"[""shaking""]","[""행동 / 동명사 / 동명사 ㅎ / 무엇을 흔들다""]"
shako_cap,snapshot_match,0,5402,[],"[""shako_cap""]","[""장신구 / 머리 장식 / 모자 / 군용 모자""]"
shalltear_bloodfallen,snapshot_match,4,436,[],"[""Shalltear_Bloodfallen""]","[""작품 / 캐릭터 / 오버로드 / 샤르티아 블러드폴른""]"
shameful_face,not_in_snapshot,,,[],"[""Shameful_face""]","[""동작 1 / 얼굴 / 표정 / 부끄러운 표정""]"
shampoo,snapshot_match,0,600,[],"[""shampoo""]","[""행동 / 동사 / 동사 ㅁ / 누군가 목욕하며 거품을 쓰다""]"
sharedbathing,not_in_snapshot,,,[],"[""sharedbathing""]","[""행동 / 동사 / 동사 ㅁ / 누군가 목욕을 함께 한다""]"
sharp_face,not_in_snapshot,,,[],"[""sharp_face""]","[""외모 / 얼굴 / 모양 / 얼굴이 날렵하다""]"
shaving,snapshot_match,0,568,[],"[""shaving""]","[""행동 / 동명사 / 동명사 ㅈ / 무엇을 제모하다""]"
she-hulk,snapshot_match,4,449,[],"[""She-Hulk""]","[""작품 / 캐릭터 / 마블 코믹스 / 쉬헐크""]"
sheba,not_in_snapshot,,,[],"[""Sheba""]","[""작품 / 캐릭터 / 마기 / 시바""]"
sheele,not_in_snapshot,,,[],"[""Sheele""]","[""작품 / 캐릭터 / 아카메가 벤다 / 셰레""]"
sheep,snapshot_match,0,7030,[],"[""sheep""]","[""인물 / 종족 / 동물 / 양""]"
sheep_costume,snapshot_match,0,732,[],"[""sheep_costume""]","[""의상 / 의상 / 코스튬 / 양 코스튬""]"
sheep_ears,snapshot_match,0,7291,[],"[""sheep_ears""]","[""외모 / 귀 / 모양 / 양 귀""]"
sheep_furry,not_in_snapshot,,,[],"[""sheep_furry""]","[""인물 / 종족 / 퍼리 / 양 수인""]"
sheep_human,not_in_snapshot,,,[],"[""sheep_human""]","[""인물 / 종족 / 수인 / 양 인간""]"
sheep_tail,snapshot_match,0,1156,[],"[""sheep_tail""]","[""체형 / 꼬리 / 종류 / 양 꼬리""]"
shelf_bra,snapshot_match,0,345,[],"[""shelf_bra""]","[""의상 / 속옷 / 브래지어 / 노출된 브래지어""]"
shell_earrings,snapshot_match,0,872,[],"[""Shell_earrings""]","[""장신구 / 귀 장식 / 귀걸이 / 쉘 귀걸이""]"
shenhua(black_lagoon),not_in_snapshot,,,[],"[""Shenhua(Black_Lagoon)""]","[""작품 / 캐릭터 / 블랙 라군 / 쉔호아""]"
shepherd,snapshot_match,0,145,[],"[""shepherd""]","[""인물 / 직업 / 일반 / 양치기""]"
sherry_cromwell,not_in_snapshot,,,[],"[""Sherry_Cromwell""]","[""작품 / 캐릭터 / 어떤 마술과학의 시리즈 / 쉐리 크롬웰""]"
shiemi_moriyama,not_in_snapshot,,,[],"[""Shiemi_Moriyama""]","[""작품 / 캐릭터 / 청의 엑소시스트 / 모리야마 시에미""]"
shingeki_no_kyojin,snapshot_match,3,15426,[],"[""Shingeki_no_Kyojin""]","[""작품 / 작품 / 목록 / 진격의 거인""]"
shinmai_maou_no_testament,snapshot_match,3,702,[],"[""Shinmai_Maou_no_Testament""]","[""작품 / 작품 / 목록 / 새여동생 마왕의 계약자""]"
shinobu_kocho,not_in_snapshot,,,[],"[""Shinobu_Kocho""]","[""작품 / 캐릭터 / 귀멸의 칼날 / 코쵸 시노부""]"
shinozaki_rika,not_in_snapshot,,,[],"[""Shinozaki_Rika""]","[""작품 / 캐릭터 / 소드 아트 온라인 / 시노자키 리카""]"
shiny_legwear,snapshot_match,0,1895,[],"[""shiny_legwear""]","[""의상 / 속옷 / 양말 / 반짝이는 양말""]"
shion,not_in_snapshot,,,[],"[""Shion""]","[""작품 / 캐릭터 / 전생했더니 슬라임이었던 건에 대하여 / 시온""]"
shirt,snapshot_match,0,2940988,[],"[""shirt""]","[""의상 / 상의 / 셔츠 / 셔츠""]"
shirt_aside,snapshot_match,0,208,[],"[""shirt_aside""]","[""동작 2 / 상의 / 행동 / 셔츠를 옆으로 넘기다""]"
shirt_lift,snapshot_match,0,109403,[],"[""shirt_lift""]","[""동작 2 / 상의 / 행동 / 셔츠를 위로 올렸다""]"
shirt_pull,snapshot_match,0,9478,[],"[""shirt_pull""]","[""동작 2 / 상의 / 행동 / 셔츠를 옆으로 당기다""]"
shirt_slip,snapshot_match,0,582,[],"[""shirt_slip""]","[""동작 2 / 상의 / 행동 / 셔츠를 옆으로 내리다""]"
shirt_tug,snapshot_match,0,4907,[],"[""shirt_tug""]","[""동작 2 / 상의 / 행동 / 셔츠를 아래로 당기다""]"
shizuka_marikawa,not_in_snapshot,,,[],"[""Shizuka_Marikawa""]","[""작품 / 캐릭터 / 하이스쿨 오브 더 데드 / 마리카와 시즈카""]"
shizuku_kurogane,not_in_snapshot,,,[],"[""Shizuku_Kurogane""]","[""작품 / 캐릭터 / 낙제기사의 영웅담 / 쿠로가네 시즈쿠""]"
shizuku_murasaki,snapshot_match,4,422,[],"[""Shizuku_Murasaki""]","[""작품 / 캐릭터 / 헌터x헌터 / 시즈크 무라사키""]"
shizune,not_in_snapshot,,,[],"[""Shizune""]","[""작품 / 캐릭터 / 나루토 / 시즈네""]"
shoejob,alias_candidate_unverified,,,"[""footjob_with_shoes""]","[""shoejob""]","[""!섹스 / 섹스 / 풋잡 / 신발을 신고 자지를 훑는다""]"
shokugeki_no_soma,alias_candidate_unverified,,,"[""shokugeki_no_souma""]","[""Shokugeki_no_Soma""]","[""작품 / 작품 / 목록 / 식극의 소마""]"
shokuhou_misaki,snapshot_match,4,4132,[],"[""Shokuhou_Misaki""]","[""작품 / 캐릭터 / 어떤 마술과학의 시리즈 / 쇼쿠호 미사키""]"
shonen_manga,not_in_snapshot,,,[],"[""Shonen_manga""]","[""기본 / 작화 / 스타일 / 소년 만화""]"
shooting_glasses,alias_candidate_unverified,,,"[""safety_glasses""]","[""shooting_glasses""]","[""장신구 / 얼굴 장식 / 안경 / 사격 안경""]"
shop,snapshot_match,0,8344,[],"[""shop""]","[""기본 / 장소 / 가게 / 가게""]"
shopping,snapshot_match,0,2081,[],"[""shopping""]","[""행동 / 동명사 / 동명사 ㅅ / 무엇을 사다""]"
shore,snapshot_match,0,8898,[],"[""shore""]","[""기본 / 장소 / 자연 / 해변가""]"
short,not_in_snapshot,,,[],"[""short""]","[""체형 / 몸 / 길이 / 키가 작다""]"
short_arm,not_in_snapshot,,,[],"[""short_arm""]","[""체형 / 팔 / 모양 / 팔이 짧다""]"
short_dress,snapshot_match,0,131623,[],"[""short_dress""]","[""의상 / 의상 / 드레스 / 짧은 드레스""]"
short_earlobes,not_in_snapshot,,,[],"[""short_earlobes""]","[""외모 / 귀 / 모양 / 귓불이 짧다""]"
short_eyebrow,not_in_snapshot,,,[],"[""short_eyebrow""]","[""외모 / 눈 / 크기 / 눈썹이 짧다""]"
short_eyelashes,not_in_snapshot,,,[],"[""short_eyelashes""]","[""외모 / 눈 / 크기 / 속눈썹이 짧다""]"
short_eyes,not_in_snapshot,,,[],"[""short_eyes""]","[""외모 / 눈 / 모양 / 눈이 작다""]"
short_fingers,not_in_snapshot,,,[],"[""short_fingers""]","[""체형 / 손 / 모양 / 손가락이 짧다""]"
short_foot,not_in_snapshot,,,[],"[""short_foot""]","[""체형 / 발 / 모양 / 발이 짧다""]"
short_hair,snapshot_match,0,3130132,[],"[""short_hair""]","[""외모 / 머리카락 / 모양 / 머리카락이 짧다""]"
short_hand,not_in_snapshot,,,[],"[""short_hand""]","[""체형 / 손 / 모양 / 손이 짧다""]"
short_jumpsuit,snapshot_match,0,2397,[],"[""short_jumpsuit""]","[""의상 / 의상 / 슈트 / 짧은 점프 슈트""]"
short_kimono,snapshot_match,0,17984,[],"[""short_kimono""]","[""의상 / 의상 / 복장 / 짧은 기모노""]"
short_leg,not_in_snapshot,,,[],"[""short_leg""]","[""체형 / 다리 / 모양 / 다리가 짧다""]"
short_nail,not_in_snapshot,,,[],"[""short_nail""]","[""체형 / 손 / 모양 / 손톱이 짧다""]"
short_pointy_ears,not_in_snapshot,,,[],"[""short_pointy_ears""]","[""외모 / 귀 / 상태 / 귀가 짧고 뾰족하다""]"
short_ponytail,snapshot_match,0,48537,[],"[""short_ponytail""]","[""외모 / 머리카락 / 스타일 / 낮은 포니테일""]"
short_shorts,snapshot_match,0,193766,[],"[""short_shorts""]","[""의상 / 하의 / 반바지 / 짧은 반바지""]"
short_tail,snapshot_match,0,2938,[],"[""short_tail""]","[""체형 / 꼬리 / 모양 / 꼬리가 짧다""]"
short_toe,not_in_snapshot,,,[],"[""short_toe""]","[""체형 / 발 / 모양 / 발가락이 짧다""]"
short_toenail,not_in_snapshot,,,[],"[""short_toenail""]","[""체형 / 발 / 모양 / 발톱이 짧다""]"
short_tongue,not_in_snapshot,,,[],"[""short_tongue""]","[""외모 / 입 / 모양 / 혀가 짧다""]"
short_twintails,snapshot_match,0,86916,[],"[""short_twintails""]","[""외모 / 머리카락 / 스타일 / 짧은 트윈테일""]"
shorts,snapshot_match,0,660759,[],"[""shorts""]","[""의상 / 하의 / 반바지 / 반바지""]"
shorts_aside,snapshot_match,0,872,[],"[""shorts_aside""]","[""동작 2 / 하의 / 행동 / 반바지를 옆으로 넘기다""]"
shorts_pull,snapshot_match,0,10152,[],"[""shorts_pull""]","[""동작 2 / 하의 / 행동 / 반바지를 아래로 내리다""]"
shorts_under_skirt,snapshot_match,0,13696,[],"[""shorts_under_skirt""]","[""의상 / 하의 / 반바지 / 치마 아래 반바지""]"
shota,snapshot_match,0,30480,[],"[""shota""]","[""체형 / 몸 / 나이 / 소년""]"
shoulder_cape,alias_candidate_unverified,,,"[""capelet""]","[""shoulder_cape""]","[""의상 / 상의 / 겉옷 / 어깨 망토""]"
shoulder_carry,snapshot_match,0,4373,[],"[""shoulder_carry""]","[""동작 1 / 몸 / 올리다 / 어깨로 부축하다""]"
shoulder_cutout,snapshot_match,0,36953,[],"[""shoulder_cutout""]","[""의상 / 의상 / 특징 / 옷의 어깨를 살짝 노출하다""]"
shouting,snapshot_match,0,13002,[],"[""shouting""]","[""행동 / 동사 / 동사 ㅅ / 누군가 소리를 크게 외치다""]"
shower,not_in_snapshot,,,[],"[""shower""]","[""기본 / 장소 / 가정 / 샤워실""]"
shrine,snapshot_match,0,6294,[],"[""shrine""]","[""기본 / 장소 / 시설 / 신사""]"
shuna,not_in_snapshot,,,[],"[""Shuna""]","[""작품 / 캐릭터 / 전생했더니 슬라임이었던 건에 대하여 / 슈나""]"
shura_kirigakure,not_in_snapshot,,,[],"[""Shura_Kirigakure""]","[""작품 / 캐릭터 / 청의 엑소시스트 / 키리가쿠레 슈라""]"
shushing,snapshot_match,0,11960,[],"[""shushing""]","[""동작 1 / 손 / 동작 / 손을 올려 침묵시킨다"", ""동작 1 / 손가락 / 동작 / 손가락을 입술에얹다"", ""행동 / 동사 / 동사 ㅈ / 누구를 조용히 시키다""]"
shuten_dōji,not_in_snapshot,,,[],"[""Shuten_Dōji""]","[""작품 / 캐릭터 / Fate/Grand order / 슈텐도지""]"
shuten_dōji_(caster),not_in_snapshot,,,[],"[""Shuten_Dōji_(Caster)""]","[""작품 / 캐릭터 / Fate/Grand order / 슈텐도지 캐스터""]"
siblings,snapshot_match,0,186927,[],"[""siblings""]","[""인물 / 인물 / 위치 / 형제""]"
side-seamed_legwear,snapshot_match,0,613,[],"[""side-seamed_legwear""]","[""의상 / 속옷 / 양말 / 옆에 선 있는 양말""]"
side-tie_bikini_bottom,snapshot_match,0,125023,[],"[""side-tie_bikini_bottom""]","[""의상 / 의상 / 수영복 / 끈으로 묶인 비키니""]"
side-tie_legwear,snapshot_match,0,54,[],"[""side-tie_legwear""]","[""의상 / 속옷 / 양말 / 끈(한쪽)이 달린 양말""]"
side-tie_panties,snapshot_match,0,48395,[],"[""side-tie_panties""]","[""의상 / 속옷 / 팬티 / 끈(양쪽) 팬티""]"
side_braid,snapshot_match,0,86217,[],"[""side_braid""]","[""외모 / 머리카락 / 스타일 / 사이드 브레이드""]"
side_ponytail,snapshot_match,0,235723,[],"[""side_ponytail""]","[""외모 / 머리카락 / 스타일 / 사이드 포니테일""]"
side_slit,snapshot_match,0,59742,[],"[""side_slit""]","[""의상 / 의상 / 특징 / 옷의 다리가 노출되다""]"
side_slit_dress,not_in_snapshot,,,[],"[""side_slit_dress""]","[""의상 / 의상 / 드레스 / 허벅지가 갈라진 드레스""]"
sideboob,snapshot_match,0,157931,[],"[""sideboob""]","[""의상 / 의상 / 특징 / 옷의 옆가슴을 노출하다""]"
sideless_outfit,snapshot_match,0,7256,[],"[""sideless_outfit""]","[""의상 / 의상 / 특징 / 옷의 옆구리를 전부 노출하다""]"
sidewalk,snapshot_match,0,2843,[],"[""sidewalk""]","[""기본 / 장소 / 이동 / 보도""]"
sideways_hat,snapshot_match,0,1937,[],"[""sideways_hat""]","[""동작 2 / 모자 / 행동 / 모자를 옆으로 쓰다""]"
siesta,not_in_snapshot,,,[],"[""Siesta""]","[""작품 / 캐릭터 / 제로의 사역마 / 시에스타""]"
silk,snapshot_match,0,8434,[],"[""Silk""]","[""작품 / 캐릭터 / 마블 코믹스 / 실크""]"
silver_link.,not_in_snapshot,,,[],"[""SILVER_LINK.""]","[""작품 / 작품 / 제작 / SILVER LINK""]"
silver_swan,not_in_snapshot,,,[],"[""Silver_Swan""]","[""작품 / 캐릭터 / DC 코믹스 / 실버스완""]"
singing,snapshot_match,0,16456,[],"[""singing""]","[""행동 / 동사 / 동사 ㄴ / 누군가 노래하다""]"
single_braid,snapshot_match,0,183919,[],"[""single_braid""]","[""외모 / 머리카락 / 스타일 / 싱글 브레이드""]"
single_earring,snapshot_match,0,72010,[],"[""Single_earring""]","[""장신구 / 기타 / 피어싱 / 귀걸이 한 개""]"
single_hair_bun,snapshot_match,0,93008,[],"[""single_hair_bun""]","[""외모 / 머리카락 / 스타일 / 싱글 롤빵""]"
sinking,snapshot_match,0,841,[],"[""sinking""]","[""행동 / 동명사 / 동명사 ㄱ / 무엇이 가라앉다""]"
sisters,snapshot_match,0,118702,[],"[""sisters""]","[""인물 / 인물 / 위치 / 자매""]"
sita,not_in_snapshot,,,[],"[""Sita""]","[""작품 / 캐릭터 / Fate/Grand order / 시타""]"
sitonai,alias_candidate_unverified,,,"[""sitonai_(fate)""]","[""Sitonai""]","[""작품 / 캐릭터 / Fate/Grand order / 시토나이""]"
sitting,snapshot_match,0,1313072,[],"[""sitting""]","[""동작 1 / 몸 / 앉다 / 앉다""]"
sitting_on_lap,snapshot_match,0,18326,[],"[""sitting_on_lap""]","[""동작 1 / 몸 / 앉다 / 무릎 위에 앉다""]"
sitting_on_person,snapshot_match,0,34358,[],"[""sitting_on_person""]","[""동작 1 / 몸 / 앉다 / 사람 위에 앉다""]"
sitting_on_shoulder,snapshot_match,0,1372,[],"[""sitting_on_shoulder""]","[""동작 1 / 몸 / 올리다 / 어깨 위에 앉다""]"
sittingonlap,not_in_snapshot,,,[],"[""sittingonlap""]","[""행동 / 동사 / 동사 ㅁ / 누구의 무릎을 껴안다""]"
sizes_of_panties,not_in_snapshot,,,[],"[""Sizes_of_panties""]","[""의상 / 속옷 / 팬티 / 매우 큰 팬티""]"
skank,not_in_snapshot,,,[],"[""Skank""]","[""인물 / 직업 / 성인 / 걸레""]"
skating_rink,snapshot_match,0,300,[],"[""skating_rink""]","[""기본 / 장소 / 운동 / 스케이트장""]"
sketch,snapshot_match,0,195782,[],"[""sketch""]","[""기본 / 작화 / 화풍 / 스케치""]"
sketching,snapshot_match,0,539,[],"[""sketching""]","[""행동 / 동명사 / 동명사 ㄱ / 무엇을 그리다""]"
ski_gloves,not_in_snapshot,,,[],"[""ski_gloves""]","[""장신구 / 손 장식 / 장갑 / 스키 장갑""]"
ski_goggles,snapshot_match,0,1491,[],"[""ski_goggles""]","[""장신구 / 얼굴 장식 / 안경 / 스키 고글""]"
skinny,snapshot_match,0,11526,[],"[""skinny""]","[""체형 / 몸 / 모양 / 몸이 말랐다""]"
skinny_abs,not_in_snapshot,,,[],"[""skinny_abs""]","[""체형 / 몸 / 모양 / 복근이 가늘다""]"
skipping,snapshot_match,0,283,[],"[""skipping""]","[""행동 / 동명사 / 동명사 ㄱ / 무엇을 건너뛰다""]"
skirt_around_ankles,snapshot_match,0,285,[],"[""skirt_around_ankles""]","[""동작 2 / 하의 / 행동 / 치마를 발목에 걸었다""]"
skirt_around_one_leg,snapshot_match,0,3288,[],"[""skirt_around_one_leg""]","[""동작 2 / 하의 / 행동 / 치마를 다리에 걸었다""]"
skirt_grab,alias_candidate_unverified,,,"[""grabbing_another's_skirt""]","[""skirt_grab""]","[""동작 2 / 하의 / 행동 / 치마를 잡았다""]"
skirt_lift,snapshot_match,0,94993,[],"[""skirt_lift""]","[""동작 2 / 하의 / 행동 / 치마를 위로 올리다""]"
skirt_pants,not_in_snapshot,,,[],"[""skirt_pants""]","[""의상 / 하의 / 치마 / 치마 바지""]"
skirt_pull,snapshot_match,0,11345,[],"[""skirt_pull""]","[""동작 2 / 하의 / 행동 / 치마를 아래로 내리다""]"
skirt_suit,snapshot_match,0,5726,[],"[""skirt_suit""]","[""의상 / 의상 / 정장 / 정장 치마""]"
skirt_tug,snapshot_match,0,4584,[],"[""skirt_tug""]","[""동작 2 / 하의 / 행동 / 치마를 아래로 당기다""]"
skirtsuit,alias_candidate_unverified,,,"[""skirt_suit""]","[""skirtsuit""]","[""의상 / 의상 / 정장 / 정장(여성)""]"
skull_earrings,snapshot_match,0,3480,[],"[""Skull_earrings""]","[""장신구 / 귀 장식 / 귀걸이 / 해골 귀걸이""]"
skull_mask,snapshot_match,0,3242,[],"[""skull_mask""]","[""장신구 / 얼굴 장식 / 가면 / 해골 마스크""]"
sky_blue,not_in_snapshot,,,[],"[""sky_blue""]","[""기본 / 배경 / 컬러 / 하늘색""]"
sky_blue_eyes,not_in_snapshot,,,[],"[""sky_blue_eyes""]","[""외모 / 눈 / 색깔 / 하늘색 눈""]"
sky_blue_hair,not_in_snapshot,,,[],"[""sky blue hair""]","[""외모 / 머리카락 / 색깔 / 하늘색 머리카락""]"
sky_blue_hair_streak,not_in_snapshot,,,[],"[""sky_blue_hair_streak""]","[""외모 / 머리카락 / 스타일 / 하늘색 브리지""]"
sky_blue_lips,not_in_snapshot,,,[],"[""sky blue lips""]","[""외모 / 입 / 색깔 / 하늘색 입술""]"
sky_blue_tongue,not_in_snapshot,,,[],"[""sky blue tongue""]","[""외모 / 입 / 색깔 / 하늘색 혀""]"
skyscraper,snapshot_match,0,11604,[],"[""skyscraper""]","[""기본 / 장소 / 건축물 / 마천루""]"
slapping_with_penis,snapshot_match,0,169,[],"[""slapping_with_penis""]","[""!섹스 / 섹스 / 자지 / 자지로 때린다""]"
slashing,snapshot_match,0,2269,[],"[""slashing""]","[""행동 / 동명사 / 동명사 ㅎ / 무엇을 휘둘러 베다""]"
slave,snapshot_match,0,5616,[],"[""slave""]","[""인물 / 직업 / 신분 / 노예""]"
slavic_mythology,snapshot_match,3,54,[],"[""Slavic_mythology""]","[""기본 / 테마 / 신화 / 슬라브 신화""]"
sleep_mask,snapshot_match,0,5695,[],"[""sleep_mask""]","[""장신구 / 얼굴 장식 / 마스크 / 수면 마스크""]"
sleeping,snapshot_match,0,101207,[],"[""sleeping""]","[""!섹스 / 섹스 / 설정 / 자고 있다""]"
sleepy_face,not_in_snapshot,,,[],"[""Sleepy_face""]","[""동작 1 / 얼굴 / 표정 / 졸린 표정""]"
sleeveless,snapshot_match,0,635749,[],"[""sleeveless""]","[""의상 / 의상 / 특징 / 옷의 소매가 없다""]"
sleeveless_dress,snapshot_match,0,232588,[],"[""sleeveless_dress""]","[""의상 / 의상 / 드레스 / 소매 없는 드레스""]"
sleeveless_hoodie,snapshot_match,0,3214,[],"[""sleeveless_hoodie""]","[""의상 / 상의 / 후드 / 민소매 후드""]"
sleeveless_shirt,snapshot_match,0,229335,[],"[""sleeveless_shirt""]","[""의상 / 상의 / 셔츠 / 민소매 셔츠""]"
sleeveless_turtleneck,snapshot_match,0,23118,[],"[""sleeveless_turtleneck""]","[""의상 / 상의 / 스웨터 / 민소매 터틀넥""]"
sleeves_pushed_up,snapshot_match,0,6047,[],"[""sleeves_pushed_up""]","[""동작 2 / 상의 / 행동 / 셔츠의 끝을 위로 올려 묶다""]"
sleeves_rolled_up,snapshot_match,0,58937,[],"[""sleeves_rolled_up""]","[""동작 2 / 상의 / 행동 / 셔츠의 소매를 위로 올렸다""]"
slender,alias_candidate_unverified,,,"[""skinny""]","[""slender""]","[""체형 / 몸 / 모양 / 몸이 날씬하다""]"
slender_ankle,not_in_snapshot,,,[],"[""slender_ankle""]","[""체형 / 발 / 모양 / 발목이 가늘다""]"
slender_arm,not_in_snapshot,,,[],"[""slender_arm""]","[""체형 / 팔 / 모양 / 팔이 가늘다""]"
slender_calf,not_in_snapshot,,,[],"[""slender_calf""]","[""체형 / 다리 / 모양 / 종아리가 가늘다""]"
slender_ears,not_in_snapshot,,,[],"[""slender_ears""]","[""외모 / 귀 / 모양 / 귀가 가늘다""]"
slender_eyebrow,not_in_snapshot,,,[],"[""slender_eyebrow""]","[""외모 / 눈 / 크기 / 눈썹이 가늘다""]"
slender_eyelashes,not_in_snapshot,,,[],"[""slender_eyelashes""]","[""외모 / 눈 / 크기 / 속눈썹이 가늘다""]"
slender_fingers,not_in_snapshot,,,[],"[""slender_fingers""]","[""체형 / 손 / 모양 / 손가락이 가늘다""]"
slender_foot,not_in_snapshot,,,[],"[""slender_foot""]","[""체형 / 발 / 모양 / 발이 가늘다_""]"
slender_forearm,not_in_snapshot,,,[],"[""slender_forearm""]","[""체형 / 팔 / 모양 / 팔뚝이 가늘다""]"
slender_hand,not_in_snapshot,,,[],"[""slender_hand""]","[""체형 / 손 / 모양 / 손이 가늘다""]"
slender_leg,not_in_snapshot,,,[],"[""slender_leg""]","[""체형 / 다리 / 모양 / 다리가 가늘다""]"
slender_nose,not_in_snapshot,,,[],"[""slender_nose""]","[""외모 / 코 / 길이 / 코가 가늘다""]"
slender_stomach,not_in_snapshot,,,[],"[""slender_stomach""]","[""체형 / 몸 / 모양 / 배가 가늘다""]"
slender_tail,not_in_snapshot,,,[],"[""slender_tail""]","[""체형 / 꼬리 / 모양 / 꼬리가 가늘다""]"
slender_thighs,not_in_snapshot,,,[],"[""slender_thighs""]","[""체형 / 다리 / 모양 / 허벅지가 가늘다""]"
slender_wrist,not_in_snapshot,,,[],"[""slender_wrist""]","[""체형 / 손 / 모양 / 손목이 가늘다""]"
slenderwaist,not_in_snapshot,,,[],"[""slenderwaist""]","[""체형 / 몸 / 모양 / 허리가 가늘다""]"
sliding,snapshot_match,0,772,[],"[""sliding""]","[""행동 / 동사 / 동사 ㅅ / 누군가 슬라이딩하다""]"
sliding_kiss,not_in_snapshot,,,[],"[""Sliding_Kiss""]","[""동작 1 / 입 / 키스하다 / 입술을 밀착해 키스한다""]"
slime,alias_candidate_unverified,,,"[""slime_(substance)""]","[""Slime""]","[""인물 / 종족 / 판타지 / 슬라임""]"
slingshot_swimsuit,snapshot_match,0,17628,[],"[""slingshot_swimsuit""]","[""의상 / 의상 / 수영복 / 슬링샷""]"
slipping,snapshot_match,0,515,[],"[""slipping""]","[""행동 / 동사 / 동사 ㅁ / 누군가 미끄러지다""]"
slit_throat(gesture),not_in_snapshot,,,[],"[""slit_throat(gesture)""]","[""동작 1 / 손가락 / 동작 / 손가락으로 목을 긋다""]"
slouching,snapshot_match,0,1055,[],"[""slouching""]","[""동작 1 / 몸 / 기울이다 / 등이 구부정하다""]"
slut,not_in_snapshot,,,[],"[""Slut""]","[""인물 / 직업 / 성인 / 암캐""]"
small_areolae,not_in_snapshot,,,[],"[""small_areolae""]","[""체형 / 가슴 / 모양 / 유륜이 작다""]"
small_ass,not_in_snapshot,,,[],"[""small_ass""]","[""체형 / 몸 / 모양 / 엉덩이가 작다""]"
small_breasts,snapshot_match,0,717629,[],"[""small_breasts""]","[""체형 / 가슴 / 모양 / 가슴이 작다""]"
small_face,not_in_snapshot,,,[],"[""small_face""]","[""외모 / 얼굴 / 모양 / 얼굴이 작다""]"
small_medium_ass,not_in_snapshot,,,[],"[""small_medium_ass""]","[""체형 / 몸 / 모양 / 엉덩이가 살짝 작다""]"
small_medium_breasts,not_in_snapshot,,,[],"[""small_medium_breasts""]","[""체형 / 가슴 / 모양 / 가슴이 살짝 작다""]"
small_medium_face,not_in_snapshot,,,[],"[""small_medium_face""]","[""외모 / 얼굴 / 모양 / 얼굴이 살짝 작다""]"
small_mouth,not_in_snapshot,,,[],"[""small_mouth""]","[""외모 / 입 / 모양 / 입이 작다""]"
small_nipples,snapshot_match,0,829,[],"[""small_nipples""]","[""체형 / 가슴 / 모양 / 젖꼭지가 작다""]"
small_nose,not_in_snapshot,,,[],"[""small_nose""]","[""외모 / 코 / 모양 / 코가 작다""]"
small_penis,snapshot_match,0,6973,[],"[""small_penis""]","[""!섹스 / 자지 / 모양 / 자지가 작다""]"
small_penis_humiliation,snapshot_match,0,714,[],"[""small_penis_humiliation""]","[""!섹스 / 섹스 / 자지 / 자지의 크기를 비웃는다""]"
small_pussy,not_in_snapshot,,,[],"[""small_pussy""]","[""!섹스 / 보지 / 모양 / 보지가 좁다""]"
small_testicles,snapshot_match,0,514,[],"[""small_testicles""]","[""!섹스 / 자지 / 모양 / 고환이 작다""]"
smelling,snapshot_match,0,7070,[],"[""smelling""]","[""동작 1 / 코 / 동작 / 냄새를 맡다""]"
smelling_clothes,snapshot_match,0,1456,[],"[""smelling_clothes""]","[""동작 1 / 코 / 동작 / 옷의 냄새를 맡다""]"
smelling_pantyhose,snapshot_match,0,55,[],"[""smelling_pantyhose""]","[""동작 1 / 코 / 동작 / 팬티스타킹의 냄새를 맡다""]"
smelling_underwear,snapshot_match,0,296,[],"[""smelling_underwear""]","[""동작 1 / 코 / 동작 / 속옷의 냄새를 맡다""]"
smiling_face,not_in_snapshot,,,[],"[""smiling_face""]","[""동작 1 / 얼굴 / 표정 / 웃는 표정""]"
smoking,snapshot_match,0,34875,[],"[""smoking""]","[""행동 / 동사 / 동사 ㄷ / 누군가 담배를 피다""]"
sneakers,snapshot_match,0,96846,[],"[""sneakers""]","[""의상 / 신발 / 신발 / 운동화""]"
sneezing,snapshot_match,0,1519,[],"[""sneezing""]","[""행동 / 동사 / 동사 ㅈ / 누군가 재채기하다""]"
snowball_fight,snapshot_match,0,657,[],"[""snowball_fight""]","[""행동 / 동사 / 동사 ㅅ / 누군가 눈으로 싸운다""]"
snowballing,alias_candidate_unverified,,,"[""cum_swap""]","[""snowballing""]","[""!섹스 / 섹스 / 사정 / 정액을 나눠먹다""]"
snowflake_earrings,snapshot_match,0,521,[],"[""Snowflake_earrings""]","[""장신구 / 귀 장식 / 귀걸이 / 눈송이 귀걸이""]"
soap,snapshot_match,0,2885,[],"[""soap""]","[""행동 / 동사 / 동사 ㅁ / 누군가 목욕하며 비누를 쓰다""]"
sobbing,snapshot_match,0,889,[],"[""sobbing""]","[""동작 1 / 눈 / 울다 / 눈물을 흘리며 흐느끼다""]"
soccer_field,snapshot_match,0,280,[],"[""soccer_field""]","[""기본 / 장소 / 운동 / 축구장""]"
socks,snapshot_match,0,579699,[],"[""socks""]","[""의상 / 속옷 / 양말 / 양말""]"
"soggywet,soggysweat",not_in_snapshot,,,[],"[""soggywet,soggysweat""]","[""체형 / 몸 / 특징 / 몸이 푹 젖었다""]"
soldier,snapshot_match,0,6600,[],"[""soldier""]","[""인물 / 직업 / 전문 / 군인""]"
solo_female,alias_candidate_unverified,,,"[""solo""]","[""solo_female""]","[""!섹스 / 섹스 / 상황 / 여자 1명만 나온다""]"
solo_focus,snapshot_match,0,503565,[],"[""solo_focus""]","[""기본 / 초점 / 집중 / 단독 집중""]"
solo_male,not_in_snapshot,,,[],"[""solo_male""]","[""!섹스 / 섹스 / 상황 / 남자 1명만 나온다""]"
solution_epsilon,snapshot_match,4,106,[],"[""Solution_Epsilon""]","[""작품 / 캐릭터 / 오버로드 / 솔루션 엡실론""]"
sombre,not_in_snapshot,,,[],"[""sombre""]","[""외모 / 머리카락 / 색깔 / 머리카락을 위→아래로 염색하다""]"
sombrero,snapshot_match,0,669,[],"[""sombrero""]","[""장신구 / 머리 장식 / 모자 / 멕시코 모자""]"
son,not_in_snapshot,,,[],"[""son""]","[""인물 / 인물 / 위치 / 아들""]"
sonia_nevermind,snapshot_match,4,1283,[],"[""Sonia_Nevermind""]","[""작품 / 캐릭터 / 단간론파 / 소니아 네버마인드""]"
sorano_agria,not_in_snapshot,,,[],"[""sorano_agria""]","[""작품 / 캐릭터 / 페어리테일 / 소라노 아그리아""]"
sorrowful_face,not_in_snapshot,,,[],"[""sorrowful_face""]","[""동작 1 / 얼굴 / 표정 / 애달픈 표정""]"
soul_eater,snapshot_match,3,3619,[],"[""Soul_Eater""]","[""작품 / 작품 / 목록 / 소울 이터""]"
soulfulmusic,not_in_snapshot,,,[],"[""soulfulmusic""]","[""기본 / 테마 / 음악 / 소울 음악""]"
space_elevator,snapshot_match,0,121,[],"[""space_elevator""]","[""기본 / 장소 / 건축물 / 우주 엘리베이터""]"
space_ishtar,not_in_snapshot,,,[],"[""Space_Ishtar""]","[""작품 / 캐릭터 / Fate/Grand order / 스페이스 이슈타르""]"
spade-shaped_pupils,not_in_snapshot,,,[],"[""spade-shaped_pupils""]","[""외모 / 눈 / 모양 / 스페이드""]"
spade_earrings,snapshot_match,0,458,[],"[""Spade_earrings""]","[""장신구 / 귀 장식 / 귀걸이 / 스페이드 귀걸이""]"
spain,snapshot_match,0,233,[],"[""Spain""]","[""기본 / 장소 / 국가 / 스페인""]"
spanish,alias_candidate_unverified,,,"[""spanish_text""]","[""Spanish""]","[""인물 / 인종 / 국가 / 스페인인""]"
spanking,snapshot_match,0,3733,[],"[""spanking""]","[""행동 / 동사 / 동사 ㅇ / 누군가 엉덩이를 때리다""]"
spark*_effect*_spark,placeholder_review,,,[],"[""spark*_effect*_spark""]","[""기본 / 연출 / 효과 / 전기 효과""]"
sparse_pubic_hair,snapshot_match,0,7029,[],"[""sparse_pubic_hair""]","[""!섹스 / 보지 / 모양 / 음모가 적다""]"
spider-gwen,snapshot_match,4,1675,[],"[""Spider-Gwen""]","[""작품 / 캐릭터 / 마블 코믹스 / 스파이더 그웬""]"
spiked_dildo,snapshot_match,0,433,[],"[""spiked_dildo""]","[""!섹스 / 도구 / 자위 / 스파이크 딜도""]"
spiked_hair,snapshot_match,0,107587,[],"[""spiked_hair""]","[""외모 / 머리카락 / 모양 / 머리카락이 날카롭다""]"
spiked_hairband,snapshot_match,0,2354,[],"[""spiked_hairband""]","[""장신구 / 머리 장식 / 머리띠 / 스파이크 머리티""]"
spiked_knuckles,snapshot_match,0,651,[],"[""spiked_knuckles""]","[""장신구 / 손 장식 / 장갑 / 뾰족한 너클""]"
spiked_legwear,snapshot_match,0,100,[],"[""spiked_legwear""]","[""의상 / 속옷 / 양말 / 스파이크 달린 양말""]"
spiked_penis,snapshot_match,0,777,[],"[""spiked_penis""]","[""!섹스 / 자지 / 특징 / 자기가 울퉁불퉁하다""]"
spilling,snapshot_match,0,4258,[],"[""spilling""]","[""행동 / 동명사 / 동명사 ㅎ / 무엇을 흘리다""]"
spinning,snapshot_match,0,4068,[],"[""spinning""]","[""행동 / 동명사 / 동명사 ㅇ / 무엇이 회전하다""]"
spirit,snapshot_match,0,2611,[],"[""Spirit""]","[""인물 / 종족 / 판타지 / 정령""]"
spitroast,snapshot_match,0,6916,[],"[""spitroast""]","[""!섹스 / 섹스 / 상황 / 남자가 여자 주위로 모였다""]"
spitting,snapshot_match,0,3041,[],"[""spitting""]","[""행동 / 동사 / 동사 ㅊ / 누군가 침을 뱉다""]"
splashing,snapshot_match,0,13165,[],"[""splashing""]","[""행동 / 동사 / 동사 ㅁ / 누군가 물이 몸에 튀다""]"
split,snapshot_match,0,16340,[],"[""split""]","[""동작 1 / 다리 / 뻗다 / 다리를 서서 뻗다""]"
split-color,not_in_snapshot,,,[],"[""split-color""]","[""기본 / 배경 / 컬러 / 색깔 분열""]"
split-color_hair,snapshot_match,0,31251,[],"[""split-color hair""]","[""외모 / 머리카락 / 색깔 / 머리카락 색깔이 절반씩 다르다""]"
split_ponytail,snapshot_match,0,3288,[],"[""split_ponytail""]","[""외모 / 머리카락 / 스타일 / 스플릿 포니테일""]"
sports_bikini,snapshot_match,0,3569,[],"[""sports_bikini""]","[""의상 / 의상 / 수영복 / 스포츠 비키니""]"
sports_bra,snapshot_match,0,51625,[],"[""sports_bra""]","[""의상 / 속옷 / 브래지어 / 스포츠 브래지어""]"
spread_anus,snapshot_match,0,8486,[],"[""spread_anus""]","[""!섹스 / 엉덩이 / 동작 / 항문을 펼치다""]"
spread_fingers,snapshot_match,0,5617,[],"[""spread_fingers""]","[""동작 1 / 손가락 / 동작 / 손가락을 벌리다""]"
spread_legs,snapshot_match,0,351423,[],"[""spread_legs""]","[""동작 1 / 다리 / 자세 / 다리를 벌리다""]"
spread_lips,not_in_snapshot,,,[],"[""Spread_lips""]","[""동작 1 / 입 / 동작 / 입술을 벌리다""]"
spy,snapshot_match,0,95,[],"[""spy""]","[""인물 / 직업 / 전문 / 스파이""]"
spy_x_family,snapshot_match,3,16911,[],"[""Spy_x_Family""]","[""작품 / 작품 / 목록 / 스파이 패밀리""]"
squareface,not_in_snapshot,,,[],"[""squareface""]","[""외모 / 얼굴 / 모양 / 얼굴이 사각형이다""]"
squatting,snapshot_match,0,137725,[],"[""squatting""]","[""동작 1 / 몸 / 앉다 / 쪼그려 앉다""]"
squatting_cowgirl_position,snapshot_match,0,11258,[],"[""squatting_cowgirl_position""]","[""!섹스 / 섹스 / 체위 / 기승위(다리를 쪼그리다)""]"
squatting_rodeo_sex_position,not_in_snapshot,,,[],"[""squatting_rodeo_sex_position""]","[""!섹스 / 섹스 / 체위 / 역 기승위(다리를 쪼그리다)""]"
squeezing,snapshot_match,0,1221,[],"[""squeezing""]","[""동작 1 / 손 / 짜내다 / 손으로 강하게 짜내다""]"
squeezing_testicles,snapshot_match,0,305,[],"[""squeezing_testicles""]","[""!섹스 / 섹스 / 고환 / 고환을 짜내다"", ""동작 1 / 손 / 짜내다 / 손으로 고환을 짜내다""]"
squinting,snapshot_match,0,2614,[],"[""squinting""]","[""동작 1 / 눈 / 동작 / 눈으로 곁눈질하다""]"
squirrel,snapshot_match,0,4178,[],"[""squirrel""]","[""인물 / 종족 / 동물 / 다람쥐""]"
squirrel_costume,snapshot_match,0,72,[],"[""squirrel_costume""]","[""의상 / 의상 / 코스튬 / 다람쥐 코스튬""]"
squirrel_ears,snapshot_match,0,6356,[],"[""squirrel_ears""]","[""외모 / 귀 / 모양 / 다람쥐 귀""]"
squirrel_furry,not_in_snapshot,,,[],"[""squirrel_furry""]","[""인물 / 종족 / 퍼리 / 다람쥐 수인""]"
squirrel_human,not_in_snapshot,,,[],"[""squirrel_human""]","[""인물 / 종족 / 수인 / 다람쥐 인간""]"
squirrel_tail,snapshot_match,0,5939,[],"[""squirrel_tail""]","[""체형 / 꼬리 / 종류 / 다람쥐 꼬리""]"
squirtingliquid,not_in_snapshot,,,[],"[""squirtingliquid""]","[""행동 / 동사 / 동사 ㅁ / 누군가 물을 분출하다""]"
st_gokumi,not_in_snapshot,,,[],"[""St_gokumi""]","[""작품 / 작품 / 제작 / 스튜디오""]"
stacking,snapshot_match,0,946,[],"[""stacking""]","[""행동 / 동사 / 동사 ㅅ / 누군가 사람을 쌓다""]"
stadium,snapshot_match,0,2966,[],"[""stadium""]","[""기본 / 장소 / 유흥 / 경기장""]"
staff_room,not_in_snapshot,,,[],"[""staff_room""]","[""기본 / 장소 / 시설 / 직원실""]"
stage,snapshot_match,0,9453,[],"[""stage""]","[""기본 / 장소 / 유흥 / 무대""]"
standard-bearer,not_in_snapshot,,,[],"[""standard-bearer""]","[""인물 / 직업 / 전문 / 군인(기수)""]"
standing,snapshot_match,0,1332078,[],"[""standing""]","[""동작 1 / 몸 / 동작 / 양쪽 다리로 서다""]"
standing_on_one_leg,snapshot_match,0,127321,[],"[""standing_on_one_leg""]","[""동작 1 / 몸 / 동작 / 한쪽 다리로 서다""]"
standing_on_shoulder,snapshot_match,0,125,[],"[""standing_on_shoulder""]","[""동작 1 / 몸 / 올리다 / 어깨 위에 서다""]"
standing_position,not_in_snapshot,,,[],"[""standing_position""]","[""!섹스 / 섹스 / 체위 / 입위""]"
standing_split,snapshot_match,0,13519,[],"[""standing_split""]","[""동작 1 / 다리 / 뻗다 / 다리를 서서 뻗다""]"
star-shaped_eyewear,snapshot_match,0,1782,[],"[""star-shaped_eyewear""]","[""장신구 / 얼굴 장식 / 안경 / 별 모양 안경""]"
star-shaped_pupils,snapshot_match,0,33780,[],"[""star-shaped_pupils""]","[""외모 / 눈 / 모양 / 별""]"
star_earrings,snapshot_match,0,20852,[],"[""Star_earrings""]","[""장신구 / 귀 장식 / 귀걸이 / 별 귀걸이""]"
starfire,snapshot_match,4,964,[],"[""Starfire""]","[""작품 / 캐릭터 / DC 코믹스 / 스타파이어""]"
stargirl,not_in_snapshot,,,[],"[""Stargirl""]","[""작품 / 캐릭터 / DC 코믹스 / 스타걸""]"
staring,snapshot_match,0,6345,[],"[""staring""]","[""행동 / 동명사 / 동명사 ㅇ / 무엇을 응시하다""]"
stealth_masturbation,snapshot_match,0,577,[],"[""stealth_masturbation""]","[""!섹스 / 섹스 / 자위 / 자위할 때 숨는다""]"
stealth_sex,snapshot_match,0,2556,[],"[""stealth_sex""]","[""!섹스 / 섹스 / 상황 / 숨어서 섹스한다""]"
steampunk,snapshot_match,0,2095,[],"[""Steampunk""]","[""기본 / 테마 / 장르 / 스팀펑크""]"
steampunk_maid,not_in_snapshot,,,[],"[""Steampunk_Maid""]","[""인물 / 직업 / 메이드 / 스팀펑크 메이드""]"
steampunk_maid_costume,not_in_snapshot,,,[],"[""Steampunk_maid_costume""]","[""의상 / 의상 / 코스튬 / 스팀펑크 메이드복""]"
steamsweat,not_in_snapshot,,,[],"[""steamsweat""]","[""체형 / 몸 / 특징 / 땀을 뻘뻘 흘린다""]"
steepled_fingers,snapshot_match,0,11084,[],"[""steepled_fingers""]","[""동작 1 / 손 / 동작 / 손으로 세우다""]"
stella_vermillion,snapshot_match,4,369,[],"[""Stella_Vermillion""]","[""작품 / 캐릭터 / 낙제기사의 영웅담 / 스텔라 버밀리온""]"
step-siblings,snapshot_match,0,1261,[],"[""step-siblings""]","[""인물 / 인물 / 위치 / 의붓 형제""]"
stephanie_brown,snapshot_match,4,184,[],"[""Stephanie_Brown""]","[""작품 / 캐릭터 / DC 코믹스 / 스테파니 브라운""]"
stepping,not_in_snapshot,,,[],"[""stepping""]","[""동작 1 / 발 / 밟다 / 무릎을 꿇리고 머리를 밟다""]"
stheno,alias_candidate_unverified,,,"[""stheno_(fate)""]","[""Stheno""]","[""작품 / 캐릭터 / Fate/Grand order / 스텐노""]"
stick_out_tongue,not_in_snapshot,,,[],"[""stick_out_tongue""]","[""외모 / 입 / 상태 / 입에서 혀를 내밀다""]"
stilt_house,snapshot_match,0,56,[],"[""stilt_house""]","[""기본 / 장소 / 가정 / 물 위의 집""]"
stirring,snapshot_match,0,791,[],"[""stirring""]","[""행동 / 동사 / 동사 ㅇ / 누군가 음식을 휘젓다""]"
stirrup_legwear,snapshot_match,0,15252,[],"[""stirrup_legwear""]","[""의상 / 속옷 / 양말 / 등자가 달린 양말""]"
stock_tie,not_in_snapshot,,,[],"[""Stock_Tie""]","[""장신구 / 목 장식 / 넥타이 / 스톡 타이""]"
stocking,alias_candidate_unverified,,,"[""thighhighs""]","[""Stocking""]","[""의상 / 속옷 / 양말 / 스타킹""]"
stocking_anarchy,not_in_snapshot,,,[],"[""Stocking_Anarchy""]","[""작품 / 캐릭터 / 팬티&스타킹 / 야나기 스타킹""]"
stole,snapshot_match,0,4017,[],"[""stole""]","[""장신구 / 목 장식 / 장신구 / 스톨""]"
stomach_bulge,snapshot_match,0,16899,[],"[""stomach_bulge""]","[""!섹스 / 섹스 / 자지 / 자지를 삽입해 배가 팽창하다""]"
stomach_cutout,snapshot_match,0,8261,[],"[""stomach_cutout""]","[""의상 / 의상 / 특징 / 옷의 배를 노출하다""]"
stomach_punch,snapshot_match,0,570,[],"[""stomach_punch""]","[""동작 1 / 손 / 때리다 / 주먹으로 배를 때리다""]"
stomping,snapshot_match,0,1218,[],"[""stomping""]","[""동작 1 / 발 / 밟다 / 발로 강제로 밟다""]"
stone_walkway,snapshot_match,0,967,[],"[""stone_walkway""]","[""기본 / 장소 / 이동 / 돌 산책로""]"
storage_room,snapshot_match,0,199,[],"[""storage_room""]","[""기본 / 장소 / 가게 / 창고""]"
storm,snapshot_match,0,1668,[],"[""Storm""]","[""작품 / 캐릭터 / 마블 코믹스 / 스톰""]"
straddling,snapshot_match,0,97314,[],"[""straddling""]","[""동작 1 / 몸 / 올리다 / 사람을 올리다""]"
straight-arm_salute,snapshot_match,0,95,[],"[""straight-arm_salute""]","[""동작 1 / 손가락 / 동작 / 손가락으로 똑바로 경례한다""]"
straight_hair,snapshot_match,0,101934,[],"[""straight_hair""]","[""외모 / 머리카락 / 모양 / 머리카락이 곧다""]"
strangling,snapshot_match,0,6568,[],"[""strangling""]","[""행동 / 동사 / 동사 ㅁ / 누군가 목을 조르다""]"
strap-on,snapshot_match,0,3767,[],"[""strap-on""]","[""!섹스 / 도구 / 자위 / 착용하는 딜도""]"
strap_between_breasts,snapshot_match,0,6054,[],"[""strap_between_breasts""]","[""동작 1 / 가슴 / 끼우다 / 가슴 사이에 끈을 끼우다""]"
strap_lift,snapshot_match,0,2128,[],"[""strap_lift""]","[""동작 2 / 상의 / 행동 / 셔츠의 끈을 위로 올린다""]"
strap_slip,snapshot_match,0,52344,[],"[""strap_slip""]","[""동작 2 / 상의 / 행동 / 셔츠의 끈을 아래로 내리다""]"
strapless_bottom,snapshot_match,0,1131,[],"[""strapless_bottom""]","[""의상 / 속옷 / 팬티 / 가랑이만 노출된 팬티""]"
strapless_bra,snapshot_match,0,3760,[],"[""strapless_bra""]","[""의상 / 속옷 / 브래지어 / 끈이 없는 브래지어""]"
strapless_dress,snapshot_match,0,77819,[],"[""strapless_dress""]","[""의상 / 의상 / 드레스 / 끈 없는 드레스""]"
strapless_leotard,snapshot_match,0,101027,[],"[""strapless_leotard""]","[""의상 / 의상 / 운동복 / 끈 없는 레오타드""]"
strappado,snapshot_match,0,160,[],"[""strappado""]","[""동작 1 / 몸 / 묶다 / 사람을 묶어 장식한다""]"
straw_hat,snapshot_match,0,34157,[],"[""straw_hat""]","[""장신구 / 머리 장식 / 모자 / 밀짚모자""]"
strawberry,snapshot_match,0,35976,[],"[""strawberry""]","[""기본 / 배경 / 무늬 / 딸기 무늬""]"
strawberry_earrings,snapshot_match,0,424,[],"[""Strawberry_earrings""]","[""장신구 / 귀 장식 / 귀걸이 / 딸기 귀걸이""]"
streaked,not_in_snapshot,,,[],"[""streaked""]","[""기본 / 배경 / 컬러 / 줄무늬""]"
streaked_hair,snapshot_match,0,436633,[],"[""streaked hair""]","[""외모 / 머리카락 / 색깔 / 머리카락 색깔이 줄무늬다""]"
stream,snapshot_match,0,2250,[],"[""stream""]","[""기본 / 장소 / 자연 / 개울""]"
street,snapshot_match,0,11643,[],"[""street""]","[""기본 / 장소 / 이동 / 거리""]"
stretching,snapshot_match,0,23720,[],"[""stretching""]","[""동작 1 / 몸 / 동작 / 스트레칭""]"
strike_the_blood,snapshot_match,3,1006,[],"[""Strike_the_blood""]","[""작품 / 작품 / 목록 / 스트라이크 더 블러드""]"
string_bikini,snapshot_match,0,68272,[],"[""string_bikini""]","[""의상 / 의상 / 수영복 / 끈으로 가슴만 연결한 비키니""]"
string_panties,snapshot_match,0,17098,[],"[""string_panties""]","[""의상 / 속옷 / 팬티 / 끈 팬티""]"
striped,not_in_snapshot,,,[],"[""striped""]","[""기본 / 배경 / 무늬 / 줄무늬""]"
striped_hairband,snapshot_match,0,3352,[],"[""striped_hairband""]","[""장신구 / 머리 장식 / 머리띠 / 줄무늬 머리띠""]"
striped_hoodie,snapshot_match,0,1985,[],"[""striped_hoodie""]","[""의상 / 상의 / 후드 / 줄무늬 후드""]"
striped_shirt,snapshot_match,0,51466,[],"[""striped_shirt""]","[""의상 / 상의 / 셔츠 / 줄무늬 셔츠""]"
stripper,snapshot_match,0,1288,[],"[""stripper""]","[""인물 / 직업 / 성인 / 스트립퍼""]"
strokingownchin,not_in_snapshot,,,[],"[""strokingownchin""]","[""행동 / 동사 / 동사 ㅌ / 누군가 턱을 쓰다듬다""]"
struggling,snapshot_match,0,2634,[],"[""struggling""]","[""동작 1 / 팔 / 잡는다 / 팔로 강제로 잡는다""]"
studded_legwear,not_in_snapshot,,,[],"[""studded_legwear""]","[""의상 / 속옷 / 양말 / 징이 박힌 양말""]"
student,not_in_snapshot,,,[],"[""student""]","[""인물 / 직업 / 일반 / 학생""]"
studio_deen,not_in_snapshot,,,[],"[""Studio_DEEN""]","[""작품 / 작품 / 제작 / 스튜디오 딘""]"
studying,snapshot_match,0,956,[],"[""studying""]","[""행동 / 동명사 / 동명사 ㄱ / 무엇을 공부하다""]"
style_parody={},placeholder_review,,,[],"[""style_parody={}""]","[""기본 / 작화 / 스타일 / 패러디""]"
sucking,not_in_snapshot,,,[],"[""sucking""]","[""행동 / 동명사 / 동명사 ㅂ / 무엇을 빨다""]"
sucking_both_nipples,snapshot_match,0,130,[],"[""sucking_both_nipples""]","[""동작 1 / 입 / 빨다 / 입으로 양쪽 젖꽂지를 빨다""]"
sucking_on_multiple_breasts,snapshot_match,0,126,[],"[""sucking_on_multiple_breasts""]","[""동작 1 / 입 / 빨다 / 입으로 가슴을 혼자서 다 빨다""]"
sucking_tail,not_in_snapshot,,,[],"[""sucking_tail""]","[""동작 1 / 입 / 먹다 / 꼬리를 빨다""]"
suction_cup_dildo,snapshot_match,0,513,[],"[""suction_cup_dildo""]","[""!섹스 / 도구 / 자위 / 부착하는 딜도""]"
suit,snapshot_match,0,106860,[],"[""suit""]","[""의상 / 의상 / 정장 / 정장(남성)""]"
suit_jacket,snapshot_match,0,21613,[],"[""suit_jacket""]","[""의상 / 상의 / 재킷 / 정장 재킷""]"
sukajan,snapshot_match,0,2250,[],"[""sukajan""]","[""의상 / 상의 / 재킷 / 스카잔(일본 불량배)""]"
sukumizu,alias_candidate_unverified,,,"[""school_swimsuit""]","[""sukumizu""]","[""의상 / 의상 / 수영복  / 학교 수영복""]"
sulking,snapshot_match,0,397,[],"[""sulking""]","[""행동 / 동사 / 동사 ㅇ / 누군가 얼굴을 찡그리다""]"
suma,not_in_snapshot,,,[],"[""Suma""]","[""작품 / 캐릭터 / 귀멸의 칼날 / 츠마""]"
sumerian_mythology,not_in_snapshot,,,[],"[""Sumerian_mythology""]","[""기본 / 테마 / 신화 / 수메르 신화""]"
sumi-e,snapshot_match,0,262,[],"[""sumi-e""]","[""기본 / 테마 / 미술 / 일본 페인팅""]"
summoning,snapshot_match,0,654,[],"[""summoning""]","[""행동 / 동명사 / 동명사 ㅅ / 무엇을 소환하다""]"
sun_hat,snapshot_match,0,42697,[],"[""sun_hat""]","[""장신구 / 머리 장식 / 모자 / 챙이 긴 모자""]"
sunbathing,snapshot_match,0,361,[],"[""sunbathing""]","[""행동 / 동사 / 동사 ㅇ / 누군가 일광욕하다""]"
sundress,snapshot_match,0,21895,[],"[""sundress""]","[""의상 / 의상 / 드레스 / 산책용 드레스""]"
sunrise_studios,not_in_snapshot,,,[],"[""SUNRISE_Studios""]","[""작품 / 작품 / 제작 / 선라이즈""]"
super_detail,not_in_snapshot,,,[],"[""super_detail""]","[""기본 / 품질 / 디테일 / 높은 디테일""]"
super_girl,not_in_snapshot,,,[],"[""Super_Girl""]","[""작품 / 캐릭터 / DC 코믹스 / 슈퍼걸""]"
super_woman,not_in_snapshot,,,[],"[""Super_Woman""]","[""작품 / 캐릭터 / DC 코믹스 / 슈퍼우먼""]"
superhero_landing,snapshot_match,0,292,[],"[""superhero_landing""]","[""동작 1 / 몸 / 동작 / 슈퍼 히어로 랜딩""]"
supermarket,snapshot_match,0,721,[],"[""supermarket""]","[""기본 / 장소 / 가게 / 슈퍼 마켓""]"
suppressed_face,not_in_snapshot,,,[],"[""suppressed_face""]","[""동작 1 / 얼굴 / 표정 / 억눌린 표정""]"
surgical_mask,snapshot_match,0,7349,[],"[""surgical_mask""]","[""장신구 / 얼굴 장식 / 마스크 / 수술 마스크""]"
surprised_face,not_in_snapshot,,,[],"[""surprised_face""]","[""동작 1 / 얼굴 / 표정 / 놀란 표정""]"
surreal,snapshot_match,0,6631,[],"[""surreal""]","[""기본 / 테마 / 미술 / 초현실주의""]"
suspended_congress,snapshot_match,0,3140,[],"[""suspended_congress""]","[""!섹스 / 섹스 / 체위 / 입위(여자를 들어 올리다)""]"
suspender_skirt,snapshot_match,0,28953,[],"[""suspender_skirt""]","[""의상 / 하의 / 치마 / 멜빵이 잡는 치마""]"
suspension,snapshot_match,0,5907,[],"[""suspension""]","[""동작 1 / 몸 / 묶다 / 사람을 묶어 매달았다""]"
suspicious_face,not_in_snapshot,,,[],"[""suspicious_face""]","[""동작 1 / 얼굴 / 표정 / 의심한 표정""]"
suzuka_gozen,not_in_snapshot,,,[],"[""Suzuka_Gozen""]","[""작품 / 캐릭터 / Fate/Grand order / 스즈카 고젠""]"
suzuka_gozen_(santa),not_in_snapshot,,,[],"[""Suzuka_Gozen_(Santa)""]","[""작품 / 캐릭터 / Fate/Grand order / 스즈카 고젠 산타""]"
suì-fēng,not_in_snapshot,,,[],"[""Suì-Fēng""]","[""작품 / 캐릭터 / 블리치 / 소이퐁""]"
swallowing,snapshot_match,0,914,[],"[""swallowing""]","[""동작 1 / 입 / 먹다 / 삼키다""]"
sweat,snapshot_match,0,771614,[],"[""sweat""]","[""체형 / 몸 / 특징 / 땀을 흘린다""]"
sweatband,snapshot_match,0,3453,[],"[""sweatband""]","[""장신구 / 머리 장식 / 머리띠 / 땀띠""]"
sweater,snapshot_match,0,305424,[],"[""sweater""]","[""의상 / 상의 / 스웨터 / 스웨터""]"
sweater_dress,snapshot_match,0,12774,[],"[""sweater_dress""]","[""의상 / 상의 / 스웨터 / 스웨터 드레스""]"
sweater_lift,snapshot_match,0,10739,[],"[""sweater_lift""]","[""동작 2 / 상의 / 행동 / 스웨터를 위로 올렸다""]"
sweater_vest,snapshot_match,0,66930,[],"[""sweater_vest""]","[""의상 / 상의 / 스웨터 / 스웨터 조끼""]"
sweating_profusely,alias_candidate_unverified,,,"[""nervous_sweating""]","[""sweating_profusely""]","[""체형 / 몸 / 특징 / 땀을 흘린다""]"
sweatpants,snapshot_match,0,4614,[],"[""sweatpants""]","[""의상 / 의상 / 운동복 / 운동복""]"
sweden,snapshot_match,0,237,[],"[""Sweden""]","[""기본 / 장소 / 국가 / 스웨덴""]"
swedes,not_in_snapshot,,,[],"[""Swedes""]","[""인물 / 인종 / 국가 / 스웨덴인""]"
sweeping,snapshot_match,0,664,[],"[""sweeping""]","[""행동 / 동사 / 동사 ㅎ / 누군가 흙먼지를 쓸다""]"
swept_bangs,snapshot_match,0,162633,[],"[""swept_bangs""]","[""외모 / 머리카락 / 특징 / 앞머리가 한쪽으로 몰렸다""]"
swimsuit_aside,snapshot_match,0,7198,[],"[""swimsuit_aside""]","[""동작 2 / 수영복 / 행동 / 수영복을 옆으로 넘기다""]"
swimsuit_cover-up,snapshot_match,0,2115,[],"[""swimsuit_cover-up""]","[""동작 2 / 수영복 / 행동 / 수영복 위로 옷을 입다""]"
swimsuit_pull,alias_candidate_unverified,,,"[""one-piece_swimsuit_pull""]","[""swimsuit_pull""]","[""동작 2 / 수영복 / 행동 / 수영복을 위로 당기다""]"
swimsuit_under_clothes,snapshot_match,0,19013,[],"[""swimsuit_under_clothes""]","[""동작 2 / 수영복 / 행동 / 수영복을 옷 안에 입다""]"
sword_art_online,snapshot_match,3,19232,[],"[""Sword_Art_Online""]","[""작품 / 작품 / 목록 / 소드 아트 온라인""]"
sword_maiden,snapshot_match,4,442,[],"[""Sword_Maiden""]","[""작품 / 캐릭터 / 고블린 슬레이어 / 검의 처녀""]"
sybian,snapshot_match,0,153,[],"[""sybian""]","[""!섹스 / 도구 / 자위 / 승차 기계""]"
sylvia_lyyneheym,not_in_snapshot,,,[],"[""Sylvia_Lyyneheym""]","[""작품 / 캐릭터 / 학전도시 아스터리스크 / 실비아 류네하임""]"
sylvia_sherwood,snapshot_match,4,142,[],"[""Sylvia_Sherwood""]","[""작품 / 캐릭터 / 스파이 패밀리 / 실비아 셔우드""]"
symbol-shaped_pupils,snapshot_match,0,251800,[],"[""symbol-shaped_pupils""]","[""외모 / 눈 / 모양 / 심볼""]"
syr_flova,alias_candidate_unverified,,,"[""syr_flover""]","[""Syr_Flova""]","[""작품 / 캐릭터 / 던전에서 만남을 추구하면 안 되는 걸까? / 시르 플로버""]"
t-shirt,snapshot_match,0,99992,[],"[""t-shirt""]","[""의상 / 상의 / 셔츠 / 티셔츠""]"
tabane_shinonono,not_in_snapshot,,,[],"[""Tabane_Shinonono""]","[""작품 / 캐릭터 / 인피니트 스트라토스 / 시노노노 타바네""]"
tabi,snapshot_match,0,25198,[],"[""tabi""]","[""의상 / 속옷 / 양말 / 버선""]"
tabitha,not_in_snapshot,,,[],"[""Tabitha""]","[""작품 / 캐릭터 / 제로의 사역마 / 타바사""]"
table_sex,alias_candidate_unverified,,,"[""table_humping""]","[""table_sex""]","[""!섹스 / 섹스 / 자위 / 자위할 때 테이블을 쓴다""]"
tactical_gloves,snapshot_match,0,287,[],"[""tactical_gloves""]","[""장신구 / 손 장식 / 장갑 / 전술 장갑""]"
tail_bell,snapshot_match,0,3524,[],"[""Tail_bell""]","[""장신구 / 기타 / 꼬리 / 꼬리 종""]"
tail_biting,not_in_snapshot,,,[],"[""tail_biting""]","[""동작 1 / 입 / 깨물다 / 이빨로 꼬리를 깨물다""]"
tail_bow,snapshot_match,0,13941,[],"[""Tail_bow""]","[""장신구 / 기타 / 꼬리 / 꼬리 리본""]"
tail_hug,alias_candidate_unverified,,,"[""hugging_tail""]","[""tail_hug""]","[""동작 1 / 몸 / 껴안다 / 꼬리로 껴안다""]"
tail_masturbation,snapshot_match,0,296,[],"[""tail_masturbation""]","[""!섹스 / 섹스 / 자위 / 자위할 때 꼬리를 쓴다""]"
tail_ornament,snapshot_match,0,31685,[],"[""Tail_ornament""]","[""장신구 / 기타 / 꼬리 / 꼬리 장식품""]"
tail_piercing,snapshot_match,0,2723,[],"[""Tail_piercing""]","[""장신구 / 기타 / 꼬리 / 꼬리 피어싱""]"
tail_ribbon,snapshot_match,0,8875,[],"[""Tail_ribbon""]","[""장신구 / 기타 / 꼬리 / 꼬리 리본""]"
tail_ring,snapshot_match,0,2717,[],"[""Tail_ring""]","[""장신구 / 기타 / 꼬리 / 꼬리 고리""]"
tailcoat,snapshot_match,0,14068,[],"[""tailcoat""]","[""의상 / 상의 / 코트 / 연미복""]"
taiwan,snapshot_match,0,347,[],"[""Taiwan""]","[""기본 / 장소 / 국가 / 대만""]"
taiwanese,not_in_snapshot,,,[],"[""Taiwanese""]","[""인물 / 인종 / 국가 / 대만인""]"
talia_al_ghul,not_in_snapshot,,,[],"[""Talia_al_Ghul""]","[""작품 / 캐릭터 / DC 코믹스 / 탈리아 알 굴""]"
tall,not_in_snapshot,,,[],"[""tall""]","[""체형 / 몸 / 길이 / 키가 크다""]"
tamamo_cat,not_in_snapshot,,,[],"[""Tamamo_Cat""]","[""작품 / 캐릭터 / Fate/Grand order / 타마모 캣""]"
tamamo_no_mae,not_in_snapshot,,,[],"[""Tamamo_no_Mae""]","[""작품 / 캐릭터 / Fate/Grand order / 타마모노마에""]"
tamamo_no_mae_(swimsuit_lancer),not_in_snapshot,,,[],"[""Tamamo_no_Mae_(Swimsuit_Lancer)""]","[""작품 / 캐릭터 / Fate/Grand order / 타마모노마에 수영복""]"
tamamo_vitch_koyanskaya,not_in_snapshot,,,[],"[""Tamamo_Vitch_Koyanskaya""]","[""작품 / 캐릭터 / Fate/Grand order / 타마모빗치 코얀스카야""]"
tamamo_vitch_koyanskaya_(foreigner),not_in_snapshot,,,[],"[""Tamamo_Vitch_Koyanskaya_(Foreigner)""]","[""작품 / 캐릭터 / Fate/Grand order / 타마모빗치 코얀스카야 포리너""]"
tangzhuang,snapshot_match,0,4369,[],"[""tangzhuang""]","[""의상 / 의상 / 복장 / 탕좡""]"
tank_top,snapshot_match,0,123293,[],"[""tank_top""]","[""의상 / 상의 / 셔츠 / 탱크탑""]"
tankini,snapshot_match,0,2538,[],"[""tankini""]","[""의상 / 의상 / 수영복 / 짧은 상의와 연결된 비키니""]"
tanned_skin,alias_candidate_unverified,,,"[""tan""]","[""tanned_skin""]","[""체형 / 몸 / 특징 / 몸이 구릿빛이다""]"
tanya_von_degurechaff,not_in_snapshot,,,[],"[""Tanya_von_Degurechaff""]","[""작품 / 캐릭터 / 유녀전기 / 타냐 데그레챠프""]"
tape_gag,snapshot_match,0,4642,[],"[""tape_gag""]","[""!섹스 / 도구 / 개그 / 테이프 개그""]"
tapping,not_in_snapshot,,,[],"[""tapping""]","[""행동 / 동명사 / 동명사 ㅌ / 무엇을 테이프로 감다""]"
tassel_earrings,snapshot_match,0,16127,[],"[""Tassel_earrings""]","[""장신구 / 귀 장식 / 귀걸이 / 술이 달린 귀걸이""]"
tasting,snapshot_match,0,633,[],"[""tasting""]","[""동작 1 / 입 / 먹다 / 시식하다""]"
tasuki,snapshot_match,0,13313,[],"[""tasuki""]","[""의상 / 의상 / 복장 / 기모노 끈""]"
tatami_nakagame,not_in_snapshot,,,[],"[""Tatami_Nakagame""]","[""작품 / 캐릭터 / 나의 히어로 아카데미아 / 나카가메 타타미""]"
tate_eboshi,snapshot_match,0,13541,[],"[""tate_eboshi""]","[""장신구 / 머리 장식 / 모자 / 귀족 모자""]"
tate_no_yuusha_no_nariagari,snapshot_match,3,4350,[],"[""Tate_no_Yuusha_no_Nariagari""]","[""작품 / 작품 / 목록 / 방패용사 성공담""]"
tatenashi_sarashiki,not_in_snapshot,,,[],"[""Tatenashi_Sarashiki""]","[""작품 / 캐릭터 / 인피니트 스트라토스 / 시라시키 타네나시""]"
tatsumaki,snapshot_match,4,4974,[],"[""Tatsumaki""]","[""작품 / 캐릭터 / 원펀맨 / 타츠마키""]"
tatsunoko_production,not_in_snapshot,,,[],"[""tatsunoko_production""]","[""작품 / 작품 / 제작 / 타츠노코 프로덕션""]"
taut_dress,snapshot_match,0,4096,[],"[""taut_dress""]","[""의상 / 의상 / 드레스 / 팽팽한 드레스""]"
taut_legwear,not_in_snapshot,,,[],"[""taut_legwear""]","[""동작 2 / 양말 / 행동 / 양말이 팽팽하다""]"
tayuya,not_in_snapshot,,,[],"[""Tayuya""]","[""작품 / 캐릭터 / 나루토 / 타유야""]"
teacher,snapshot_match,0,6593,[],"[""teacher""]","[""인물 / 직업 / 교육 / 교사""]"
teaching,snapshot_match,0,545,[],"[""teaching""]","[""행동 / 동명사 / 동명사 ㄱ / 무엇을 가르치다""]"
teardrop-framed_glasses,snapshot_match,0,1239,[],"[""teardrop-framed_glasses""]","[""장신구 / 얼굴 장식 / 안경 / 눈물 모양 안경"", ""장신구 / 얼굴 장식 / 안경 / 안경테가 아래쪽만 있는 안경""]"
tearful_face,not_in_snapshot,,,[],"[""tearful_face""]","[""동작 1 / 얼굴 / 표정 / 울먹이는 표정""]"
tears,snapshot_match,0,295602,[],"[""tears""]","[""외모 / 눈 / 특징 / 눈물이 맺힌다""]"
teddy_bear_sex,snapshot_match,0,116,[],"[""teddy_bear_sex""]","[""!섹스 / 섹스 / 자위 / 자위할 때 곰인형을 쓴다""]"
teenboy,not_in_snapshot,,,[],"[""teenboy""]","[""체형 / 몸 / 나이 / 청년 남성""]"
teengirl,not_in_snapshot,,,[],"[""teengirl""]","[""체형 / 몸 / 나이 / 청년 여성""]"
temari,alias_candidate_unverified,,,"[""temari_(naruto)""]","[""Temari""]","[""작품 / 캐릭터 / 나루토 / 테마리""]"
temple,snapshot_match,0,1291,[],"[""temple""]","[""기본 / 장소 / 시설 / 절""]"
tenga,snapshot_match,3,762,[],"[""tenga""]","[""!섹스 / 도구 / 자위 / 인공 보지""]"
tengen_toppa_gurren_lagann,snapshot_match,3,11044,[],"[""Tengen_toppa_gurren_lagann""]","[""작품 / 작품 / 목록 / 천원돌파 그렌라간""]"
tenko_chabashira,not_in_snapshot,,,[],"[""Tenko_Chabashira""]","[""작품 / 캐릭터 / 단간론파 / 챠바시라 텐코""]"
tennis_dress,snapshot_match,0,132,[],"[""tennis_dress""]","[""의상 / 의상 / 드레스 / 테니스 드레스""]"
tennis_player,not_in_snapshot,,,[],"[""tennis_player""]","[""인물 / 직업 / 운동 / 테니스 선수""]"
tennis_uniform,snapshot_match,0,3477,[],"[""tennis_uniform""]","[""의상 / 의상 / 운동복 / 테니스복""]"
tensei_shitara_slime_datta_ken,snapshot_match,3,2321,[],"[""Tensei_shitara_Slime_Datta_Ken""]","[""작품 / 작품 / 목록 / 전생했더니 슬라임이었던 건에 대하여""]"
tentacle_gagged,not_in_snapshot,,,[],"[""tentacle_gagged""]","[""!섹스 / 섹스 / 촉수 / 촉수로 재갈을 물리다""]"
tentaclejob,alias_candidate_unverified,,,"[""tentacle_on_penis""]","[""tentaclejob""]","[""!섹스 / 섹스 / 촉수 / 촉수로 애무하다""]"
tentacles,snapshot_match,0,60957,[],"[""tentacles""]","[""!섹스 / 섹스 / 촉수 / 촉수를 꺼내다""]"
tentacles_in_thighhighs,not_in_snapshot,,,[],"[""tentacles_in_thighhighs""]","[""!섹스 / 섹스 / 촉수 / 촉수를 허벅지 안에 넣다""]"
tentacles_under_clothes,snapshot_match,0,2138,[],"[""tentacles_under_clothes""]","[""!섹스 / 섹스 / 촉수 / 촉수를 옷 안에 넣다""]"
tenten,alias_candidate_unverified,,,"[""tenten_(naruto)""]","[""Tenten""]","[""작품 / 캐릭터 / 나루토 / 텐텐""]"
terrorist,snapshot_match,0,66,[],"[""terrorist""]","[""인물 / 직업 / 일반 / 테러리스트""]"
testicle_sucking,snapshot_match,0,1889,[],"[""testicle_sucking""]","[""!섹스 / 섹스 / 고환 / 고환을 빨다"", ""동작 1 / 입 / 빨다 / 입으로 고환을 빨다""]"
testicles_on_face,snapshot_match,0,238,[],"[""testicles_on_face""]","[""!섹스 / 섹스 / 고환 / 고환을 얼굴에 올리다""]"
tetora,not_in_snapshot,,,[],"[""Tetora""]","[""작품 / 캐릭터 / 로그 호라이즌 / 테토라""]"
teuroteu,not_in_snapshot,,,[],"[""Teuroteu""]","[""기본 / 테마 / 음악 / 트로트""]"
textmessaging,not_in_snapshot,,,[],"[""textmessaging""]","[""행동 / 동사 / 동사 ㅁ / 누군가 문자 메시지를 보내다""]"
tezuka_productions_co.,not_in_snapshot,,,[],"[""TEZUKA_PRODUCTIONS_Co.""]","[""작품 / 작품 / 제작 / 데즈카 프로덕션""]"
thai,alias_candidate_unverified,,,"[""thai_text""]","[""Thai""]","[""인물 / 인종 / 국가 / 태국인""]"
thailand,snapshot_match,0,129,[],"[""Thailand""]","[""기본 / 장소 / 국가 / 태국""]"
theater,snapshot_match,0,410,[],"[""theater""]","[""기본 / 장소 / 유흥 / 원형극장""]"
thick_abs,not_in_snapshot,,,[],"[""thick_abs""]","[""체형 / 몸 / 모양 / 복근이 두껍다""]"
thick_ankle,not_in_snapshot,,,[],"[""thick_ankle""]","[""체형 / 발 / 모양 / 발목이 두껍다""]"
thick_calf,not_in_snapshot,,,[],"[""thick_calf""]","[""체형 / 다리 / 모양 / 종아리가 두껍다""]"
thick_fingers,not_in_snapshot,,,[],"[""thick_fingers""]","[""체형 / 손 / 모양 / 손가락이 두껍다""]"
thick_foot,not_in_snapshot,,,[],"[""thick_foot""]","[""체형 / 발 / 모양 / 발이 두껍다""]"
thick_leg,not_in_snapshot,,,[],"[""thick_leg""]","[""체형 / 다리 / 모양 / 다리가 두껍다""]"
thick_lips,snapshot_match,0,4712,[],"[""thick_lips""]","[""외모 / 입 / 모양 / 입술이 두껍다""]"
thick_tail,snapshot_match,0,485,[],"[""thick_tail""]","[""체형 / 꼬리 / 모양 / 꼬리가 두껍다""]"
thick_thigh,not_in_snapshot,,,[],"[""thick_thigh""]","[""체형 / 다리 / 모양 / 허벅지가 두껍다""]"
thick_wrist,not_in_snapshot,,,[],"[""thick_wrist""]","[""체형 / 손 / 모양 / 손목이 두껍다""]"
thickwaist,not_in_snapshot,,,[],"[""thickwaist""]","[""체형 / 몸 / 모양 / 허리가 두껍다""]"
thigh_boots,snapshot_match,0,123842,[],"[""thigh_boots""]","[""의상 / 신발 / 부츠 / 허벅지 부츠""]"
thigh_focus,snapshot_match,0,1252,[],"[""thigh_focus""]","[""기본 / 초점 / 집중 / 허벅지에 집중한다""]"
thigh_high_socks,not_in_snapshot,,,[],"[""Thigh_High_Socks""]","[""의상 / 속옷 / 양말 / 사이 하이 삭스(허벅지)""]"
thigh_sex,snapshot_match,0,5532,[],"[""thigh_sex""]","[""!섹스 / 섹스 / 자지 / 자지를 허벅지에 비빈다""]"
thigh_straddling,snapshot_match,0,763,[],"[""thigh_straddling""]","[""동작 1 / 몸 / 올리다 / 사람을 허벅지에 올리다""]"
thigh_strap,snapshot_match,0,251207,[],"[""thigh_strap""]","[""의상 / 속옷 / 양말 / 허벅지 끈""]"
thighhighs,snapshot_match,0,1533169,[],"[""thighhighs""]","[""의상 / 속옷 / 양말 / 하이 식스(허벅지)""]"
thin_ankle,not_in_snapshot,,,[],"[""thin_ankle""]","[""체형 / 발 / 모양 / 발목이 얇다""]"
thin_calf,not_in_snapshot,,,[],"[""thin_calf""]","[""체형 / 다리 / 모양 / 종아리가 얇다""]"
thin_forearm,not_in_snapshot,,,[],"[""thin_forearm""]","[""체형 / 팔 / 모양 / 팔뚝이 얇다""]"
thin_lips,not_in_snapshot,,,[],"[""thin_lips""]","[""외모 / 입 / 모양 / 입술이 얇다""]"
thin_stomach,not_in_snapshot,,,[],"[""thin_stomach""]","[""체형 / 몸 / 모양 / 배가 말랐다""]"
thin_thighs,not_in_snapshot,,,[],"[""thin_thighs""]","[""체형 / 다리 / 모양 / 허벅지가 얇다""]"
thin_wrist,not_in_snapshot,,,[],"[""thin_wrist""]","[""체형 / 손 / 모양 / 손목이 얇다""]"
thinking,snapshot_match,0,8333,[],"[""thinking""]","[""행동 / 동명사 / 동명사 ㅅ / 무엇을 생각하다""]"
thinwaist,not_in_snapshot,,,[],"[""thinwaist""]","[""체형 / 몸 / 모양 / 허리가 얇다""]"
thong_bikini,snapshot_match,0,9772,[],"[""thong_bikini""]","[""의상 / 의상 / 수영복 / 끈이 많은 비키니""]"
three_open_fingers,not_in_snapshot,,,[],"[""Three_open_fingers""]","[""동작 1 / 손가락 / 동작 / 손가락 세개를 올린다""]"
throwing,snapshot_match,0,6775,[],"[""throwing""]","[""행동 / 동명사 / 동명사 ㄷ / 무엇을 던지다""]"
thumb_biting,alias_candidate_unverified,,,"[""biting_own_thumb""]","[""thumb_biting""]","[""동작 1 / 입 / 깨물다 / 이빨로 엄지를 깨물다""]"
thumbs_down,snapshot_match,0,1227,[],"[""thumbs_down""]","[""동작 1 / 손가락 / 동작 / 엄지 손가락을 내리다""]"
thumbs_up,snapshot_match,0,20262,[],"[""thumbs_up""]","[""동작 1 / 손가락 / 동작 / 엄지 손가락을 들다""]"
tiamat,not_in_snapshot,,,[],"[""Tiamat""]","[""작품 / 캐릭터 / Fate/Grand order / 타이마트""]"
tiara,snapshot_match,0,88141,[],"[""tiara""]","[""장신구 / 머리 장식 / 장신구 / 티아라""]"
tickle_torture,snapshot_match,0,867,[],"[""tickle_torture""]","[""동작 1 / 손 / 간지럽히다 / 손으로 간지럽혀 고문하다""]"
tickling,snapshot_match,0,4272,[],"[""tickling""]","[""동작 1 / 손 / 간지럽히다 / 손으로 간지럽히다""]"
tied_up,alias_candidate_unverified,,,"[""tied_up_(nonsexual)""]","[""Tied_up""]","[""동작 1 / 팔 / 잡는다 / 강제로 끈으로 묶는다""]"
tier_harribel,snapshot_match,4,819,[],"[""Tier_Harribel""]","[""작품 / 캐릭터 / 블리치 / 티아 할리벨""]"
tiffania,not_in_snapshot,,,[],"[""Tiffania""]","[""작품 / 캐릭터 / 제로의 사역마 / 티파니아""]"
tiger,snapshot_match,0,6669,[],"[""tiger""]","[""인물 / 종족 / 동물 / 호랑이""]"
tiger_costume,snapshot_match,0,731,[],"[""tiger_costume""]","[""의상 / 의상 / 코스튬 / 호랑이 코스튬""]"
tiger_ears,snapshot_match,0,25340,[],"[""tiger_ears""]","[""외모 / 귀 / 모양 / 호랑이 귀""]"
tiger_furry,not_in_snapshot,,,[],"[""tiger_furry""]","[""인물 / 종족 / 퍼리 / 호랑이 수인""]"
tiger_human,not_in_snapshot,,,[],"[""tiger_human""]","[""인물 / 종족 / 수인 / 호랑이 인간""]"
tiger_tail,snapshot_match,0,16242,[],"[""tiger_tail""]","[""체형 / 꼬리 / 종류 / 호랑이 꼬리""]"
tight_pants,snapshot_match,0,9962,[],"[""tight_pants""]","[""의상 / 하의 / 바지 / 몸에 꽉 끼는 바지""]"
tight_skirt,not_in_snapshot,,,[],"[""tight_skirt""]","[""의상 / 하의 / 치마 / 타이트 스커트""]"
tilted_headwear,snapshot_match,0,20560,[],"[""tilted_headwear""]","[""동작 2 / 모자 / 행동 / 모자를 기울이다""]"
tina_sprout,snapshot_match,4,161,[],"[""Tina_Sprout""]","[""작품 / 캐릭터 / 블랙 불릿 / 티나 스프라우트""]"
tiny_clitoris,not_in_snapshot,,,[],"[""tiny_clitoris""]","[""!섹스 / 보지 / 모양 / 음핵이 작다""]"
tiptoe_kiss,snapshot_match,0,324,[],"[""tiptoe_kiss""]","[""동작 1 / 발 / 동작 / 발가락을 들고 키스한다""]"
tiptoes,snapshot_match,0,18476,[],"[""tiptoes""]","[""동작 1 / 발 / 동작 / 발가락을 들고 균형잡다""]"
tired_face,not_in_snapshot,,,[],"[""Tired_face""]","[""동작 1 / 얼굴 / 표정 / 피곤한 표정""]"
toaru_project,not_in_snapshot,,,[],"[""Toaru_Project""]","[""작품 / 작품 / 목록 / 어떤 마술(과학)의 시리즈""]"
toe_socks,snapshot_match,0,126,[],"[""toe_socks""]","[""의상 / 속옷 / 양말 / 발가략 양말""]"
toe_sucking,snapshot_match,0,288,[],"[""toe_sucking""]","[""동작 1 / 입 / 빨다 / 입으로 발가락을 빨다""]"
toei_company,snapshot_match,3,167,[],"[""TOEI_COMPANY""]","[""작품 / 작품 / 제작 / 토에이""]"
toeless_footwear,not_in_snapshot,,,[],"[""toeless_footwear""]","[""의상 / 신발 / 신발 / 발가락이 보이는 신발""]"
toeless_legwear,snapshot_match,0,28438,[],"[""toeless_legwear""]","[""의상 / 속옷 / 양말 / 발가락만 보이는 양말""]"
tohru,not_in_snapshot,,,[],"[""Tohru""]","[""작품 / 캐릭터 / 코바야시네 메이드래곤 / 토르 ""]"
toilet_stall,snapshot_match,0,1848,[],"[""toilet_stall""]","[""기본 / 장소 / 가정 / 칸막이화장실""]"
tokin_hat,snapshot_match,0,46908,[],"[""tokin_hat""]","[""장신구 / 머리 장식 / 모자 / 텐구 모자""]"
toko_fukawa,not_in_snapshot,,,[],"[""Toko_Fukawa""]","[""작품 / 캐릭터 / 단간론파 / 후카와 토코""]"
tokyo_ghoul,snapshot_match,3,3401,[],"[""Tokyo_Ghoul""]","[""작품 / 작품 / 목록 / 도쿄 구울""]"
tomoe_gozen,not_in_snapshot,,,[],"[""Tomoe_Gozen""]","[""작품 / 캐릭터 / Fate/Grand order / 토모에 고젠""]"
tomoe_gozen_(swimsuit_saber),not_in_snapshot,,,[],"[""Tomoe_Gozen_(Swimsuit_Saber)""]","[""작품 / 캐릭터 / Fate/Grand order / 토모에 고젠 수영복""]"
tongue,snapshot_match,0,556905,[],"[""tongue""]","[""외모 / 입 / 부위 / 혀""]"
tongue_grab,alias_candidate_unverified,,,"[""grabbing_another's_tongue""]","[""tongue_grab""]","[""동작 1 / 혀 / 동작 / 혀를 잡다""]"
tongue_out,snapshot_match,0,420727,[],"[""tongue_out""]","[""동작 1 / 혀 / 동작 / 혀를 내밀다""]"
tongue_piercing,snapshot_match,0,7276,[],"[""Tongue_piercing""]","[""장신구 / 기타 / 피어싱 / 혀 피어싱""]"
tongue_training_kiss,not_in_snapshot,,,[],"[""Tongue_Training_Kiss""]","[""동작 1 / 입 / 키스하다 / 혀를 엮으며 키스한다""]"
too_many_sex_toys,snapshot_match,0,546,[],"[""too_many_sex_toys""]","[""!섹스 / 도구 / 자위 / 매우 많은 자위 도구""]"
too_many_tentacles,not_in_snapshot,,,[],"[""too_many_tentacles""]","[""!섹스 / 섹스 / 촉수 / 촉수를 매우 많이 꺼내다""]"
too_many_used_condom,not_in_snapshot,,,[],"[""too_many_used_condom""]","[""!섹스 / 섹스 / 사정 / 정액이 콘돔에 들어 있다""]"
top-down_bottom-up,snapshot_match,0,28796,[],"[""top-down_bottom-up""]","[""!섹스 / 섹스 / 체위 / 후배위(엎드린 채로 엉덩이를 들다)"", ""동작 1 / 몸 / 동작 / 네 발로 서서 엉덩이를 들다""]"
top_hat,snapshot_match,0,47722,[],"[""top_hat""]","[""장신구 / 머리 장식 / 모자 / 마술사 모자""]"
topless,not_in_snapshot,,,[],"[""topless""]","[""동작 2 / 의상 / 행동 / 옷을 상의만 입었다""]"
toque_blanche,snapshot_match,0,515,[],"[""toque_blanche""]","[""장신구 / 머리 장식 / 모자 / 빵 요리사 모자""]"
torn_bra,snapshot_match,0,556,[],"[""torn_bra""]","[""동작 2 / 브래지어 / 행동 / 브래지어를 찢었다""]"
torn_hat,snapshot_match,0,1063,[],"[""torn_hat""]","[""동작 2 / 모자 / 행동 / 모자를 찢었다""]"
torn_legwear,not_in_snapshot,,,[],"[""torn_legwear""]","[""동작 2 / 양말 / 행동 / 양말이 찢어졌다""]"
torn_swimsuit,snapshot_match,0,1491,[],"[""torn_swimsuit""]","[""동작 2 / 수영복 / 행동 / 수영복을 찢었다""]"
torogao,snapshot_match,0,12422,[],"[""torogao""]","[""!섹스 / 섹스 / 상황 / 여자가 황홀한 얼굴을 한다""]"
torso_grab,snapshot_match,0,13759,[],"[""torso_grab""]","[""!섹스 / 섹스 / 애무 / 손으로 몸을 잡았다"", ""동작 1 / 손 / 잡다 / 손으로 몸통을 잡다""]"
torso_inclination,not_in_snapshot,,,[],"[""Torso_inclination""]","[""동작 1 / 몸 / 기울이다 / 등을 기울이다""]"
toru_hagakure,not_in_snapshot,,,[],"[""Toru_Hagakure""]","[""작품 / 캐릭터 / 나의 히어로 아카데미아 / 하가쿠레 토오루""]"
touched_face,not_in_snapshot,,,[],"[""touched_face""]","[""동작 1 / 얼굴 / 표정 / 감동한 표정""]"
touching,snapshot_match,0,597,[],"[""touching""]","[""행동 / 동사 / 동사 ㄱ / 누군가 감동하다""]"
toudou_kirin,snapshot_match,4,93,[],"[""Toudou_Kirin""]","[""작품 / 캐릭터 / 학전도시 아스터리스크 / 토도 카린""]"
touka_kirishima,not_in_snapshot,,,[],"[""Touka_Kirishima""]","[""작품 / 캐릭터 / 도쿄 구울 / 키리시마 토우카""]"
touka_toudou,not_in_snapshot,,,[],"[""Touka_Toudou""]","[""작품 / 캐릭터 / 낙제기사의 영웅담 / 토도 토카""]"
towel_slip,snapshot_match,0,129,[],"[""towel_slip""]","[""동작 2 / 의상 / 행동 / 수건을 벗겨졌다""]"
tower,snapshot_match,0,8227,[],"[""tower""]","[""기본 / 장소 / 건축물 / 탑""]"
track_suit,snapshot_match,0,14531,[],"[""track_suit""]","[""의상 / 의상 / 운동복 / 운동복""]"
traditional_media,snapshot_match,5,126751,[],"[""traditional_media""]","[""기본 / 작화 / 화풍 / 손 그림""]"
train_attendant,snapshot_match,0,138,[],"[""train_attendant""]","[""인물 / 직업 / 이동 / 기차 안내원""]"
train_conductor,snapshot_match,0,1359,[],"[""train_conductor""]","[""인물 / 직업 / 이동 / 기차 운전사""]"
train_station,snapshot_match,0,3249,[],"[""train_station""]","[""기본 / 장소 / 이동 / 기차역""]"
training_bra,snapshot_match,0,1981,[],"[""training_bra""]","[""의상 / 속옷 / 브래지어 / 트레이닝 브래지어""]"
trans_man,not_in_snapshot,,,[],"[""Trans_man""]","[""체형 / 몸 / 성별 / 트랜스 남성""]"
trans_woman,not_in_snapshot,,,[],"[""Trans_woman""]","[""체형 / 몸 / 성별 / 트랜스 여성""]"
trapeze_dress,snapshot_match,0,100,[],"[""trapeze_dress""]","[""의상 / 의상 / 드레스 / 밑단이 넓은 드레스""]"
treehouse,snapshot_match,0,349,[],"[""treehouse""]","[""기본 / 장소 / 가정 / 나무 위의집""]"
trembling,snapshot_match,0,108684,[],"[""trembling""]","[""행동 / 동사 / 동사 ㅁ / 누군가 몸을 떨다""]"
trench_coat,snapshot_match,0,8270,[],"[""trench_coat""]","[""의상 / 상의 / 코트 / 트레치 코트""]"
tri_braids,snapshot_match,0,1285,[],"[""tri_braids""]","[""외모 / 머리카락 / 스타일 / 트라이 브레이드""]"
tri_tails,snapshot_match,0,2761,[],"[""tri_tails""]","[""외모 / 머리카락 / 스타일 / 트라티 테일""]"
triangle_choke,snapshot_match,0,268,[],"[""triangle_choke""]","[""동작 1 / 팔 / 잡는다 / 강제로 다리로 목을 조르다"", ""동작 1 / 팔 / 잡는다 / 강제로 팔로 목을 조르다""]"
triangular_eyewear,snapshot_match,0,1160,[],"[""triangular_eyewear""]","[""장신구 / 얼굴 장식 / 안경 / 반투명한 안경""]"
triangular_face,not_in_snapshot,,,[],"[""triangular_face""]","[""외모 / 얼굴 / 모양 / 얼굴이 삼각형이다""]"
tricorne,snapshot_match,0,4107,[],"[""tricorne""]","[""장신구 / 머리 장식 / 모자 / 삼각뿔 모자""]"
trigger_inc.,not_in_snapshot,,,[],"[""Trigger_Inc.""]","[""작품 / 작품 / 제작 / 트리거""]"
trinity_seven,snapshot_match,3,196,[],"[""Trinity_Seven""]","[""작품 / 작품 / 목록 / 트리니티 세븐""]"
triple_anal,snapshot_match,0,94,[],"[""triple_anal""]","[""!섹스 / 섹스 / 항문 / 항문에 자지를 3개 넣다""]"
triple_bun,snapshot_match,0,136,[],"[""triple_bun""]","[""외모 / 머리카락 / 스타일 / 트윈 롤빵""]"
triple_vaginal,snapshot_match,0,82,[],"[""triple_vaginal""]","[""!섹스 / 섹스 / 보지 / 보지에 자지를 3개 넣다""]"
triple_wielding,snapshot_match,0,414,[],"[""triple_wielding""]","[""동작 1 / 손 / 들다 / 양손에 세 개를 휘두르다""]"
triplets,snapshot_match,0,1625,[],"[""triplets""]","[""인물 / 인물 / 위치 / 세 쌍둥이""]"
trolling,snapshot_match,0,759,[],"[""trolling""]","[""행동 / 동사 / 동사 ㄷ / 누구를 도발하다""]"
trombone_(sex_act),alias_candidate_unverified,,,"[""rusty_trombone""]","[""trombone_(sex_act)""]","[""!섹스 / 섹스 / 오랄 / 입으로 항문을 빨며 자지를 흔들다""]"
trucker,not_in_snapshot,,,[],"[""trucker""]","[""인물 / 직업 / 이동 / 트럭 운전사""]"
true_neutral,not_in_snapshot,,,[],"[""True_Neutral""]","[""인물 / 특징 / 성향 / 중립""]"
trung_sisters,not_in_snapshot,,,[],"[""Trung_Sisters""]","[""작품 / 캐릭터 / Fate/Grand order / 쯩 자매""]"
tsubaki_kasugano,not_in_snapshot,,,[],"[""Tsubaki_Kasugano""]","[""작품 / 캐릭터 / 미래일기 / 카스가노 츠바키""]"
tsubaki_nakatsukasa,not_in_snapshot,,,[],"[""Tsubaki_Nakatsukasa""]","[""작품 / 캐릭터 / 소울 이터 / 나카츠카사 츠바키""]"
tsukuyo,not_in_snapshot,,,[],"[""Tsukuyo""]","[""작품 / 캐릭터 / 은혼 / 츠쿠요""]"
tsumugi_shirogane,not_in_snapshot,,,[],"[""Tsumugi_Shirogane""]","[""작품 / 캐릭터 / 단간론파 / 시로가네 츠무기""]"
tsunade,alias_candidate_unverified,,,"[""tsunade_(naruto)""]","[""Tsunade""]","[""작품 / 캐릭터 / 나루토 / 츠나데""]"
tsundere,snapshot_match,0,6260,[],"[""Tsundere""]","[""인물 / 특징 / 데레 / 츤데레""]"
tsunokakushi,snapshot_match,0,113,[],"[""tsunokakushi""]","[""장신구 / 머리 장식 / 모자 / 일본 결혼식 모자""]"
tsuyu_asui,not_in_snapshot,,,[],"[""Tsuyu_Asui""]","[""작품 / 캐릭터 / 나의 히어로 아카데미아 / 아스이 츠유""]"
tube_dress,snapshot_match,0,2392,[],"[""tube_dress""]","[""의상 / 의상 / 드레스 / 끈 없이 밀착한 드레스""]"
tube_socks,snapshot_match,0,291,[],"[""tube_socks""]","[""의상 / 속옷 / 양말 / 튜브 양말""]"
tube_top,snapshot_match,0,27614,[],"[""tube_top""]","[""의상 / 상의 / 셔츠 / 튜브탑""]"
tulip_skirt,not_in_snapshot,,,[],"[""tulip_skirt""]","[""의상 / 하의 / 치마 / 튤립 스커트""]"
tunnel,snapshot_match,0,860,[],"[""tunnel""]","[""기본 / 장소 / 이동 / 터널""]"
turkey,not_in_snapshot,,,[],"[""Turkey""]","[""기본 / 장소 / 국가 / 터키""]"
turkish_people,not_in_snapshot,,,[],"[""Turkish_people""]","[""인물 / 인종 / 국가 / 터키인""]"
turnred_face,not_in_snapshot,,,[],"[""turnred_face""]","[""동작 1 / 얼굴 / 표정 / 붉히는 표정""]"
turtleneck,snapshot_match,0,180736,[],"[""turtleneck""]","[""의상 / 상의 / 스웨터 / 터틀넥""]"
tutu,snapshot_match,0,2700,[],"[""tutu""]","[""의상 / 의상 / 제복 / 발레복""]"
tuxedo,snapshot_match,0,4232,[],"[""tuxedo""]","[""의상 / 의상 / 정장 / 턱시도""]"
twin_braids,snapshot_match,0,248980,[],"[""twin_braids""]","[""외모 / 머리카락 / 스타일 / 트윈 브레이드""]"
twincest,snapshot_match,0,3480,[],"[""twincest""]","[""!섹스 / 섹스 / 성향 / 자매끼리 섹스하다""]"
twins,snapshot_match,0,46957,[],"[""twins""]","[""인물 / 인물 / 위치 / 쌍둥이""]"
twintails,snapshot_match,0,1236418,[],"[""twintails""]","[""외모 / 머리카락 / 스타일 / 트윈테일""]"
twisted_torso,snapshot_match,0,10119,[],"[""twisted_torso""]","[""동작 1 / 몸 / 기울이다 / 등을 뒤틀다""]"
twitching_penis,snapshot_match,0,5779,[],"[""twitching_penis""]","[""!섹스 / 섹스 / 자지 / 자지를 경련한다""]"
twitching_pussy,snapshot_match,0,65,[],"[""twitching_pussy""]","[""!섹스 / 섹스 / 보지 / 보지를 경련시킨다""]"
twitching_testicles,snapshot_match,0,73,[],"[""twitching_testicles""]","[""!섹스 / 섹스 / 고환 / 고환을 경련시킨다""]"
two-finger_salute,snapshot_match,0,1853,[],"[""two-finger_salute""]","[""동작 1 / 손가락 / 동작 / 두 손가락으로 경례한다""]"
two-handed_handjob,snapshot_match,0,1919,[],"[""two-handed_handjob""]","[""!섹스 / 섹스 / 핸드잡 / 손으로 자지를 양손으로 흔들다""]"
two-tone,not_in_snapshot,,,[],"[""two-tone""]","[""기본 / 배경 / 컬러 / 투 톤""]"
two-tone_hair,snapshot_match,0,402130,[],"[""two-tone hair""]","[""외모 / 머리카락 / 색깔 / 머리카락 색깔이 두 가지다""]"
two-tone_hairband,snapshot_match,0,4092,[],"[""two-tone_hairband""]","[""장신구 / 머리 장식 / 머리띠 / 투 톤 머리띠""]"
two_open_fingers,not_in_snapshot,,,[],"[""Two_open_fingers""]","[""동작 1 / 손가락 / 동작 / 손가락 두개를 올리다""]"
two_side_up,snapshot_match,0,249078,[],"[""two_side_up""]","[""외모 / 머리카락 / 스타일 / 투 사이드 업""]"
tying,snapshot_match,0,1149,[],"[""tying""]","[""행동 / 동사 / 동사 ㅁ / 누군가 매다 장식을 매다""]"
uchikake=(wedding_kimono),placeholder_review,,,[],"[""uchikake=(wedding_kimono)""]","[""의상 / 의상 / 복장 / 우치카케""]"
ufotable_inc.,not_in_snapshot,,,[],"[""ufotable_Inc.""]","[""작품 / 작품 / 제작 / ufotable""]"
ukiyo-e,snapshot_match,0,699,[],"[""ukiyo-e""]","[""기본 / 테마 / 미술 / 우키요에""]"
ukraine,snapshot_match,0,547,[],"[""Ukraine""]","[""기본 / 장소 / 국가 / 우크라이나""]"
ukrainians,not_in_snapshot,,,[],"[""Ukrainians""]","[""인물 / 인종 / 국가 / 우크라이나인""]"
ultear_milkovich,not_in_snapshot,,,[],"[""Ultear_Milkovich""]","[""작품 / 캐릭터 / 페어리테일 / 울티아 밀코비치""]"
unaligned_breasts,snapshot_match,0,6883,[],"[""unaligned_breasts""]","[""동작 1 / 가슴 / 동작 / 가슴을 출렁인다""]"
unbuttoned_shirt,snapshot_match,0,7615,[],"[""unbuttoned_shirt""]","[""의상 / 의상 / 특징 / 옷의 단추가 없다""]"
unbuttoned_white_shirt,not_in_snapshot,,,[],"[""unbuttoned_white_shirt""]","[""의상 / 상의 / 셔츠 / 버튼을 반만 푼 셔츠""]"
uncensored,snapshot_match,0,197583,[],"[""uncensored""]","[""!섹스 / 섹스 / 설정 / 검열하지 않다""]"
uncle,not_in_snapshot,,,[],"[""uncle""]","[""인물 / 인물 / 위치 / 삼촌""]"
uncle_and_nephew,snapshot_match,0,483,[],"[""uncle_and_nephew""]","[""인물 / 인물 / 관계 / 삼촌과 남자 조카""]"
uncle_and_niece,snapshot_match,0,1068,[],"[""uncle_and_niece""]","[""인물 / 인물 / 관계 / 삼촌과 여자 조카""]"
under-rim_eyewear,snapshot_match,0,39243,[],"[""under-rim_eyewear""]","[""장신구 / 얼굴 장식 / 안경 / 안경테가 위쪽만 있는 안경""]"
underboob,snapshot_match,0,128148,[],"[""underboob""]","[""의상 / 의상 / 특징 / 옷의 밑가슴을 노출하다""]"
underboob_cutout,snapshot_match,0,8412,[],"[""underboob_cutout""]","[""의상 / 의상 / 특징 / 옷의 밑가슴 사이를 노출하다""]"
undercut,snapshot_match,0,22741,[],"[""undercut""]","[""외모 / 머리카락 / 스타일 / 언더컷""]"
underwater_sex,snapshot_match,0,325,[],"[""underwater_sex""]","[""!섹스 / 섹스 / 상황 / 물에서 섹스한다""]"
underwear_only,snapshot_match,0,80552,[],"[""underwear_only""]","[""의상 / 의상 / 알몸 / 알몸 속옷""]"
undone_sarashi,snapshot_match,0,596,[],"[""Undone_sarashi""]","[""의상 / 의상 / 복장 / 풀린 사라시""]"
undressing,snapshot_match,0,68850,[],"[""undressing""]","[""동작 2 / 의상 / 행동 / 옷을 갈아 입는다"", ""행동 / 동사 / 동사 ㅇ / 누군가 옷을 벗고 있다""]"
uneven_eyes,snapshot_match,0,9816,[],"[""uneven_eyes""]","[""외모 / 눈 / 특징 / 눈의 초점이 어긋났다""]"
uneven_twintails,snapshot_match,0,1906,[],"[""uneven_twintails""]","[""외모 / 머리카락 / 스타일 / 험한 트윈테일""]"
unfair_face,not_in_snapshot,,,[],"[""unfair_face""]","[""동작 1 / 얼굴 / 표정 / 억울한 표정""]"
unfinished,snapshot_match,5,23523,[],"[""unfinished""]","[""기본 / 작화 / 화풍 / 러프""]"
unfortunate_face,not_in_snapshot,,,[],"[""unfortunate_face""]","[""동작 1 / 얼굴 / 표정 / 불행한 표정""]"
unsheathing,snapshot_match,0,8642,[],"[""unsheathing""]","[""행동 / 동명사 / 동명사 ㅂ / 무엇을 벗기다""]"
unstable_face,not_in_snapshot,,,[],"[""Unstable_face""]","[""동작 1 / 얼굴 / 표정 / 불안한 표정""]"
untied,snapshot_match,0,2658,[],"[""untied""]","[""동작 2 / 의상 / 행동 / 옷을 묶지 않았다""]"
untying,snapshot_match,0,2049,[],"[""untying""]","[""동작 2 / 의상 / 행동 / 옷을 풀린다"", ""행동 / 동사 / 동사 ㅁ / 누군가 매다 끈을 풀다""]"
unzipped,snapshot_match,0,19307,[],"[""unzipped""]","[""동작 2 / 의상 / 행동 / 옷의 지퍼를 풀다""]"
unzipping,snapshot_match,0,1975,[],"[""unzipping""]","[""동작 2 / 의상 / 행동 / 옷의 지퍼를 내리다"", ""행동 / 동사 / 동사 ㅈ / 누군가 지퍼를 풀고 있다""]"
upper_body,snapshot_match,0,1194402,[],"[""upper_body""]","[""기본 / 초점 / 강조 / 상체에 집중한다""]"
upright_straddle,snapshot_match,0,7875,[],"[""upright_straddle""]","[""!섹스 / 섹스 / 체위 / 좌위"", ""동작 1 / 몸 / 올리다 / 사람을 마주보며 올리다""]"
upset_face,not_in_snapshot,,,[],"[""Upset_face""]","[""동작 1 / 얼굴 / 표정 / 속상한 표정""]"
upside-down,snapshot_match,0,34796,[],"[""upside-down""]","[""기본 / 연출 / 컷 / 상하반전"", ""동작 1 / 몸 / 동작 / 상하반전""]"
upskirt,snapshot_match,0,39635,[],"[""upskirt""]","[""동작 2 / 하의 / 행동 / 치마를 위로 올라갔다""]"
urban_fantasy,not_in_snapshot,,,[],"[""Urban_Fantasy""]","[""기본 / 테마 / 장르 / 어반 판타지""]"
urethral_insertion,snapshot_match,0,1774,[],"[""urethral_insertion""]","[""!섹스 / 섹스 / 자지 / 자지를 요도에 삽입하다""]"
uruguay,not_in_snapshot,,,[],"[""Uruguay""]","[""기본 / 장소 / 국가 / 우르과이""]"
uruguayan_people,not_in_snapshot,,,[],"[""Uruguayan_people""]","[""인물 / 인종 / 국가 / 우루과이인""]"
used_condom,snapshot_match,0,20475,[],"[""used_condom""]","[""!섹스 / 섹스 / 콘돔 / 콘돔을 사용했다""]"
used_condom_on_penis,snapshot_match,0,1538,[],"[""used_condom_on_penis""]","[""!섹스 / 섹스 / 콘돔 / 콘돔을 자지에 끼우다""]"
ushiwakamaru,not_in_snapshot,,,[],"[""Ushiwakamaru""]","[""작품 / 캐릭터 / Fate/Grand order / 우시와카마루""]"
ushiwakamaru_(swimsuit_assassin),not_in_snapshot,,,[],"[""Ushiwakamaru_(Swimsuit_Assassin)""]","[""작품 / 캐릭터 / Fate/Grand order / 우시와카마루 수영복""]"
uta(one_piece),not_in_snapshot,,,[],"[""Uta(One_Piece)""]","[""작품 / 캐릭터 / 원피스 / 우타""]"
utsumi_erice,snapshot_match,4,1107,[],"[""Utsumi_Erice""]","[""작품 / 캐릭터 / Fate/Grand order / 우츠미 에리세""]"
utsumi_erice_(swimsuit_avenger),not_in_snapshot,,,[],"[""Utsumi_Erice_(Swimsuit_Avenger)""]","[""작품 / 캐릭터 / Fate/Grand order / 우츠미 에리세 수영복""]"
uwabaki,snapshot_match,0,10371,[],"[""uwabaki""]","[""의상 / 신발 / 신발 / 학교 실내화""]"
uwabami,not_in_snapshot,,,[],"[""Uwabami""]","[""작품 / 캐릭터 / 나의 히어로 아카데미아 / 우사바미""]"
v_over_eye,snapshot_match,0,10247,[],"[""v_over_eye""]","[""동작 1 / 손가락 / 동작 / 눈에 V 사인을 한다""]"
v_over_mouth,snapshot_match,0,2853,[],"[""v_over_mouth""]","[""동작 1 / 손가락 / 동작 / 입에 V 사인을 한다""]"
v_sign,alias_candidate_unverified,,,"[""v""]","[""v_sign""]","[""동작 1 / 손가락 / 동작 / V 사인을 한다""]"
vaginal_object_insertion,snapshot_match,0,17333,[],"[""vaginal_object_insertion""]","[""!섹스 / 섹스 / 보지 / 보지에 물건을 삽입했다""]"
valkyrie,snapshot_match,0,1405,[],"[""Valkyrie""]","[""작품 / 캐릭터 / Fate/Grand order / 발키리"", ""작품 / 캐릭터 / 마블 코믹스 / 발키리""]"
vampire,snapshot_match,0,20995,[],"[""Vampire""]","[""인물 / 종족 / 판타지 / 흡혈귀""]"
van_gogh,not_in_snapshot,,,[],"[""Van_Gogh""]","[""작품 / 캐릭터 / Fate/Grand order / 반 고흐""]"
vatican,not_in_snapshot,,,[],"[""Vatican""]","[""기본 / 장소 / 국가 / 바티칸""]"
vatican_people,not_in_snapshot,,,[],"[""Vatican_people""]","[""인물 / 인종 / 국가 / 바티칸인""]"
veil,snapshot_match,0,98567,[],"[""veil""]","[""장신구 / 머리 장식 / 장신구 / 베일""]"
veiny_breasts,snapshot_match,0,4886,[],"[""veiny_breasts""]","[""체형 / 가슴 / 특징 / 가슴이 풍선같다""]"
veiny_penis,snapshot_match,0,41549,[],"[""veiny_penis""]","[""!섹스 / 자지 / 특징 / 자기가 혈관이 솟았다""]"
veiny_testicles,snapshot_match,0,329,[],"[""veiny_testicles""]","[""!섹스 / 자지 / 특징 / 고환이 힘줄이 솟았다""]"
vertical-striped,not_in_snapshot,,,[],"[""vertical-striped""]","[""기본 / 배경 / 무늬 / 세로 줄무늬""]"
very_long_ears,snapshot_match,0,1128,[],"[""very_long_ears""]","[""외모 / 귀 / 모양 / 귀가 매우 길다""]"
very_long_hair,snapshot_match,0,1414117,[],"[""very_long_hair""]","[""외모 / 머리카락 / 모양 / 머리카락이 매우 길다""]"
very_short_ears,not_in_snapshot,,,[],"[""very_short_ears""]","[""외모 / 귀 / 모양 / 귀가 매우 짧다""]"
very_short_hair,snapshot_match,0,38214,[],"[""very_short_hair""]","[""외모 / 머리카락 / 모양 / 머리카락이 매우 짧다""]"
very_wide_shot,snapshot_match,0,2254,[],"[""very_wide_shot""]","[""기본 / 초점 / 강조 / 더 멀리서 몸에 집중한다""]"
verytall,not_in_snapshot,,,[],"[""verytall""]","[""체형 / 몸 / 길이 / 키가 매우 크다""]"
vest,snapshot_match,0,323636,[],"[""vest""]","[""의상 / 상의 / 겉옷 / 조끼""]"
vibrator,snapshot_match,0,31974,[],"[""vibrator""]","[""!섹스 / 도구 / 자위 / 바이브레이터""]"
vibrator_in_anus,snapshot_match,0,424,[],"[""vibrator_in_anus""]","[""!섹스 / 섹스 / 도구 / 바이브를 항문 안에 넣다""]"
vibrator_in_leg_garter,alias_candidate_unverified,,,"[""vibrator_in_thigh_strap""]","[""vibrator_in_leg_garter""]","[""!섹스 / 섹스 / 도구 / 바이브를 다리 밸트에 매달다""]"
vibrator_in_pussy,not_in_snapshot,,,[],"[""vibrator_in_pussy""]","[""!섹스 / 섹스 / 도구 / 바이브를 보지 안에 넣다""]"
vibrator_in_thigh_strap,snapshot_match,0,1480,[],"[""vibrator_in_thigh_strap""]","[""!섹스 / 섹스 / 도구 / 바이브를 허벅지 장식에 매달다""]"
vibrator_in_thighhighs,snapshot_match,0,2072,[],"[""vibrator_in_thighhighs""]","[""!섹스 / 섹스 / 도구 / 바이브를 허벅지에 매달다""]"
vibrator_on_clitoris,snapshot_match,0,235,[],"[""vibrator_on_clitoris""]","[""!섹스 / 섹스 / 보지 / 음핵을 진동시킨다""]"
vibrator_on_nipple,snapshot_match,0,1857,[],"[""vibrator_on_nipple""]","[""!섹스 / 섹스 / 도구 / 바이브를 젖꼭지에 매달다""]"
vibrator_under_clothes,snapshot_match,0,4878,[],"[""vibrator_under_clothes""]","[""!섹스 / 섹스 / 도구 / 바이브를 옷 안에 매달다""]"
vibrator_under_panties,snapshot_match,0,2364,[],"[""vibrator_under_panties""]","[""!섹스 / 섹스 / 도구 / 바이브를 팬티 아래에 매달다""]"
vibrator_under_pantyhose,snapshot_match,0,97,[],"[""vibrator_under_pantyhose""]","[""!섹스 / 섹스 / 도구 / 바이브를 팬티 스타킹 아래에 매달다""]"
victoria_maid,not_in_snapshot,,,[],"[""Victoria_Maid""]","[""인물 / 직업 / 메이드 / 빅토리아 메이드""]"
victoria_maid_costume,not_in_snapshot,,,[],"[""Victoria_Maid_costume""]","[""의상 / 의상 / 코스튬 / 빅토리아 메이드복""]"
video_game_cover,snapshot_match,0,895,[],"[""video_game_cover""]","[""기본 / 테마 / 표지 / 비디오 게임 표지""]"
vietnam,snapshot_match,0,204,[],"[""Vietnam""]","[""기본 / 장소 / 국가 / 베트남""]"
vietnamese_dress,alias_candidate_unverified,,,"[""ao_dai""]","[""vietnamese_dress""]","[""의상 / 의상 / 복장 / 베트남 드레스""]"
vietnamese_people,not_in_snapshot,,,[],"[""Vietnamese_people""]","[""인물 / 인종 / 국가 / 베트남인""]"
viktoriya_ivanovna_serebryakov,snapshot_match,4,208,[],"[""Viktoriya_Ivanovna_Serebryakov""]","[""작품 / 캐릭터 / 유녀전기 / 빅토리야 이바노프나 세레브랴코프""]"
village,snapshot_match,0,1237,[],"[""village""]","[""기본 / 장소 / 시설 / 마을""]"
villetta_nu,snapshot_match,4,470,[],"[""Villetta_Nu""]","[""작품 / 캐릭터 / 코드 기어스 / 비렛타 누""]"
viola(one_piece),not_in_snapshot,,,[],"[""Viola(One_Piece)""]","[""작품 / 캐릭터 / 원피스 / 비올라""]"
virgo,not_in_snapshot,,,[],"[""Virgo""]","[""작품 / 캐릭터 / 페어리테일 / 바르고""]"
visor_cap,snapshot_match,0,38899,[],"[""visor_cap""]","[""장신구 / 머리 장식 / 모자 / 바이저 캡""]"
volcano,snapshot_match,0,1284,[],"[""volcano""]","[""기본 / 장소 / 자연 / 화산""]"
volleyball_player,not_in_snapshot,,,[],"[""volleyball_player""]","[""인물 / 직업 / 운동 / 배구선수""]"
volleyball_uniform,snapshot_match,0,3500,[],"[""volleyball_uniform""]","[""의상 / 의상 / 운동복 / 배구복""]"
vomit,snapshot_match,0,786,[],"[""vomit""]","[""!섹스 / 섹스 / 설정 / 구토하다""]"
vomiting,snapshot_match,0,952,[],"[""vomiting""]","[""행동 / 동사 / 동사 ㄱ / 누군가 구토하다""]"
vomiting_cum,snapshot_match,0,278,[],"[""vomiting_cum""]","[""!섹스 / 섹스 / 사정 / 정액을 토하다""]"
voyeurism,snapshot_match,0,3075,[],"[""voyeurism""]","[""!섹스 / 섹스 / 설정 / 관음한다""]"
vritra,not_in_snapshot,,,[],"[""Vritra""]","[""작품 / 캐릭터 / Fate/Grand order / 브리트라""]"
vulcan_salute,snapshot_match,0,267,[],"[""vulcan_salute""]","[""동작 1 / 손가락 / 동작 / 검지와 중지, 약지와 새끼를 올린다""]"
w_sign,not_in_snapshot,,,[],"[""w_sign""]","[""동작 1 / 손가락 / 동작 / 더블 피스 사인을 한다""]"
wading,snapshot_match,0,55320,[],"[""wading""]","[""행동 / 동사 / 동사 ㅁ / 누군가 물을 넘어가다""]"
waist_hug,snapshot_match,0,713,[],"[""waist_hug""]","[""동작 1 / 몸 / 껴안다 / 허리를 껴안다""]"
waist_measuring,not_in_snapshot,,,[],"[""waist_measuring""]","[""동작 1 / 손 / 측정하다 / 손으로 허리를 측정하다""]"
waistcoat,snapshot_match,0,10512,[],"[""waistcoat""]","[""의상 / 상의 / 겉옷 / 양복 조끼""]"
waiter,snapshot_match,0,1800,[],"[""waiter""]","[""인물 / 직업 / 서비스 / 웨이터""]"
waiting,snapshot_match,0,553,[],"[""waiting""]","[""행동 / 동사 / 동사 ㄷ / 누군가 대기하다""]"
waitress,snapshot_match,0,17488,[],"[""waitress""]","[""인물 / 직업 / 서비스 / 웨이트리스""]"
waitress_clothes,not_in_snapshot,,,[],"[""waitress clothes""]","[""의상 / 의상 / 제복 / 여성 점원""]"
walking,snapshot_match,0,54643,[],"[""walking""]","[""동작 1 / 몸 / 동작 / 두 발로 걷다""]"
wallwalking,not_in_snapshot,,,[],"[""wallwalking""]","[""동작 1 / 몸 / 동작 / 손으로 벽을 타다""]"
waraji,snapshot_match,0,858,[],"[""waraji""]","[""의상 / 신발 / 샌들 / 와자지(일본 짚신)""]"
warehouse,snapshot_match,0,302,[],"[""warehouse""]","[""기본 / 장소 / 현장 / 창고""]"
wariza,snapshot_match,0,108992,[],"[""wariza""]","[""동작 1 / 몸 / 앉다 / 양쪽으로 앉다""]"
warrior,snapshot_match,0,1215,[],"[""warrior""]","[""인물 / 직업 / 판타지 / 전사""]"
wasteland,snapshot_match,0,233,[],"[""wasteland""]","[""기본 / 장소 / 자연 / 황무지""]"
water*_swirling_around_the_character,placeholder_review,,,[],"[""water*_swirling_around_the_character""]","[""기본 / 연출 / 효과 / 물이 휘몰아치는 효과""]"
watercolor,alias_candidate_unverified,,,"[""watercolor_(medium)""]","[""watercolor""]","[""기본 / 테마 / 도구 / 수채화""]"
watercolor_pencil,alias_candidate_unverified,,,"[""watercolor_pencil_(medium)""]","[""watercolor_pencil""]","[""기본 / 테마 / 도구 / 수채화 연필""]"
waterfall,snapshot_match,0,7718,[],"[""waterfall""]","[""기본 / 장소 / 자연 / 폭포""]"
watering,snapshot_match,0,707,[],"[""watering""]","[""행동 / 동사 / 동사 ㅁ / 누군가 물을 뿌리다""]"
waterpark,snapshot_match,0,334,[],"[""waterpark""]","[""기본 / 장소 / 운동 / 워터파크""]"
watson_cross,snapshot_match,0,5190,[],"[""watson_cross""]","[""동작 1 / 다리 / 자세 / 다리를 서서 꼬다""]"
wave*_effect,placeholder_review,,,[],"[""Wave*_effect""]","[""기본 / 연출 / 효과 / 파도 효과""]"
wave*_swirling_around_the_character,placeholder_review,,,[],"[""wave*_swirling_around_the_character""]","[""기본 / 연출 / 효과 / 파도가 휘몰아치는 효과""]"
waving,snapshot_match,0,40690,[],"[""waving""]","[""동작 1 / 손 / 동작 / 손을 흔들다"", ""동작 1 / 손가락 / 동작 / 손가락을 흔들다"", ""행동 / 동사 / 동사 ㅍ / 누군가 팔을 흔들다 인사하다""]"
waving_penis,not_in_snapshot,,,[],"[""waving_penis""]","[""!섹스 / 섹스 / 자지 / 자지를 흔들다""]"
wavy_hair,snapshot_match,0,149568,[],"[""wavy_hair""]","[""외모 / 머리카락 / 모양 / 머리카락이 구불댄다""]"
weapon_shop,not_in_snapshot,,,[],"[""weapon_shop""]","[""기본 / 장소 / 가게 / 무기상점""]"
webtoon,not_in_snapshot,,,[],"[""Webtoon""]","[""기본 / 작화 / 스타일 / 웹툰""]"
wedding_dress,snapshot_match,0,30732,[],"[""wedding_dress""]","[""의상 / 의상 / 드레스 / 웨딩 드레스""]"
wedge_heels,snapshot_match,0,1561,[],"[""wedge_heels""]","[""의상 / 신발 / 구두 / 웨지힐""]"
weighing_breasts,snapshot_match,0,72,[],"[""weighing_breasts""]","[""동작 1 / 가슴 / 동작 / 가슴을 무거워한다""]"
welding_mask,snapshot_match,0,475,[],"[""welding_mask""]","[""장신구 / 얼굴 장식 / 마스크 / 용접 마스크""]"
werewolf,snapshot_match,0,2612,[],"[""Werewolf""]","[""인물 / 종족 / 수인 / 늑대 인간""]"
wet,snapshot_match,0,195495,[],"[""wet""]","[""체형 / 몸 / 특징 / 몸이 젖었다""]"
wet_legwear,not_in_snapshot,,,[],"[""wet_legwear""]","[""동작 2 / 양말 / 행동 / 양말이 젖었다""]"
wheat_field,snapshot_match,0,1923,[],"[""wheat_field""]","[""기본 / 장소 / 현장 / 밀밭""]"
whipping,snapshot_match,0,377,[],"[""whipping""]","[""행동 / 동사 / 동사 ㅊ / 누구를 채찍찔하다""]"
whisking,snapshot_match,0,158,[],"[""whisking""]","[""행동 / 동명사 / 동명사 ㅎ / 무엇을 휘젓다""]"
whispering,snapshot_match,0,3357,[],"[""whispering""]","[""행동 / 동사 / 동사 ㄱ / 누군가 귓가에 속삭이다""]"
whistling,snapshot_match,0,862,[],"[""whistling""]","[""행동 / 동사 / 동사 ㅎ / 누군가 휘파람을 불다""]"
white,not_in_snapshot,,,[],"[""white""]","[""기본 / 배경 / 컬러 / 흰색""]"
white_eyes,snapshot_match,0,27991,[],"[""white_eyes""]","[""외모 / 눈 / 색깔 / 흰색 눈""]"
white_fox,not_in_snapshot,,,[],"[""White_Fox""]","[""작품 / 캐릭터 / 마블 코믹스 / 화이트 폭스""]"
white_fox_co.,not_in_snapshot,,,[],"[""White_Fox_Co.""]","[""작품 / 작품 / 제작 / WHITE FOX""]"
white_hair,snapshot_match,0,1043841,[],"[""white hair""]","[""외모 / 머리카락 / 색깔 / 흰색 머리카락""]"
white_hair_streak,not_in_snapshot,,,[],"[""white_hair_streak""]","[""외모 / 머리카락 / 스타일 / 흰색 브리지""]"
white_lips,snapshot_match,0,374,[],"[""white lips""]","[""외모 / 입 / 색깔 / 흰색 입술""]"
white_man,not_in_snapshot,,,[],"[""White_man""]","[""인물 / 인종 / 피부색 / 백인""]"
white_quarter,not_in_snapshot,,,[],"[""white_quarter""]","[""인물 / 인종 / 피부색 / 백인계 쿼터""]"
white_skin,snapshot_match,0,63725,[],"[""white_skin""]","[""체형 / 몸 / 특징 / 몸이 하얗다""]"
white_tongue,snapshot_match,0,102,[],"[""white tongue""]","[""외모 / 입 / 색깔 / 흰색 혀""]"
whole_closed_hand,not_in_snapshot,,,[],"[""Whole_closed_hand""]","[""동작 1 / 손 / 동작 / 손을 닫다""]"
whore,not_in_snapshot,,,[],"[""whore""]","[""인물 / 직업 / 성인 / 빗치""]"
wide_shot,snapshot_match,0,23841,[],"[""wide_shot""]","[""기본 / 초점 / 강조 / 멀리서 몸에 집중한다""]"
wide_space_kiss,not_in_snapshot,,,[],"[""Wide_Space_Kiss""]","[""동작 1 / 입 / 키스하다 / 입술 전체를 덮어 키스한다""]"
wild_boogged_nose,not_in_snapshot,,,[],"[""wild_boogged_nose""]","[""외모 / 코 / 모양 / 코가 들창코다""]"
wind*_effect,placeholder_review,,,[],"[""Wind*_effect""]","[""기본 / 연출 / 효과 / 바람 효과""]"
wind*_swirling_around_the_character,placeholder_review,,,[],"[""wind*_swirling_around_the_character""]","[""기본 / 연출 / 효과 / 바람이 휘몰아치는 효과""]"
wing_ears,snapshot_match,0,1134,[],"[""wing_ears""]","[""장신구 / 기타 / 날개 / 날개 달린 귀""]"
wing_hug,snapshot_match,0,268,[],"[""wing_hug""]","[""동작 1 / 몸 / 껴안다 / 날개로 껴안다""]"
wing_ribbon,snapshot_match,0,104,[],"[""wing_ribbon""]","[""장신구 / 기타 / 날개 / 날개 리본""]"
wingates_hellsing,not_in_snapshot,,,[],"[""Wingates_Hellsing""]","[""작품 / 캐릭터 / 헬싱 / 잉테그라 헬싱""]"
winged_bag,snapshot_match,0,1402,[],"[""Winged_bag""]","[""장신구 / 기타 / 날개 / 날개 달린 가방""]"
winged_footwear,not_in_snapshot,,,[],"[""Winged_footwear"", ""winged_footwear""]","[""의상 / 신발 / 신발 / 발꿈치에 날개 달린 신발"", ""장신구 / 기타 / 날개 / 날개 달린 신발""]"
winged_hairband,snapshot_match,0,241,[],"[""winged_hairband""]","[""장신구 / 머리 장식 / 머리띠 / 날개 달린""]"
winged_hat,snapshot_match,0,4462,[],"[""winged_hat""]","[""장신구 / 기타 / 날개 / 날개 달린 모자""]"
winged_helmet,snapshot_match,0,4751,[],"[""Winged_helmet"", ""winged_helmet""]","[""장신구 / 기타 / 날개 / 날개 달린 헬맷"", ""장신구 / 머리 장식 / 헬멧 / 날개 달린 헬맷""]"
wingle_wing,not_in_snapshot,,,[],"[""wingle_wing""]","[""체형 / 날개 / 모양 / 날개가 한쪽만 있다""]"
winry_rockbell,snapshot_match,4,1244,[],"[""Winry_Rockbell""]","[""작품 / 캐릭터 / 강철의 연금술사 / 윈리 록벨""]"
wit_studio,not_in_snapshot,,,[],"[""WIT STUDIO""]","[""작품 / 작품 / 제작 / WIT STUDIO""]"
witch,snapshot_match,0,24762,[],"[""witch""]","[""인물 / 직업 / 판타지 / 마녀""]"
witch_hat,snapshot_match,0,136287,[],"[""witch_hat""]","[""장신구 / 머리 장식 / 모자 / 마녀 모자""]"
with_가터벨트_panty_&_stocking_with_garterbelt,not_in_snapshot,,,[],"[""with_가터벨트_Panty_&_Stocking_with_Garterbelt""]","[""작품 / 작품 / 목록 / 팬티&스타킹""]"
withdistaste_face,not_in_snapshot,,,[],"[""Withdistaste_face""]","[""동작 1 / 얼굴 / 표정 / 억지 부리는 표정""]"
wizard,snapshot_match,0,1621,[],"[""wizard""]","[""인물 / 직업 / 판타지 / 마법사""]"
wizard_hat,snapshot_match,0,7484,[],"[""wizard_hat""]","[""장신구 / 머리 장식 / 모자 / 마법사 모자""]"
wolf,snapshot_match,0,10788,[],"[""wolf""]","[""인물 / 종족 / 동물 / 늑대""]"
wolf_costume,snapshot_match,0,1721,[],"[""wolf_costume""]","[""의상 / 의상 / 코스튬 / 늑대 코스튬""]"
wolf_ears,snapshot_match,0,115980,[],"[""wolf_ears""]","[""외모 / 귀 / 모양 / 늑대 귀""]"
wolf_furry,not_in_snapshot,,,[],"[""wolf_furry""]","[""인물 / 종족 / 퍼리 / 늑대 수인""]"
wolf_tail,snapshot_match,0,61725,[],"[""wolf_tail""]","[""체형 / 꼬리 / 종류 / 늑대 꼬리""]"
wonder_girl,not_in_snapshot,,,[],"[""Wonder_Girl""]","[""작품 / 캐릭터 / DC 코믹스 / 원더걸""]"
wonder_woman,snapshot_match,4,1098,[],"[""Wonder_Woman""]","[""작품 / 캐릭터 / DC 코믹스 / 원더우먼""]"
wooden_bridge,snapshot_match,0,633,[],"[""wooden_bridge""]","[""기본 / 장소 / 이동 / 나무 다리""]"
working,snapshot_match,0,408,[],"[""working""]","[""행동 / 동사 / 동사 ㅇ / 누군가 일하고 있다""]"
workshop,snapshot_match,0,186,[],"[""workshop""]","[""기본 / 장소 / 현장 / 작업장""]"
worried_face,not_in_snapshot,,,[],"[""worried_face""]","[""동작 1 / 얼굴 / 표정 / 걱정한 표정""]"
wrap_skirt,snapshot_match,0,77,[],"[""wrap_skirt""]","[""의상 / 하의 / 치마 / 랩 스커트""]"
wrestler_kiss,not_in_snapshot,,,[],"[""Wrestler_Kiss""]","[""동작 1 / 입 / 키스하다 / 혀를 비비며 키스한다""]"
wrestling_mask,snapshot_match,0,762,[],"[""wrestling_mask""]","[""장신구 / 얼굴 장식 / 가면 / 레슬링""]"
wringing,snapshot_match,0,142,[],"[""wringing""]","[""행동 / 동사 / 동사 ㅇ / 누군가 옷을 짜내다""]"
wringing_clothes,snapshot_match,0,1544,[],"[""wringing_clothes""]","[""동작 2 / 의상 / 행동 / 옷의 물을 짜다""]"
wu_zetian,not_in_snapshot,,,[],"[""Wu_Zetian""]","[""작품 / 캐릭터 / Fate/Grand order / 무측천""]"
wu_zetian_(swimsuit_caster),not_in_snapshot,,,[],"[""Wu_Zetian_(Swimsuit_Caster)""]","[""작품 / 캐릭터 / Fate/Grand order / 무측천 수영복""]"
x_mysterious_heroine_x,not_in_snapshot,,,[],"[""X_Mysterious_Heroine_X""]","[""작품 / 캐릭터 / Fate/Grand order / 수수께끼의 히로인""]"
xebec,not_in_snapshot,,,[],"[""Xebec""]","[""작품 / 작품 / 제작 / XEBEC""]"
xenovia_kwaruta,not_in_snapshot,,,[],"[""Xenovia_Kwaruta""]","[""작품 / 캐릭터 / 하이스쿨 dxd / 제노비아 쿠아르타""]"
xmysterious_heroine_x_(alter),not_in_snapshot,,,[],"[""XMysterious_Heroine_X_(Alter)""]","[""작품 / 캐릭터 / Fate/Grand order / 수수께끼의 히로인 얼터""]"
xmysterious_idol_x_(alter),not_in_snapshot,,,[],"[""XMysterious_Idol_X_(Alter)""]","[""작품 / 캐릭터 / Fate/Grand order / 수수께끼의 아이돌 얼터""]"
xuanzang_sanzang,not_in_snapshot,,,[],"[""Xuanzang_Sanzang""]","[""작품 / 캐릭터 / Fate/Grand order / 현장 삼장""]"
xx_mysterious_heroine_xx,not_in_snapshot,,,[],"[""XX_Mysterious_Heroine_XX""]","[""작품 / 캐릭터 / Fate/Grand order / 수수께끼의 히로인""]"
yagyuu_kyuubei,snapshot_match,4,168,[],"[""Yagyuu_Kyuubei""]","[""작품 / 캐릭터 / 은혼 / 야큐 큐베""]"
yamakasa,alias_candidate_unverified,,,"[""mizu_happi""]","[""yamakasa""]","[""의상 / 의상 / 복장 / 야마카사""]"
yamraiha,not_in_snapshot,,,[],"[""Yamraiha""]","[""작품 / 캐릭터 / 마기 / 야무라이히""]"
yandere,snapshot_match,0,9562,[],"[""Yandere""]","[""인물 / 특징 / 데레 / 얀데레""]"
yang_guifei,not_in_snapshot,,,[],"[""Yang_Guifei""]","[""작품 / 캐릭터 / Fate/Grand order / 양귀비""]"
"yaoyorozu_co.,ltd.",not_in_snapshot,,,[],"[""YAOYOROZU_CO.,LTD.""]","[""작품 / 작품 / 제작 / 야오요로즈""]"
yellow,not_in_snapshot,,,[],"[""yellow""]","[""기본 / 배경 / 컬러 / 노란색""]"
yellow_eyes,snapshot_match,0,1022346,[],"[""yellow_eyes""]","[""외모 / 눈 / 색깔 / 노란색 눈""]"
yellow_hair,alias_candidate_unverified,,,"[""blonde_hair""]","[""yellow hair""]","[""외모 / 머리카락 / 색깔 / 노란색 머리카락""]"
yellow_hair_streak,not_in_snapshot,,,[],"[""yellow_hair_streak""]","[""외모 / 머리카락 / 스타일 / 노란색 브리지""]"
yellow_lips,snapshot_match,0,787,[],"[""yellow lips""]","[""외모 / 입 / 색깔 / 노란색 입술""]"
yellow_man,not_in_snapshot,,,[],"[""yellow_man""]","[""인물 / 인종 / 피부색 / 황인""]"
yellow_tongue,snapshot_match,0,659,[],"[""yellow tongue""]","[""외모 / 입 / 색깔 / 노란색 혀""]"
yin_yang_earrings,snapshot_match,0,195,[],"[""Yin_yang_earrings""]","[""장신구 / 귀 장식 / 귀걸이 / 음양사 귀걸이""]"
ymi,not_in_snapshot,,,[],"[""Ymi""]","[""작품 / 캐릭터 / 진격의 거인 / 유미르""]"
yoko_littner,snapshot_match,4,5440,[],"[""Yoko_Littner""]","[""작품 / 캐릭터 / 천원돌파 그렌라간 / 요코 리트나""]"
yokozuwari,snapshot_match,0,26142,[],"[""yokozuwari""]","[""동작 1 / 몸 / 앉다 / 한쪽으로 앉다""]"
yor_forger,alias_candidate_unverified,,,"[""yor_briar""]","[""Yor_Forger""]","[""작품 / 캐릭터 / 스파이 패밀리 / 요르 포저""]"
yoruichi_shihōin,not_in_snapshot,,,[],"[""Yoruichi_Shihōin""]","[""작품 / 캐릭터 / 블리치 / 시호인 요루이치""]"
youjo_senki,snapshot_match,3,1505,[],"[""Youjo_Senki""]","[""작품 / 작품 / 목록 / 유녀전기""]"
younger_brother,not_in_snapshot,,,[],"[""Younger_brother""]","[""인물 / 인물 / 위치 / 남동생""]"
younger_sister,not_in_snapshot,,,[],"[""Younger_Sister""]","[""인물 / 인물 / 위치 / 여동생""]"
yozora_mikazuki,not_in_snapshot,,,[],"[""Yozora_Mikazuki""]","[""작품 / 캐릭터 / 나는 친구가 적다 / 미카츠키 요조라 ""]"
yu_gi_oh,not_in_snapshot,,,[],"[""Yu_Gi_Oh""]","[""작품 / 작품 / 목록 / 유희왕 시리즈""]"
yugito_nii,not_in_snapshot,,,[],"[""Yugito_Nii""]","[""작품 / 캐릭터 / 나루토 / 니이 유기토""]"
yui_kurata,not_in_snapshot,,,[],"[""Yui_Kurata""]","[""작품 / 캐릭터 / 트리니티 세븐 / 쿠라타 유이""]"
yukata,snapshot_match,0,32203,[],"[""yukata""]","[""의상 / 의상 / 복장 / 유카타""]"
yukata_lift,snapshot_match,0,101,[],"[""yukata_lift""]","[""동작 2 / 의상 / 행동 / 유카타를 위로 올리다""]"
yuki_nonaka,not_in_snapshot,,,[],"[""Yuki_Nonaka""]","[""작품 / 캐릭터 / 새여동생 마왕의 계약자 / 노나카 유키""]"
yukimura_kusunoki,not_in_snapshot,,,[],"[""Yukimura_Kusunoki""]","[""작품 / 캐릭터 / 나는 친구가 적다 / 쿠스노키 유키무라 ""]"
yukino_agria,not_in_snapshot,,,[],"[""Yukino_Agria""]","[""작품 / 캐릭터 / 페어리테일 / 유키노 아그리아""]"
yumie_takagi,not_in_snapshot,,,[],"[""Yumie_Takagi""]","[""작품 / 캐릭터 / 헬싱 / 타카기 유미에""]"
yuno_gasai,not_in_snapshot,,,[],"[""Yuno_Gasai""]","[""작품 / 캐릭터 / 미래일기 / 가사이 유노""]"
yuri_alpha,snapshot_match,4,76,[],"[""Yuri_Alpha""]","[""작품 / 캐릭터 / 오버로드 / 유리 알파""]"
yuri_egin,not_in_snapshot,,,[],"[""Yuri_Egin""]","[""작품 / 캐릭터 / 청의 엑소시스트 / 유리 에긴""]"
yuuhi_kurenai,snapshot_match,4,247,[],"[""Yuuhi_Kurenai""]","[""작품 / 캐릭터 / 나루토 / 유우히 쿠레나이""]"
yuuki_asuna,alias_candidate_unverified,,,"[""asuna_(sao)""]","[""Yuuki_Asuna""]","[""작품 / 캐릭터 / 소드 아트 온라인 / 유우키 아스나""]"
yuuma_tokoyogi,not_in_snapshot,,,[],"[""Yuuma_Tokoyogi""]","[""작품 / 캐릭터 / 스트라이크 더 블러드 / 토코요기 유마""]"
yūki_yoshino,not_in_snapshot,,,[],"[""Yūki_Yoshino""]","[""작품 / 캐릭터 / 식극의 소마 / 요시노 유키 ""]"
zatanna,not_in_snapshot,,,[],"[""Zatanna""]","[""작품 / 캐릭터 / DC 코믹스 / 자타나""]"
zenobia,not_in_snapshot,,,[],"[""Zenobia""]","[""작품 / 캐릭터 / Fate/Grand order / 제노비아""]"
zero_no_tsukaima,snapshot_match,3,3714,[],"[""Zero_no_Tsukaima""]","[""작품 / 작품 / 목록 / 제로의 사역마""]"
zero_two,not_in_snapshot,,,[],"[""Zero_Two""]","[""작품 / 캐릭터 / 달링 인 더 프랑키스 / 제로투""]"
zest,snapshot_match,4,85,[],"[""Zest""]","[""작품 / 캐릭터 / 새여동생 마왕의 계약자 / 제스트""]"
zettai_ryouiki,snapshot_match,0,170567,[],"[""zettai_ryouiki""]","[""의상 / 의상 / 특징 / 옷의 허벅지를 노출하다""]"
zipper_legwear,snapshot_match,0,56,[],"[""zipper_legwear""]","[""의상 / 속옷 / 양말 / 지퍼 달린 양말""]"
zipping,snapshot_match,0,358,[],"[""zipping""]","[""행동 / 동사 / 동사 ㅈ / 누군가 지퍼를 위로 당기다""]"
zoo,snapshot_match,0,332,[],"[""zoo""]","[""기본 / 장소 / 유흥 / 동물원""]"
zouri,snapshot_match,0,14568,[],"[""zouri""]","[""의상 / 신발 / 샌들 / 조리(일본 샌들)""]"
zuzu_boyle,alias_candidate_unverified,,,"[""hiiragi_yuzu""]","[""Zuzu_Boyle""]","[""작품 / 캐릭터 / 유희왕 시리즈 / 미즈키 코토리""]"
히나미_hinami_fueguchi,not_in_snapshot,,,[],"[""히나미_Hinami_Fueguchi""]","[""작품 / 캐릭터 / 도쿄 구울 / 후에구치""]"
히나비_hanabi_hyuuga,not_in_snapshot,,,[],"[""히나비_Hanabi_Hyuuga""]","[""작품 / 캐릭터 / 나루토 / 휴우카""]"
히나타_hinata_hyuuga,not_in_snapshot,,,[],"[""히나타_Hinata_Hyuuga""]","[""작품 / 캐릭터 / 나루토 / 휴우가""]"
히류테_tiona_hiryute,not_in_snapshot,,,[],"[""히류테_Tiona_Hiryute""]","[""작품 / 캐릭터 / 던전에서 만남을 추구하면 안 되는 걸까? / 티오나""]"
히류테_tione_hiryute,not_in_snapshot,,,[],"[""히류테_Tione_Hiryute""]","[""작품 / 캐릭터 / 던전에서 만남을 추구하면 안 되는 걸까? / 티오네""]"
히미코_himiko_toga,not_in_snapshot,,,[],"[""히미코_Himiko_Toga""]","[""작품 / 캐릭터 / 나의 히어로 아카데미아 / 토가""]"
히미코_himiko_yumeno,not_in_snapshot,,,[],"[""히미코_Himiko_Yumeno""]","[""작품 / 캐릭터 / 단간론파 / 유메노""]"
히요리_kozuki_hiyori,not_in_snapshot,,,[],"[""히요리_Kozuki_Hiyori""]","[""작품 / 캐릭터 / 원피스 / 코즈키""]"
히지리_hijiri_kasuga,not_in_snapshot,,,[],"[""히지리_Hijiri_Kasuga""]","[""작품 / 캐릭터 / 트리니티 세븐 / 카스가""]"
